month_id,Total_Accidents,Own_Damage_Accidents,Third_Party_Accidents,Total_Loss_Cases,Mean_Own_Damage_Severity,Mean_Third_Party_Severity,Total_Own_Damage_Amount,Total_Third_Party_Amount,Total_Payout_Amount,source_row_number,source_sha256,critical_checks_pass
M0001,96,66,39,3,29974.815404240762,137848.73082542853,1978337.8166798903,5376100.502191713,7354438.318871603,1,51f3c6760f42acbe76dda42ed2ccfac04f744e32c97d93a446ea51b9438ecc8f,True
M0002,107,79,46,13,69796.19233316227,213982.7535039964,5513899.194319819,9843206.661183834,15357105.855503652,2,51f3c6760f42acbe76dda42ed2ccfac04f744e32c97d93a446ea51b9438ecc8f,True
M0003,88,68,31,4,28156.332029783065,72568.73420382084,1914630.5780252484,2249630.760318446,4164261.3383436943,3,51f3c6760f42acbe76dda42ed2ccfac04f744e32c97d93a446ea51b9438ecc8f,True
M0004,103,73,40,3,17059.205352853987,65010.6590592534,1245321.990758341,2600426.3623701357,3845748.353128477,4,51f3c6760f42acbe76dda42ed2ccfac04f744e32c97d93a446ea51b9438ecc8f,True
M0005,111,81,40,4,9350.262477389024,85884.5844587178,757371.2606685109,3435383.378348712,4192754.639017223,5,51f3c6760f42acbe76dda42ed2ccfac04f744e32c97d93a446ea51b9438ecc8f,True
M0006,90,65,31,4,12773.906538380741,58629.298562558295,830303.9249947482,1817508.255439307,2647812.180434055,6,51f3c6760f42acbe76dda42ed2ccfac04f744e32c97d93a446ea51b9438ecc8f,True
M0007,94,66,31,3,28906.558727578962,65623.20686146013,1907832.8760202115,2034319.412705264,3942152.288725476,7,51f3c6760f42acbe76dda42ed2ccfac04f744e32c97d93a446ea51b9438ecc8f,True
M0008,98,68,33,7,41934.77928246463,134763.07277115193,2851564.991207595,4447181.401448013,7298746.392655608,8,51f3c6760f42acbe76dda42ed2ccfac04f744e32c97d93a446ea51b9438ecc8f,True
M0009,103,72,42,1,25758.49371812033,173873.6641966599,1854611.5477046638,7302693.896259716,9157305.443964379,9,51f3c6760f42acbe76dda42ed2ccfac04f744e32c97d93a446ea51b9438ecc8f,True
M0010,94,65,40,9,35594.0003742232,142496.89899706433,2313610.024324508,5699875.959882573,8013485.984207081,10,51f3c6760f42acbe76dda42ed2ccfac04f744e32c97d93a446ea51b9438ecc8f,True
M0011,99,71,41,9,33678.2311075168,56474.57380187071,2391154.408633693,2315457.525876699,4706611.934510392,11,51f3c6760f42acbe76dda42ed2ccfac04f744e32c97d93a446ea51b9438ecc8f,True
M0012,90,60,36,11,29849.41840858833,55581.676643543775,1790965.1045153,2000940.3591675758,3791905.463682876,12,51f3c6760f42acbe76dda42ed2ccfac04f744e32c97d93a446ea51b9438ecc8f,True
M0013,103,69,36,4,14837.541603300298,57590.67351005259,1023790.3706277206,2073264.2463618934,3097054.616989614,13,51f3c6760f42acbe76dda42ed2ccfac04f744e32c97d93a446ea51b9438ecc8f,True
M0014,103,72,43,2,24449.232582340508,63110.55378051775,1760344.7459285166,2713753.812562263,4474098.558490779,14,51f3c6760f42acbe76dda42ed2ccfac04f744e32c97d93a446ea51b9438ecc8f,True
M0015,94,66,45,7,13239.675467476918,58141.03487222547,873818.5808534767,2616346.5692501464,3490165.150103623,15,51f3c6760f42acbe76dda42ed2ccfac04f744e32c97d93a446ea51b9438ecc8f,True
M0016,105,71,41,12,22258.013315663065,60311.3893142634,1580318.9454120777,2472766.9618847994,4053085.9072968774,16,51f3c6760f42acbe76dda42ed2ccfac04f744e32c97d93a446ea51b9438ecc8f,True
M0017,86,64,33,4,26863.348269074108,73679.72461809037,1719254.2892207429,2431430.9123969823,4150685.201617725,17,51f3c6760f42acbe76dda42ed2ccfac04f744e32c97d93a446ea51b9438ecc8f,True
M0018,92,65,36,8,60311.02998219585,88863.48498810027,3920216.94884273,3199085.4595716097,7119302.40841434,18,51f3c6760f42acbe76dda42ed2ccfac04f744e32c97d93a446ea51b9438ecc8f,True
M0019,94,71,41,2,10038.277505997501,85121.24387581676,712717.7029258226,3489970.998908487,4202688.70183431,19,51f3c6760f42acbe76dda42ed2ccfac04f744e32c97d93a446ea51b9438ecc8f,True
M0020,101,61,30,3,29404.54633435953,98075.57777411498,1793677.3263959312,2942267.3332234495,4735944.659619381,20,51f3c6760f42acbe76dda42ed2ccfac04f744e32c97d93a446ea51b9438ecc8f,True
M0021,103,69,42,3,53569.86425910345,50658.573661007824,3696320.633878138,2127660.0937623284,5823980.727640467,21,51f3c6760f42acbe76dda42ed2ccfac04f744e32c97d93a446ea51b9438ecc8f,True
M0022,84,57,37,2,34728.24665732413,50987.84472870312,1979510.0594674756,1886550.2549620157,3866060.3144294913,22,51f3c6760f42acbe76dda42ed2ccfac04f744e32c97d93a446ea51b9438ecc8f,True
M0023,76,52,27,6,36307.05179441491,93233.63201108226,1887966.6933095753,2517308.064299221,4405274.7576087965,23,51f3c6760f42acbe76dda42ed2ccfac04f744e32c97d93a446ea51b9438ecc8f,True
M0024,97,70,39,5,31338.947783766613,67806.6947990347,2193726.344863663,2644461.0971623533,4838187.442026016,24,51f3c6760f42acbe76dda42ed2ccfac04f744e32c97d93a446ea51b9438ecc8f,True
M0025,111,80,41,5,48002.13143813245,70615.97217567383,3840170.5150505956,2895254.859202627,6735425.374253223,25,51f3c6760f42acbe76dda42ed2ccfac04f744e32c97d93a446ea51b9438ecc8f,True
M0026,93,67,37,4,11470.26253993972,51092.15756585167,768507.5901759613,1890409.8299365116,2658917.420112473,26,51f3c6760f42acbe76dda42ed2ccfac04f744e32c97d93a446ea51b9438ecc8f,True
M0027,87,59,38,6,9589.691519023678,56257.53282531777,565791.7996223969,2137786.2473620754,2703578.0469844723,27,51f3c6760f42acbe76dda42ed2ccfac04f744e32c97d93a446ea51b9438ecc8f,True
M0028,108,79,44,3,21942.913428123222,75102.89608789017,1733490.1608217345,3304527.4278671676,5038017.588688903,28,51f3c6760f42acbe76dda42ed2ccfac04f744e32c97d93a446ea51b9438ecc8f,True
M0029,106,75,46,1,6022.7710388822525,109523.31996407683,451707.82791616896,5038072.718347535,5489780.546263703,29,51f3c6760f42acbe76dda42ed2ccfac04f744e32c97d93a446ea51b9438ecc8f,True
M0030,108,79,44,3,46091.66834034906,135301.93928823614,3641241.798887576,5953285.32868239,9594527.127569966,30,51f3c6760f42acbe76dda42ed2ccfac04f744e32c97d93a446ea51b9438ecc8f,True
M0031,96,59,34,3,45817.85390055831,65997.54967364816,2703253.38013294,2243916.6889040372,4947170.069036977,31,51f3c6760f42acbe76dda42ed2ccfac04f744e32c97d93a446ea51b9438ecc8f,True
M0032,113,72,50,3,16983.365889845994,68540.39467585468,1222802.3440689116,3427019.733792734,4649822.077861645,32,51f3c6760f42acbe76dda42ed2ccfac04f744e32c97d93a446ea51b9438ecc8f,True
M0033,95,75,36,7,17633.180150153472,102313.99698637302,1322488.5112615104,3683303.8915094286,5005792.402770939,33,51f3c6760f42acbe76dda42ed2ccfac04f744e32c97d93a446ea51b9438ecc8f,True
M0034,94,67,38,3,21090.785436526927,68072.5652055179,1413082.6242473042,2586757.47780968,3999840.1020569843,34,51f3c6760f42acbe76dda42ed2ccfac04f744e32c97d93a446ea51b9438ecc8f,True
M0035,107,72,42,1,22724.806184257646,66886.77801768655,1636186.0452665505,2809244.676742835,4445430.722009385,35,51f3c6760f42acbe76dda42ed2ccfac04f744e32c97d93a446ea51b9438ecc8f,True
M0036,114,75,37,4,23772.96647101945,128243.18704496596,1782972.4853264587,4744997.9206637405,6527970.405990199,36,51f3c6760f42acbe76dda42ed2ccfac04f744e32c97d93a446ea51b9438ecc8f,True
M0037,86,63,39,7,30789.81597513768,93331.15499486343,1939758.4064336738,3639915.044799674,5579673.451233348,37,51f3c6760f42acbe76dda42ed2ccfac04f744e32c97d93a446ea51b9438ecc8f,True
M0038,108,84,38,5,19859.23045174146,130464.37992177004,1668175.3579462827,4957646.437027262,6625821.794973545,38,51f3c6760f42acbe76dda42ed2ccfac04f744e32c97d93a446ea51b9438ecc8f,True
M0039,108,78,42,2,38789.93101796812,55174.98120509642,3025614.619401513,2317349.2106140493,5342963.8300155625,39,51f3c6760f42acbe76dda42ed2ccfac04f744e32c97d93a446ea51b9438ecc8f,True
M0040,101,77,26,4,28783.818951652207,67307.63213163147,2216354.05927722,1749998.4354224182,3966352.4946996383,40,51f3c6760f42acbe76dda42ed2ccfac04f744e32c97d93a446ea51b9438ecc8f,True
M0041,94,68,37,5,15303.271873759026,104719.37522669841,1040622.4874156137,3874616.8833878413,4915239.370803455,41,51f3c6760f42acbe76dda42ed2ccfac04f744e32c97d93a446ea51b9438ecc8f,True
M0042,116,83,43,1,49073.1637233229,52412.899903411046,4073072.5890358007,2253754.695846675,6326827.284882476,42,51f3c6760f42acbe76dda42ed2ccfac04f744e32c97d93a446ea51b9438ecc8f,True
M0043,97,67,37,4,9750.22663489648,94185.14350045091,653265.1845380642,3484850.3095166837,4138115.4940547477,43,51f3c6760f42acbe76dda42ed2ccfac04f744e32c97d93a446ea51b9438ecc8f,True
M0044,91,63,39,3,20841.48006016821,54209.515074267845,1313013.2437905972,2114171.0878964458,3427184.331687043,44,51f3c6760f42acbe76dda42ed2ccfac04f744e32c97d93a446ea51b9438ecc8f,True
M0045,94,63,27,7,39346.033200525635,96773.62140247205,2478800.091633115,2612887.7778667454,5091687.86949986,45,51f3c6760f42acbe76dda42ed2ccfac04f744e32c97d93a446ea51b9438ecc8f,True
M0046,118,93,43,5,14273.445573232482,73019.31153409096,1327430.4383106208,3139830.395965911,4467260.834276532,46,51f3c6760f42acbe76dda42ed2ccfac04f744e32c97d93a446ea51b9438ecc8f,True
M0047,104,69,38,5,26522.093671168288,54484.30284850837,1830024.463310612,2070403.5082433182,3900427.97155393,47,51f3c6760f42acbe76dda42ed2ccfac04f744e32c97d93a446ea51b9438ecc8f,True
M0048,110,74,47,3,30515.91891876946,64619.3443947498,2258177.99998894,3037109.1865532408,5295287.186542181,48,51f3c6760f42acbe76dda42ed2ccfac04f744e32c97d93a446ea51b9438ecc8f,True
M0049,115,76,48,7,13143.540224272792,79058.27938479197,998909.0570447323,3794797.4104700144,4793706.467514747,49,51f3c6760f42acbe76dda42ed2ccfac04f744e32c97d93a446ea51b9438ecc8f,True
M0050,94,58,37,7,21089.137326359352,74732.19963177318,1223169.9649288424,2765091.386375608,3988261.35130445,50,51f3c6760f42acbe76dda42ed2ccfac04f744e32c97d93a446ea51b9438ecc8f,True
M0051,91,63,34,5,20052.271174876747,62486.056158197025,1263293.084017235,2124525.909378699,3387818.993395934,51,51f3c6760f42acbe76dda42ed2ccfac04f744e32c97d93a446ea51b9438ecc8f,True
M0052,110,75,43,5,15818.845934795903,125277.48415802034,1186413.4451096926,5386931.8187948745,6573345.263904567,52,51f3c6760f42acbe76dda42ed2ccfac04f744e32c97d93a446ea51b9438ecc8f,True
M0053,98,74,45,0,87641.06198598014,67020.41836563623,6485438.58696253,3015918.8264536303,9501357.41341616,53,51f3c6760f42acbe76dda42ed2ccfac04f744e32c97d93a446ea51b9438ecc8f,True
M0054,86,61,30,2,13934.68295471895,66287.64129381132,850015.660237856,1988629.2388143395,2838644.8990521953,54,51f3c6760f42acbe76dda42ed2ccfac04f744e32c97d93a446ea51b9438ecc8f,True
M0055,121,84,52,4,40253.73914082774,51302.116727880144,3381314.0878295302,2667710.0698497677,6049024.157679298,55,51f3c6760f42acbe76dda42ed2ccfac04f744e32c97d93a446ea51b9438ecc8f,True
M0056,100,72,37,9,17401.63401795503,138803.52539737936,1252917.6492927624,5135730.439703036,6388648.0889957985,56,51f3c6760f42acbe76dda42ed2ccfac04f744e32c97d93a446ea51b9438ecc8f,True
M0057,96,67,34,7,11476.0586375473,54054.85132256832,768895.9287156691,1837864.944967323,2606760.873682992,57,51f3c6760f42acbe76dda42ed2ccfac04f744e32c97d93a446ea51b9438ecc8f,True
M0058,127,92,46,1,23428.03229981622,67533.63314395423,2155378.971583092,3106547.124621894,5261926.096204987,58,51f3c6760f42acbe76dda42ed2ccfac04f744e32c97d93a446ea51b9438ecc8f,True
M0059,100,62,37,6,32514.97497416513,95870.44791314303,2015928.448398238,3547206.572786292,5563135.02118453,59,51f3c6760f42acbe76dda42ed2ccfac04f744e32c97d93a446ea51b9438ecc8f,True
M0060,93,65,31,3,38265.56731326584,55096.305647237175,2487261.87536228,1707985.4750643524,4195247.350426632,60,51f3c6760f42acbe76dda42ed2ccfac04f744e32c97d93a446ea51b9438ecc8f,True
M0061,103,86,42,11,56238.62438127769,67478.07733328457,4836521.696789881,2834079.247997952,7670600.944787834,61,51f3c6760f42acbe76dda42ed2ccfac04f744e32c97d93a446ea51b9438ecc8f,True
M0062,78,51,41,2,128945.84306092457,55821.46008429755,6576237.996107153,2288679.8634561994,8864917.859563353,62,51f3c6760f42acbe76dda42ed2ccfac04f744e32c97d93a446ea51b9438ecc8f,True
M0063,116,82,45,3,25598.998849290758,88443.2880329887,2099117.905641842,3979947.9614844914,6079065.8671263335,63,51f3c6760f42acbe76dda42ed2ccfac04f744e32c97d93a446ea51b9438ecc8f,True
M0064,88,55,28,5,14796.481510399644,69712.6184094393,813806.4830719804,1951953.3154643003,2765759.7985362806,64,51f3c6760f42acbe76dda42ed2ccfac04f744e32c97d93a446ea51b9438ecc8f,True
M0065,105,75,34,3,28903.69140084976,108541.51736910614,2167776.855063732,3690411.5905496087,5858188.4456133405,65,51f3c6760f42acbe76dda42ed2ccfac04f744e32c97d93a446ea51b9438ecc8f,True
M0066,92,55,29,5,18774.826390701437,122960.19836206427,1032615.451488579,3565845.752499864,4598461.203988443,66,51f3c6760f42acbe76dda42ed2ccfac04f744e32c97d93a446ea51b9438ecc8f,True
M0067,96,67,40,5,38391.05151329457,75982.80154198802,2572200.4513907363,3039312.061679521,5611512.513070257,67,51f3c6760f42acbe76dda42ed2ccfac04f744e32c97d93a446ea51b9438ecc8f,True
M0068,104,68,37,2,10114.25832032683,83846.36771464116,687769.5657822244,3102315.605441723,3790085.1712239473,68,51f3c6760f42acbe76dda42ed2ccfac04f744e32c97d93a446ea51b9438ecc8f,True
M0069,84,62,44,6,91217.37975905748,68767.65058737545,5655477.545061564,3025776.6258445196,8681254.170906084,69,51f3c6760f42acbe76dda42ed2ccfac04f744e32c97d93a446ea51b9438ecc8f,True
M0070,95,63,36,4,36813.82956161154,60709.781291878564,2319271.262381527,2185552.1265076282,4504823.388889155,70,51f3c6760f42acbe76dda42ed2ccfac04f744e32c97d93a446ea51b9438ecc8f,True
M0071,105,78,46,7,8019.22922250406,75929.60588184385,625499.8793553166,3492761.870564817,4118261.7499201335,71,51f3c6760f42acbe76dda42ed2ccfac04f744e32c97d93a446ea51b9438ecc8f,True
M0072,100,54,42,3,14394.229248489339,130017.17322674546,777288.3794184243,5460721.27552331,6238009.654941734,72,51f3c6760f42acbe76dda42ed2ccfac04f744e32c97d93a446ea51b9438ecc8f,True
M0073,104,73,41,2,35941.52626514845,62030.79836666605,2623731.417355837,2543262.7330333083,5166994.150389145,73,51f3c6760f42acbe76dda42ed2ccfac04f744e32c97d93a446ea51b9438ecc8f,True
M0074,106,73,39,7,44614.15363330914,58149.26387675399,3256833.2152315676,2267821.2911934056,5524654.506424973,74,51f3c6760f42acbe76dda42ed2ccfac04f744e32c97d93a446ea51b9438ecc8f,True
M0075,120,80,51,5,10266.66403190426,60868.62704744177,821333.1225523409,3104299.9794195304,3925633.101971871,75,51f3c6760f42acbe76dda42ed2ccfac04f744e32c97d93a446ea51b9438ecc8f,True
M0076,95,59,39,4,33786.46340442293,62845.3176448884,1993401.3408609529,2450967.3881506473,4444368.7290116,76,51f3c6760f42acbe76dda42ed2ccfac04f744e32c97d93a446ea51b9438ecc8f,True
M0077,118,90,43,8,6847.206763910208,51551.73403291653,616248.6087519187,2216724.563415411,2832973.1721673296,77,51f3c6760f42acbe76dda42ed2ccfac04f744e32c97d93a446ea51b9438ecc8f,True
M0078,92,62,43,6,20876.898270894366,65893.33433827729,1294367.6927954508,2833413.3765459233,4127781.069341374,78,51f3c6760f42acbe76dda42ed2ccfac04f744e32c97d93a446ea51b9438ecc8f,True
M0079,110,88,50,4,42925.7906641582,65677.66700663525,3777469.5784459217,3283883.350331763,7061352.928777684,79,51f3c6760f42acbe76dda42ed2ccfac04f744e32c97d93a446ea51b9438ecc8f,True
M0080,101,76,47,1,15820.954300935815,71317.86878834495,1202392.526871122,3351939.8330522124,4554332.359923335,80,51f3c6760f42acbe76dda42ed2ccfac04f744e32c97d93a446ea51b9438ecc8f,True
M0081,84,55,41,1,8918.175109590044,59877.70667039176,490499.6310274524,2454985.973486062,2945485.604513515,81,51f3c6760f42acbe76dda42ed2ccfac04f744e32c97d93a446ea51b9438ecc8f,True
M0082,115,76,50,5,24046.118698362723,73102.78507576478,1827505.021075567,3655139.2537882393,5482644.274863807,82,51f3c6760f42acbe76dda42ed2ccfac04f744e32c97d93a446ea51b9438ecc8f,True
M0083,95,63,42,1,15323.895401769783,116073.84026684213,965405.4103114964,4875101.291207369,5840506.701518865,83,51f3c6760f42acbe76dda42ed2ccfac04f744e32c97d93a446ea51b9438ecc8f,True
M0084,114,80,45,5,32136.091382071863,173585.2384629929,2570887.310565749,7811335.73083468,10382223.041400429,84,51f3c6760f42acbe76dda42ed2ccfac04f744e32c97d93a446ea51b9438ecc8f,True
M0085,104,77,44,3,12949.392316620493,70985.6907148881,997103.208379778,3123370.3914550766,4120473.5998348547,85,51f3c6760f42acbe76dda42ed2ccfac04f744e32c97d93a446ea51b9438ecc8f,True
M0086,89,63,36,4,13855.22734732801,50878.11278430603,872879.3228816646,1831612.0602350172,2704491.383116682,86,51f3c6760f42acbe76dda42ed2ccfac04f744e32c97d93a446ea51b9438ecc8f,True
M0087,103,77,47,2,6551.167830531108,201257.86804484503,504439.9229508953,9459119.798107717,9963559.721058613,87,51f3c6760f42acbe76dda42ed2ccfac04f744e32c97d93a446ea51b9438ecc8f,True
M0088,85,61,37,8,24390.93501883837,81573.59197613534,1487847.0361491404,3018222.9031170076,4506069.939266148,88,51f3c6760f42acbe76dda42ed2ccfac04f744e32c97d93a446ea51b9438ecc8f,True
M0089,101,74,45,4,19999.389699270127,58897.01200284966,1479954.8377459894,2650365.540128235,4130320.3778742244,89,51f3c6760f42acbe76dda42ed2ccfac04f744e32c97d93a446ea51b9438ecc8f,True
M0090,104,68,48,8,10796.412667908147,53287.15224604429,734156.061417754,2557783.307810126,3291939.3692278797,90,51f3c6760f42acbe76dda42ed2ccfac04f744e32c97d93a446ea51b9438ecc8f,True
M0091,106,70,36,14,24742.53801661842,53193.98799014008,1731977.6611632893,1914983.567645043,3646961.2288083322,91,51f3c6760f42acbe76dda42ed2ccfac04f744e32c97d93a446ea51b9438ecc8f,True
M0092,95,73,35,1,40792.03743285686,53810.535648852056,2977818.7325985506,1883368.747709822,4861187.4803083725,92,51f3c6760f42acbe76dda42ed2ccfac04f744e32c97d93a446ea51b9438ecc8f,True
M0093,104,80,38,3,19354.093644705375,50941.62923063903,1548327.49157643,1935781.9107642833,3484109.402340713,93,51f3c6760f42acbe76dda42ed2ccfac04f744e32c97d93a446ea51b9438ecc8f,True
M0094,105,72,28,4,25871.57539419423,126693.14258284072,1862753.4283819846,3547407.99231954,5410161.420701524,94,51f3c6760f42acbe76dda42ed2ccfac04f744e32c97d93a446ea51b9438ecc8f,True
M0095,84,55,42,5,25951.553443520792,68258.57780025639,1427335.4393936435,2866860.2676107683,4294195.707004412,95,51f3c6760f42acbe76dda42ed2ccfac04f744e32c97d93a446ea51b9438ecc8f,True
M0096,93,59,39,8,10693.614896573297,80927.84979370992,630923.2788978246,3156186.141954687,3787109.4208525117,96,51f3c6760f42acbe76dda42ed2ccfac04f744e32c97d93a446ea51b9438ecc8f,True
M0097,115,78,48,7,75655.95942790793,101127.26296870562,5901164.835376819,4854108.62249787,10755273.45787469,97,51f3c6760f42acbe76dda42ed2ccfac04f744e32c97d93a446ea51b9438ecc8f,True
M0098,109,76,47,6,16605.514233524966,93618.51534976577,1262019.0817478974,4400070.221438991,5662089.303186888,98,51f3c6760f42acbe76dda42ed2ccfac04f744e32c97d93a446ea51b9438ecc8f,True
M0099,102,70,38,4,32652.27207539016,117790.72293453116,2285659.045277311,4476047.4715121845,6761706.516789496,99,51f3c6760f42acbe76dda42ed2ccfac04f744e32c97d93a446ea51b9438ecc8f,True
M0100,90,68,37,4,34944.947247983386,196295.34641246195,2376256.4128628704,7262927.817261092,9639184.230123963,100,51f3c6760f42acbe76dda42ed2ccfac04f744e32c97d93a446ea51b9438ecc8f,True
M0101,93,60,36,6,20256.741358588628,63009.60072070304,1215404.4815153177,2268345.6259453096,3483750.1074606273,101,51f3c6760f42acbe76dda42ed2ccfac04f744e32c97d93a446ea51b9438ecc8f,True
M0102,104,76,41,1,31700.160249306995,166169.55649084784,2409212.1789473314,6812951.8161247615,9222163.995072093,102,51f3c6760f42acbe76dda42ed2ccfac04f744e32c97d93a446ea51b9438ecc8f,True
M0103,117,86,55,14,25526.988221134427,83591.098053058,2195320.9870175608,4597510.39291819,6792831.379935751,103,51f3c6760f42acbe76dda42ed2ccfac04f744e32c97d93a446ea51b9438ecc8f,True
M0104,98,72,37,3,9408.945321230622,51487.485571874306,677444.0631286048,1905036.9661593493,2582481.029287954,104,51f3c6760f42acbe76dda42ed2ccfac04f744e32c97d93a446ea51b9438ecc8f,True
M0105,94,63,37,1,18045.224881314098,79046.1495470843,1136849.167522788,2924707.533242119,4061556.700764907,105,51f3c6760f42acbe76dda42ed2ccfac04f744e32c97d93a446ea51b9438ecc8f,True
M0106,112,87,45,3,15252.053955724814,79541.73943689509,1326928.6941480588,3579378.274660279,4906306.968808338,106,51f3c6760f42acbe76dda42ed2ccfac04f744e32c97d93a446ea51b9438ecc8f,True
M0107,89,62,33,9,16696.476284156877,128665.27931185934,1035181.5296177263,4245954.217291358,5281135.746909084,107,51f3c6760f42acbe76dda42ed2ccfac04f744e32c97d93a446ea51b9438ecc8f,True
M0108,119,86,42,4,10072.841224131666,60262.089415472554,866264.3452753233,2531007.7554498473,3397272.1007251707,108,51f3c6760f42acbe76dda42ed2ccfac04f744e32c97d93a446ea51b9438ecc8f,True
M0109,102,66,42,2,43297.9353344958,71074.48538637126,2857663.7320767227,2985128.386227593,5842792.118304316,109,51f3c6760f42acbe76dda42ed2ccfac04f744e32c97d93a446ea51b9438ecc8f,True
M0110,87,61,37,6,57595.26236928918,50245.85101745159,3513311.00452664,1859096.487645709,5372407.492172349,110,51f3c6760f42acbe76dda42ed2ccfac04f744e32c97d93a446ea51b9438ecc8f,True
M0111,113,75,48,12,39608.60951468655,58759.621236418716,2970645.713601491,2820461.8193480982,5791107.532949589,111,51f3c6760f42acbe76dda42ed2ccfac04f744e32c97d93a446ea51b9438ecc8f,True
M0112,106,73,51,2,47207.947398575794,51301.96652793463,3446180.160096033,2616400.2929246663,6062580.453020699,112,51f3c6760f42acbe76dda42ed2ccfac04f744e32c97d93a446ea51b9438ecc8f,True
M0113,96,64,45,4,17911.87353306628,67166.49515586943,1146359.9061162418,3022492.2820141246,4168852.1881303666,113,51f3c6760f42acbe76dda42ed2ccfac04f744e32c97d93a446ea51b9438ecc8f,True
M0114,110,71,48,0,15036.650987552259,98722.24743505564,1067602.2201162104,4738667.87688267,5806270.096998881,114,51f3c6760f42acbe76dda42ed2ccfac04f744e32c97d93a446ea51b9438ecc8f,True
M0115,100,72,38,4,13805.851070642993,54845.207783882724,994021.2770862955,2084117.8957875436,3078139.1728738393,115,51f3c6760f42acbe76dda42ed2ccfac04f744e32c97d93a446ea51b9438ecc8f,True
M0116,110,77,51,4,32417.022634797868,67481.94717432448,2496110.742879436,3441579.3058905485,5937690.048769984,116,51f3c6760f42acbe76dda42ed2ccfac04f744e32c97d93a446ea51b9438ecc8f,True
M0117,106,79,43,2,25241.325519243703,54778.061853631254,1994064.7160202526,2355456.659706144,4349521.375726396,117,51f3c6760f42acbe76dda42ed2ccfac04f744e32c97d93a446ea51b9438ecc8f,True
M0118,114,82,48,3,21029.194657779146,52639.638334084,1724393.96193789,2526702.6400360316,4251096.601973921,118,51f3c6760f42acbe76dda42ed2ccfac04f744e32c97d93a446ea51b9438ecc8f,True
M0119,96,64,41,12,47910.459777230375,66564.90568885725,3066269.425742744,2729161.1332431473,5795430.558985891,119,51f3c6760f42acbe76dda42ed2ccfac04f744e32c97d93a446ea51b9438ecc8f,True
M0120,102,67,48,1,28084.267196717694,51676.630361806856,1881645.9021800854,2480478.257366729,4362124.159546815,120,51f3c6760f42acbe76dda42ed2ccfac04f744e32c97d93a446ea51b9438ecc8f,True
M0121,99,71,42,1,13317.116177821736,71242.510354988,945515.2486253432,2992185.434909496,3937700.683534839,121,51f3c6760f42acbe76dda42ed2ccfac04f744e32c97d93a446ea51b9438ecc8f,True
M0122,93,68,39,4,14639.149660344247,50640.85184001833,995462.1769034087,1974993.221760715,2970455.3986641234,122,51f3c6760f42acbe76dda42ed2ccfac04f744e32c97d93a446ea51b9438ecc8f,True
M0123,69,44,30,6,33163.195793243285,52308.70667652291,1459180.6149027045,1569261.2002956872,3028441.8151983917,123,51f3c6760f42acbe76dda42ed2ccfac04f744e32c97d93a446ea51b9438ecc8f,True
M0124,111,78,50,7,41152.489876137224,68815.14481221254,3209894.2103387034,3440757.240610627,6650651.45094933,124,51f3c6760f42acbe76dda42ed2ccfac04f744e32c97d93a446ea51b9438ecc8f,True
M0125,87,56,42,3,30669.01496428153,71524.33210791294,1717464.8379997658,3004021.9485323434,4721486.78653211,125,51f3c6760f42acbe76dda42ed2ccfac04f744e32c97d93a446ea51b9438ecc8f,True
M0126,108,76,43,10,68743.2101174301,50591.781676371815,5224483.968924688,2175446.6120839883,7399930.581008676,126,51f3c6760f42acbe76dda42ed2ccfac04f744e32c97d93a446ea51b9438ecc8f,True
M0127,104,76,36,3,58747.524763800575,70299.49607258821,4464811.882048843,2530781.858613176,6995593.74066202,127,51f3c6760f42acbe76dda42ed2ccfac04f744e32c97d93a446ea51b9438ecc8f,True
M0128,78,55,28,7,28699.11315967292,103682.08213017313,1578451.2237820106,2903098.299644848,4481549.523426859,128,51f3c6760f42acbe76dda42ed2ccfac04f744e32c97d93a446ea51b9438ecc8f,True
M0129,101,67,40,8,13317.73126731989,83473.7208366248,892287.9949104326,3338948.8334649918,4231236.828375424,129,51f3c6760f42acbe76dda42ed2ccfac04f744e32c97d93a446ea51b9438ecc8f,True
M0130,100,72,54,1,10036.738530995603,52893.10971127775,722645.1742316834,2856227.9244089983,3578873.0986406817,130,51f3c6760f42acbe76dda42ed2ccfac04f744e32c97d93a446ea51b9438ecc8f,True
M0131,109,73,34,2,17458.308619942447,71599.19700541964,1274456.5292557986,2434372.6981842676,3708829.227440066,131,51f3c6760f42acbe76dda42ed2ccfac04f744e32c97d93a446ea51b9438ecc8f,True
M0132,98,74,36,10,34611.04285724594,78118.56363351711,2561217.1714362,2812268.290806616,5373485.462242816,132,51f3c6760f42acbe76dda42ed2ccfac04f744e32c97d93a446ea51b9438ecc8f,True
M0133,111,80,39,2,65906.22963009341,50764.62723579605,5272498.370407473,1979820.4621960458,7252318.832603519,133,51f3c6760f42acbe76dda42ed2ccfac04f744e32c97d93a446ea51b9438ecc8f,True
M0134,97,60,42,1,28295.78749107989,108352.72284185988,1697747.2494647934,4550814.359358115,6248561.608822908,134,51f3c6760f42acbe76dda42ed2ccfac04f744e32c97d93a446ea51b9438ecc8f,True
M0135,88,62,40,9,44410.60967588257,128888.3707103762,2753457.7999047195,5155534.828415048,7908992.628319768,135,51f3c6760f42acbe76dda42ed2ccfac04f744e32c97d93a446ea51b9438ecc8f,True
M0136,101,75,49,9,19011.807419936977,106919.78533769015,1425885.5564952733,5239069.481546817,6664955.038042091,136,51f3c6760f42acbe76dda42ed2ccfac04f744e32c97d93a446ea51b9438ecc8f,True
M0137,105,73,41,7,32005.449851372872,100320.41907787377,2336397.8391502197,4113137.1821928243,6449535.021343044,137,51f3c6760f42acbe76dda42ed2ccfac04f744e32c97d93a446ea51b9438ecc8f,True
M0138,102,78,34,7,36098.7709374113,86363.49820236838,2815704.133118081,2936358.938880525,5752063.0719986055,138,51f3c6760f42acbe76dda42ed2ccfac04f744e32c97d93a446ea51b9438ecc8f,True
M0139,98,65,32,8,6715.969215881255,74697.86673427094,436537.9990322816,2390331.73549667,2826869.7345289513,139,51f3c6760f42acbe76dda42ed2ccfac04f744e32c97d93a446ea51b9438ecc8f,True
M0140,96,68,48,4,17187.483915346318,78734.71363616084,1168748.9062435497,3779266.2545357207,4948015.16077927,140,51f3c6760f42acbe76dda42ed2ccfac04f744e32c97d93a446ea51b9438ecc8f,True
M0141,76,50,38,1,38941.67257280188,96428.1067279181,1947083.6286400938,3664268.0556608876,5611351.684300981,141,51f3c6760f42acbe76dda42ed2ccfac04f744e32c97d93a446ea51b9438ecc8f,True
M0142,112,74,48,1,25969.576607403385,77207.53730681047,1921748.6689478506,3705961.7907269024,5627710.459674753,142,51f3c6760f42acbe76dda42ed2ccfac04f744e32c97d93a446ea51b9438ecc8f,True
M0143,99,68,29,1,10743.873575089832,58607.30151402696,730583.4031061085,1699611.743906782,2430195.1470128903,143,51f3c6760f42acbe76dda42ed2ccfac04f744e32c97d93a446ea51b9438ecc8f,True
M0144,100,65,47,6,5125.208953364052,60378.91991167409,333138.5819686634,2837809.2358486825,3170947.8178173457,144,51f3c6760f42acbe76dda42ed2ccfac04f744e32c97d93a446ea51b9438ecc8f,True
M0145,89,61,38,1,17686.05142535836,124145.81003347872,1078849.13694686,4717540.781272192,5796389.918219051,145,51f3c6760f42acbe76dda42ed2ccfac04f744e32c97d93a446ea51b9438ecc8f,True
M0146,97,69,41,2,21100.42759160227,50346.60308781699,1455929.5038205567,2064210.7266004966,3520140.2304210532,146,51f3c6760f42acbe76dda42ed2ccfac04f744e32c97d93a446ea51b9438ecc8f,True
M0147,104,69,39,3,12960.301455655539,80805.30763440694,894260.8004402322,3151406.9977418706,4045667.798182103,147,51f3c6760f42acbe76dda42ed2ccfac04f744e32c97d93a446ea51b9438ecc8f,True
M0148,96,62,36,3,24001.004490301377,172515.60229926975,1488062.2783986854,6210561.682773711,7698623.961172396,148,51f3c6760f42acbe76dda42ed2ccfac04f744e32c97d93a446ea51b9438ecc8f,True
M0149,100,67,40,8,29846.77427044804,81614.24076542332,1999733.8761200188,3264569.630616933,5264303.506736952,149,51f3c6760f42acbe76dda42ed2ccfac04f744e32c97d93a446ea51b9438ecc8f,True
M0150,105,74,36,2,32938.98871483732,384751.0476262434,2437485.1648979615,13851037.714544762,16288522.879442723,150,51f3c6760f42acbe76dda42ed2ccfac04f744e32c97d93a446ea51b9438ecc8f,True
M0151,81,57,41,6,5358.54973186674,79626.01113758526,305437.3347164042,3264666.4566409956,3570103.7913574,151,51f3c6760f42acbe76dda42ed2ccfac04f744e32c97d93a446ea51b9438ecc8f,True
M0152,120,85,49,7,10010.891620455966,50704.26017798708,850925.7877387571,2484508.748721367,3335434.5364601244,152,51f3c6760f42acbe76dda42ed2ccfac04f744e32c97d93a446ea51b9438ecc8f,True
M0153,97,77,40,5,18347.09281052378,100869.87578333628,1412726.1464103311,4034795.031333451,5447521.177743782,153,51f3c6760f42acbe76dda42ed2ccfac04f744e32c97d93a446ea51b9438ecc8f,True
M0154,99,71,40,4,31048.441057786094,57168.6179868636,2204439.315102813,2286744.7194745443,4491184.034577357,154,51f3c6760f42acbe76dda42ed2ccfac04f744e32c97d93a446ea51b9438ecc8f,True
M0155,120,78,43,3,29541.177252856767,63326.2897368022,2304211.825722828,2723030.4586824947,5027242.284405323,155,51f3c6760f42acbe76dda42ed2ccfac04f744e32c97d93a446ea51b9438ecc8f,True
M0156,90,68,38,3,29235.00199137819,58070.804014599235,1987980.135413717,2206690.552554771,4194670.687968488,156,51f3c6760f42acbe76dda42ed2ccfac04f744e32c97d93a446ea51b9438ecc8f,True
M0157,85,60,29,2,17499.87881129275,56662.68132642838,1049992.728677565,1643217.758466423,2693210.487143988,157,51f3c6760f42acbe76dda42ed2ccfac04f744e32c97d93a446ea51b9438ecc8f,True
M0158,84,59,34,5,18095.524791854663,62668.457431288116,1067635.962719425,2130727.552663796,3198363.515383221,158,51f3c6760f42acbe76dda42ed2ccfac04f744e32c97d93a446ea51b9438ecc8f,True
M0159,82,58,25,8,14228.502340908608,60487.25118735396,825253.1357726993,1512181.279683849,2337434.4154565483,159,51f3c6760f42acbe76dda42ed2ccfac04f744e32c97d93a446ea51b9438ecc8f,True
M0160,112,82,49,6,34923.54340426223,74690.2509806405,2863730.559149503,3659822.2980513843,6523552.857200887,160,51f3c6760f42acbe76dda42ed2ccfac04f744e32c97d93a446ea51b9438ecc8f,True
M0161,110,75,32,4,12679.055367136976,97807.88775461123,950929.1525352732,3129852.4081475595,4080781.5606828327,161,51f3c6760f42acbe76dda42ed2ccfac04f744e32c97d93a446ea51b9438ecc8f,True
M0162,86,57,34,5,36681.28054841806,57571.79664787772,2090832.9912598291,1957441.0860278425,4048274.0772876716,162,51f3c6760f42acbe76dda42ed2ccfac04f744e32c97d93a446ea51b9438ecc8f,True
M0163,104,66,39,9,24952.06698610307,55047.7240095269,1646836.4210828026,2146861.2363715493,3793697.657454352,163,51f3c6760f42acbe76dda42ed2ccfac04f744e32c97d93a446ea51b9438ecc8f,True
M0164,107,70,45,7,21439.135937004063,77613.57442518436,1500739.5155902845,3492610.849133296,4993350.36472358,164,51f3c6760f42acbe76dda42ed2ccfac04f744e32c97d93a446ea51b9438ecc8f,True
M0165,93,68,35,2,14853.24680105186,77935.08231032283,1010020.7824715265,2727727.880861299,3737748.6633328255,165,51f3c6760f42acbe76dda42ed2ccfac04f744e32c97d93a446ea51b9438ecc8f,True
M0166,108,72,53,3,9766.123430128082,126167.17187434419,703160.8869692219,6686860.109340242,7390020.996309464,166,51f3c6760f42acbe76dda42ed2ccfac04f744e32c97d93a446ea51b9438ecc8f,True
M0167,96,80,48,7,14934.187789921456,50322.51947173386,1194735.0231937165,2415480.9346432253,3610215.957836942,167,51f3c6760f42acbe76dda42ed2ccfac04f744e32c97d93a446ea51b9438ecc8f,True
M0168,95,69,42,6,18069.774040377786,107669.11161878046,1246814.4087860673,4522102.6879887795,5768917.096774846,168,51f3c6760f42acbe76dda42ed2ccfac04f744e32c97d93a446ea51b9438ecc8f,True
M0169,112,71,49,3,5316.579439524403,67117.62603929422,377477.1402062326,3288763.675925417,3666240.8161316495,169,51f3c6760f42acbe76dda42ed2ccfac04f744e32c97d93a446ea51b9438ecc8f,True
M0170,108,70,44,6,19566.748644345374,73731.46117645719,1369672.4051041761,3244184.2917641164,4613856.696868293,170,51f3c6760f42acbe76dda42ed2ccfac04f744e32c97d93a446ea51b9438ecc8f,True
M0171,85,61,34,5,38354.01215753503,51953.57664169152,2339594.7416096367,1766421.6058175117,4106016.3474271484,171,51f3c6760f42acbe76dda42ed2ccfac04f744e32c97d93a446ea51b9438ecc8f,True
M0172,100,65,45,3,30956.26693071378,62721.84772046208,2012157.3504963957,2822483.147420794,4834640.497917189,172,51f3c6760f42acbe76dda42ed2ccfac04f744e32c97d93a446ea51b9438ecc8f,True
M0173,95,70,37,5,16354.79612936927,55432.71889484006,1144835.729055849,2051010.5991090822,3195846.3281649314,173,51f3c6760f42acbe76dda42ed2ccfac04f744e32c97d93a446ea51b9438ecc8f,True
M0174,97,71,35,2,22655.58726934119,56224.66584782597,1608546.6961232247,1967863.304673909,3576410.000797134,174,51f3c6760f42acbe76dda42ed2ccfac04f744e32c97d93a446ea51b9438ecc8f,True
M0175,116,86,48,3,15776.886344311008,66192.78433691828,1356812.2256107468,3177253.6481720777,4534065.873782825,175,51f3c6760f42acbe76dda42ed2ccfac04f744e32c97d93a446ea51b9438ecc8f,True
M0176,95,59,36,10,24082.878709191984,97662.69142819948,1420889.8438423271,3515856.8914151816,4936746.735257508,176,51f3c6760f42acbe76dda42ed2ccfac04f744e32c97d93a446ea51b9438ecc8f,True
M0177,123,78,52,5,55495.91504574939,86203.6042082105,4328681.373568452,4482587.418826946,8811268.792395398,177,51f3c6760f42acbe76dda42ed2ccfac04f744e32c97d93a446ea51b9438ecc8f,True
M0178,104,68,34,7,39383.384044447965,71495.8220117199,2678070.1150224614,2430857.9483984765,5108928.063420938,178,51f3c6760f42acbe76dda42ed2ccfac04f744e32c97d93a446ea51b9438ecc8f,True
M0179,94,70,36,6,30105.904172610084,68178.47652446484,2107413.292082706,2454425.154880734,4561838.446963441,179,51f3c6760f42acbe76dda42ed2ccfac04f744e32c97d93a446ea51b9438ecc8f,True
M0180,105,76,51,8,16387.416825419,62488.62437372033,1245443.678731844,3186919.843059737,4432363.521791581,180,51f3c6760f42acbe76dda42ed2ccfac04f744e32c97d93a446ea51b9438ecc8f,True
M0181,109,79,38,6,34543.097826558456,211138.98126264923,2728904.728298118,8023281.287980671,10752186.016278788,181,51f3c6760f42acbe76dda42ed2ccfac04f744e32c97d93a446ea51b9438ecc8f,True
M0182,84,57,38,1,8005.417901889478,69448.83635232851,456308.82040770026,2639055.7813884835,3095364.6017961837,182,51f3c6760f42acbe76dda42ed2ccfac04f744e32c97d93a446ea51b9438ecc8f,True
M0183,79,57,29,5,18931.602806628824,56216.868345159644,1079101.359977843,1630289.1820096297,2709390.5419874727,183,51f3c6760f42acbe76dda42ed2ccfac04f744e32c97d93a446ea51b9438ecc8f,True
M0184,98,67,34,7,31264.134343317994,55512.93621564516,2094697.0010023057,1887439.8313319355,3982136.832334241,184,51f3c6760f42acbe76dda42ed2ccfac04f744e32c97d93a446ea51b9438ecc8f,True
M0185,96,70,39,5,34346.40823502696,72970.5954573309,2404248.5764518874,2845853.222835905,5250101.799287792,185,51f3c6760f42acbe76dda42ed2ccfac04f744e32c97d93a446ea51b9438ecc8f,True
M0186,88,63,24,2,32923.12884370063,67220.2079335827,2074157.1171531398,1613284.9904059847,3687442.1075591245,186,51f3c6760f42acbe76dda42ed2ccfac04f744e32c97d93a446ea51b9438ecc8f,True
M0187,103,61,41,3,26288.803721849705,50154.790787928425,1603617.027032832,2056346.4223050654,3659963.4493378974,187,51f3c6760f42acbe76dda42ed2ccfac04f744e32c97d93a446ea51b9438ecc8f,True
M0188,83,58,38,4,19585.896356429515,101591.47140068005,1135981.988672912,3860475.9132258417,4996457.901898754,188,51f3c6760f42acbe76dda42ed2ccfac04f744e32c97d93a446ea51b9438ecc8f,True
M0189,82,52,33,4,30417.871163725988,81381.39734384508,1581729.3005137513,2685586.1123468876,4267315.412860639,189,51f3c6760f42acbe76dda42ed2ccfac04f744e32c97d93a446ea51b9438ecc8f,True
M0190,106,70,50,6,12435.16189742615,77146.39000212164,870461.3328198304,3857319.500106082,4727780.832925912,190,51f3c6760f42acbe76dda42ed2ccfac04f744e32c97d93a446ea51b9438ecc8f,True
M0191,96,72,36,5,13269.104500256635,51445.71519025044,955375.5240184778,1852045.7468490158,2807421.2708674935,191,51f3c6760f42acbe76dda42ed2ccfac04f744e32c97d93a446ea51b9438ecc8f,True
M0192,96,78,27,2,22857.642536102263,59849.00583954492,1782896.1178159765,1615923.157667713,3398819.2754836893,192,51f3c6760f42acbe76dda42ed2ccfac04f744e32c97d93a446ea51b9438ecc8f,True
M0193,109,81,52,3,24438.58673284603,149564.7676017916,1979525.5253605284,7777367.915293163,9756893.440653691,193,51f3c6760f42acbe76dda42ed2ccfac04f744e32c97d93a446ea51b9438ecc8f,True
M0194,98,68,44,9,7366.00586227911,110601.67632701367,500888.3986349795,4866473.758388601,5367362.157023581,194,51f3c6760f42acbe76dda42ed2ccfac04f744e32c97d93a446ea51b9438ecc8f,True
M0195,86,63,40,4,28943.120721687956,57197.829781944485,1823416.6054663411,2287913.1912777796,4111329.796744121,195,51f3c6760f42acbe76dda42ed2ccfac04f744e32c97d93a446ea51b9438ecc8f,True
M0196,79,55,33,0,35018.684005058094,53536.63977252864,1926027.6202781952,1766709.112493445,3692736.73277164,196,51f3c6760f42acbe76dda42ed2ccfac04f744e32c97d93a446ea51b9438ecc8f,True
M0197,86,58,39,9,21028.393134349742,63465.4111511259,1219646.8017922852,2475151.0348939104,3694797.836686196,197,51f3c6760f42acbe76dda42ed2ccfac04f744e32c97d93a446ea51b9438ecc8f,True
M0198,108,77,41,3,91553.59064930347,59616.97122214676,7049626.479996367,2444295.8201080174,9493922.300104385,198,51f3c6760f42acbe76dda42ed2ccfac04f744e32c97d93a446ea51b9438ecc8f,True
M0199,127,82,48,6,14621.362690004416,79090.23500465127,1198951.740580362,3796331.280223261,4995283.020803623,199,51f3c6760f42acbe76dda42ed2ccfac04f744e32c97d93a446ea51b9438ecc8f,True
M0200,93,65,46,3,17735.92818125923,194363.34326854334,1152835.33178185,8940713.790352993,10093549.122134842,200,51f3c6760f42acbe76dda42ed2ccfac04f744e32c97d93a446ea51b9438ecc8f,True
M0201,82,58,32,2,17377.991987432197,59884.52744338918,1007923.5352710674,1916304.8781884538,2924228.4134595213,201,51f3c6760f42acbe76dda42ed2ccfac04f744e32c97d93a446ea51b9438ecc8f,True
M0202,104,73,42,12,21042.24648442591,51301.53864758895,1536083.9933630913,2154664.623198736,3690748.6165618272,202,51f3c6760f42acbe76dda42ed2ccfac04f744e32c97d93a446ea51b9438ecc8f,True
M0203,99,70,42,7,18083.679261507157,124415.29909343526,1265857.548305501,5225442.561924281,6491300.110229782,203,51f3c6760f42acbe76dda42ed2ccfac04f744e32c97d93a446ea51b9438ecc8f,True
M0204,102,69,40,9,9470.279246546403,50779.789712184865,653449.2680117018,2031191.5884873946,2684640.8564990964,204,51f3c6760f42acbe76dda42ed2ccfac04f744e32c97d93a446ea51b9438ecc8f,True
M0205,76,49,31,2,15868.178367222421,169538.26561215625,777540.7399938987,5255686.233976844,6033226.973970743,205,51f3c6760f42acbe76dda42ed2ccfac04f744e32c97d93a446ea51b9438ecc8f,True
M0206,99,60,44,1,20773.378840673526,77398.78197703959,1246402.7304404115,3405546.406989742,4651949.137430154,206,51f3c6760f42acbe76dda42ed2ccfac04f744e32c97d93a446ea51b9438ecc8f,True
M0207,93,62,39,10,46034.35521599019,155836.94635624066,2854130.0233913916,6077640.907893386,8931770.931284778,207,51f3c6760f42acbe76dda42ed2ccfac04f744e32c97d93a446ea51b9438ecc8f,True
M0208,99,64,38,3,82565.39822241303,54658.80432337796,5284185.486234434,2077034.5642883624,7361220.050522797,208,51f3c6760f42acbe76dda42ed2ccfac04f744e32c97d93a446ea51b9438ecc8f,True
M0209,102,74,34,3,49083.80089675112,50837.96870789389,3632201.266359583,1728490.9360683921,5360692.202427975,209,51f3c6760f42acbe76dda42ed2ccfac04f744e32c97d93a446ea51b9438ecc8f,True
M0210,106,77,41,4,13832.450305784103,65363.19589649766,1065098.673545376,2679891.031756404,3744989.70530178,210,51f3c6760f42acbe76dda42ed2ccfac04f744e32c97d93a446ea51b9438ecc8f,True
M0211,94,54,41,8,14508.85212660145,63536.30376039021,783478.0148364783,2604988.454175999,3388466.4690124774,211,51f3c6760f42acbe76dda42ed2ccfac04f744e32c97d93a446ea51b9438ecc8f,True
M0212,105,77,37,8,20018.314399480303,58739.1194544998,1541410.2087599833,2173347.4198164926,3714757.628576476,212,51f3c6760f42acbe76dda42ed2ccfac04f744e32c97d93a446ea51b9438ecc8f,True
M0213,116,73,49,8,64262.744001859275,177114.94073638675,4691180.312135727,8678632.09608295,13369812.408218678,213,51f3c6760f42acbe76dda42ed2ccfac04f744e32c97d93a446ea51b9438ecc8f,True
M0214,122,80,46,3,19945.235439177413,99855.6467078836,1595618.835134193,4593359.748562645,6188978.5836968385,214,51f3c6760f42acbe76dda42ed2ccfac04f744e32c97d93a446ea51b9438ecc8f,True
M0215,103,72,45,8,9931.785064405185,77123.83796160057,715088.5246371733,3470572.7082720255,4185661.232909199,215,51f3c6760f42acbe76dda42ed2ccfac04f744e32c97d93a446ea51b9438ecc8f,True
M0216,119,81,48,0,16306.086431899452,53684.68538719611,1320793.0009838557,2576864.898585413,3897657.899569269,216,51f3c6760f42acbe76dda42ed2ccfac04f744e32c97d93a446ea51b9438ecc8f,True
M0217,76,53,26,2,34690.93182504014,84962.77484286675,1838619.3867271275,2209032.1459145355,4047651.532641663,217,51f3c6760f42acbe76dda42ed2ccfac04f744e32c97d93a446ea51b9438ecc8f,True
M0218,96,64,40,7,33321.70169108323,84045.19148180932,2132588.908229327,3361807.6592723727,5494396.5675017,218,51f3c6760f42acbe76dda42ed2ccfac04f744e32c97d93a446ea51b9438ecc8f,True
M0219,103,74,54,2,19533.183185240243,62391.2180216124,1445455.555707778,3369125.77316707,4814581.328874848,219,51f3c6760f42acbe76dda42ed2ccfac04f744e32c97d93a446ea51b9438ecc8f,True
M0220,111,81,45,3,33191.49024527143,140750.62159698497,2688510.7098669857,6333777.971864324,9022288.68173131,220,51f3c6760f42acbe76dda42ed2ccfac04f744e32c97d93a446ea51b9438ecc8f,True
M0221,97,61,37,4,5631.306071284423,53790.724192109454,343509.6703483498,1990256.7951080499,2333766.4654563996,221,51f3c6760f42acbe76dda42ed2ccfac04f744e32c97d93a446ea51b9438ecc8f,True
M0222,112,79,49,6,23442.30420263066,56625.02851495594,1851942.0320078223,2774626.3972328412,4626568.429240664,222,51f3c6760f42acbe76dda42ed2ccfac04f744e32c97d93a446ea51b9438ecc8f,True
M0223,99,73,45,9,36916.40284567473,51323.440864839795,2694897.4077342553,2309554.838917791,5004452.246652046,223,51f3c6760f42acbe76dda42ed2ccfac04f744e32c97d93a446ea51b9438ecc8f,True
M0224,124,87,47,4,13363.495270370484,94330.2584967519,1162624.0885222321,4433522.14934734,5596146.237869572,224,51f3c6760f42acbe76dda42ed2ccfac04f744e32c97d93a446ea51b9438ecc8f,True
M0225,91,61,43,2,13335.659318516024,73767.1051000988,813475.2184294774,3171985.519304248,3985460.7377337255,225,51f3c6760f42acbe76dda42ed2ccfac04f744e32c97d93a446ea51b9438ecc8f,True
M0226,103,73,28,11,7187.733045789004,58167.26417310023,524704.5123425972,1628683.3968468064,2153387.9091894035,226,51f3c6760f42acbe76dda42ed2ccfac04f744e32c97d93a446ea51b9438ecc8f,True
M0227,86,68,34,4,57178.73582193324,53709.21163049768,3888154.0358914603,1826113.1954369212,5714267.231328381,227,51f3c6760f42acbe76dda42ed2ccfac04f744e32c97d93a446ea51b9438ecc8f,True
M0228,101,71,43,13,14298.467086976072,50826.27162215241,1015191.1631753012,2185529.679752554,3200720.842927855,228,51f3c6760f42acbe76dda42ed2ccfac04f744e32c97d93a446ea51b9438ecc8f,True
M0229,101,65,44,5,25453.94364911329,53784.724890174264,1654506.3371923638,2366527.8951676674,4021034.2323600315,229,51f3c6760f42acbe76dda42ed2ccfac04f744e32c97d93a446ea51b9438ecc8f,True
M0230,101,64,42,6,31645.46795961318,63659.83316405773,2025309.9494152435,2673712.9928904246,4699022.942305668,230,51f3c6760f42acbe76dda42ed2ccfac04f744e32c97d93a446ea51b9438ecc8f,True
M0231,113,72,45,3,54570.06599179162,56013.51743596362,3929044.7514089965,2520608.284618363,6449653.036027359,231,51f3c6760f42acbe76dda42ed2ccfac04f744e32c97d93a446ea51b9438ecc8f,True
M0232,87,60,42,4,20083.65010871843,56368.76799668075,1205019.0065231058,2367488.2558605913,3572507.262383697,232,51f3c6760f42acbe76dda42ed2ccfac04f744e32c97d93a446ea51b9438ecc8f,True
M0233,108,74,41,14,15936.09790962774,115082.3847137267,1179271.2453124528,4718377.773262795,5897649.018575247,233,51f3c6760f42acbe76dda42ed2ccfac04f744e32c97d93a446ea51b9438ecc8f,True
M0234,106,71,37,0,24436.680683366954,66791.72007501633,1735004.3285190538,2471293.6427756045,4206297.971294658,234,51f3c6760f42acbe76dda42ed2ccfac04f744e32c97d93a446ea51b9438ecc8f,True
M0235,87,55,33,3,47593.34244921998,84322.57963632522,2617633.8347070985,2782645.127998732,5400278.96270583,235,51f3c6760f42acbe76dda42ed2ccfac04f744e32c97d93a446ea51b9438ecc8f,True
M0236,96,73,38,0,19888.490591481714,50732.59883324939,1451859.8131781651,1927838.7556634767,3379698.568841642,236,51f3c6760f42acbe76dda42ed2ccfac04f744e32c97d93a446ea51b9438ecc8f,True
M0237,97,68,42,4,12420.188730315018,59966.01780854507,844572.8336614212,2518572.747958893,3363145.581620314,237,51f3c6760f42acbe76dda42ed2ccfac04f744e32c97d93a446ea51b9438ecc8f,True
M0238,116,77,35,0,8738.949920283607,64906.9780946575,672899.1438618377,2271744.2333130124,2944643.37717485,238,51f3c6760f42acbe76dda42ed2ccfac04f744e32c97d93a446ea51b9438ecc8f,True
M0239,100,70,37,4,10585.300466559167,54301.1750106237,740971.0326591417,2009143.475393077,2750114.5080522187,239,51f3c6760f42acbe76dda42ed2ccfac04f744e32c97d93a446ea51b9438ecc8f,True
M0240,97,63,37,9,36998.58317938004,52627.74371797605,2330910.7403009427,1947226.517565114,4278137.257866057,240,51f3c6760f42acbe76dda42ed2ccfac04f744e32c97d93a446ea51b9438ecc8f,True
M0241,100,71,38,1,18171.783524370454,113187.65824338437,1290196.6302303022,4301131.013248607,5591327.643478909,241,51f3c6760f42acbe76dda42ed2ccfac04f744e32c97d93a446ea51b9438ecc8f,True
M0242,99,68,42,1,15298.15411536413,153487.01552263385,1040274.4798447608,6446454.651950622,7486729.131795383,242,51f3c6760f42acbe76dda42ed2ccfac04f744e32c97d93a446ea51b9438ecc8f,True
M0243,100,74,29,5,14334.430736517408,51668.957100866064,1060747.8745022882,1498399.755925116,2559147.6304274043,243,51f3c6760f42acbe76dda42ed2ccfac04f744e32c97d93a446ea51b9438ecc8f,True
M0244,104,70,45,0,23179.5920176576,59366.65814145059,1622571.441236032,2671499.6163652767,4294071.057601308,244,51f3c6760f42acbe76dda42ed2ccfac04f744e32c97d93a446ea51b9438ecc8f,True
M0245,82,52,33,4,19078.68350134869,178178.6733536812,992091.5420701319,5879896.22067148,6871987.762741611,245,51f3c6760f42acbe76dda42ed2ccfac04f744e32c97d93a446ea51b9438ecc8f,True
M0246,87,54,30,15,18697.043967976242,51766.9897774899,1009640.374270717,1553009.693324697,2562650.067595414,246,51f3c6760f42acbe76dda42ed2ccfac04f744e32c97d93a446ea51b9438ecc8f,True
M0247,87,56,36,3,49493.38764410655,75546.62956048679,2771629.708069967,2719678.6641775244,5491308.372247491,247,51f3c6760f42acbe76dda42ed2ccfac04f744e32c97d93a446ea51b9438ecc8f,True
M0248,90,64,47,2,55426.315507616055,209645.56580400528,3547284.1924874275,9853341.592788247,13400625.785275675,248,51f3c6760f42acbe76dda42ed2ccfac04f744e32c97d93a446ea51b9438ecc8f,True
M0249,115,75,42,4,8383.216884568743,231087.32073331325,628741.2663426558,9705667.470799156,10334408.73714181,249,51f3c6760f42acbe76dda42ed2ccfac04f744e32c97d93a446ea51b9438ecc8f,True
M0250,105,78,38,5,26810.681182542703,64515.0577589464,2091233.1322383308,2451572.194839963,4542805.327078294,250,51f3c6760f42acbe76dda42ed2ccfac04f744e32c97d93a446ea51b9438ecc8f,True
M0251,90,62,40,2,13820.147094028865,53681.88492185665,856849.1198297896,2147275.3968742657,3004124.5167040555,251,51f3c6760f42acbe76dda42ed2ccfac04f744e32c97d93a446ea51b9438ecc8f,True
M0252,89,66,37,9,18978.258845547076,54725.18059343339,1252565.083806107,2024831.6819570353,3277396.765763142,252,51f3c6760f42acbe76dda42ed2ccfac04f744e32c97d93a446ea51b9438ecc8f,True
M0253,89,64,42,3,26517.681902622968,120721.48533047455,1697131.64176787,5070302.383879931,6767434.0256478,253,51f3c6760f42acbe76dda42ed2ccfac04f744e32c97d93a446ea51b9438ecc8f,True
M0254,86,56,28,4,19387.194501096605,131993.42236897873,1085682.8920614098,3695815.8263314045,4781498.7183928145,254,51f3c6760f42acbe76dda42ed2ccfac04f744e32c97d93a446ea51b9438ecc8f,True
M0255,91,67,42,2,25292.82223600277,72711.35684805628,1694619.0898121854,3053876.987618364,4748496.077430549,255,51f3c6760f42acbe76dda42ed2ccfac04f744e32c97d93a446ea51b9438ecc8f,True
M0256,100,69,35,2,32984.14015697973,89415.88242369618,2275905.6708316016,3129555.884829366,5405461.555660968,256,51f3c6760f42acbe76dda42ed2ccfac04f744e32c97d93a446ea51b9438ecc8f,True
M0257,104,63,33,8,26284.79936921755,85690.90651467854,1655942.3602607057,2827799.914984392,4483742.2752450975,257,51f3c6760f42acbe76dda42ed2ccfac04f744e32c97d93a446ea51b9438ecc8f,True
M0258,80,57,34,7,14941.50541250103,77145.68813578779,851665.8085125587,2622953.396616785,3474619.2051293436,258,51f3c6760f42acbe76dda42ed2ccfac04f744e32c97d93a446ea51b9438ecc8f,True
M0259,110,76,53,1,15100.456223415236,100932.23493563259,1147634.672979558,5349408.451588527,6497043.124568085,259,51f3c6760f42acbe76dda42ed2ccfac04f744e32c97d93a446ea51b9438ecc8f,True
M0260,90,60,34,2,9285.198220546245,79409.08177604318,557111.8932327747,2699908.780385468,3257020.673618243,260,51f3c6760f42acbe76dda42ed2ccfac04f744e32c97d93a446ea51b9438ecc8f,True
M0261,96,65,36,3,13195.72010444794,67860.41280734044,857721.8067891161,2442974.861064256,3300696.667853372,261,51f3c6760f42acbe76dda42ed2ccfac04f744e32c97d93a446ea51b9438ecc8f,True
M0262,103,75,44,5,71484.86422694227,55712.19303237043,5361364.8170206705,2451336.4934242987,7812701.31044497,262,51f3c6760f42acbe76dda42ed2ccfac04f744e32c97d93a446ea51b9438ecc8f,True
M0263,99,69,40,1,13695.161243765751,86218.03707464326,944966.1258198369,3448721.4829857303,4393687.608805567,263,51f3c6760f42acbe76dda42ed2ccfac04f744e32c97d93a446ea51b9438ecc8f,True
M0264,73,53,23,6,10764.109800753946,64623.45227733338,570497.8194399591,1486339.4023786678,2056837.2218186269,264,51f3c6760f42acbe76dda42ed2ccfac04f744e32c97d93a446ea51b9438ecc8f,True
M0265,106,80,40,3,26687.66405219312,57496.71523845852,2135013.1241754494,2299868.609538341,4434881.733713791,265,51f3c6760f42acbe76dda42ed2ccfac04f744e32c97d93a446ea51b9438ecc8f,True
M0266,100,73,40,4,20615.142229227906,95555.74415361627,1504905.3827336372,3822229.7661446505,5327135.1488782875,266,51f3c6760f42acbe76dda42ed2ccfac04f744e32c97d93a446ea51b9438ecc8f,True
M0267,85,76,30,2,19587.44459147134,80580.29075610208,1488645.7889518219,2417408.7226830623,3906054.5116348844,267,51f3c6760f42acbe76dda42ed2ccfac04f744e32c97d93a446ea51b9438ecc8f,True
M0268,101,76,46,1,51299.053456447065,151416.30256309293,3898728.0626899768,6965149.917902275,10863877.98059225,268,51f3c6760f42acbe76dda42ed2ccfac04f744e32c97d93a446ea51b9438ecc8f,True
M0269,93,68,35,3,30622.061901516256,53751.09544275891,2082300.2093031055,1881288.3404965617,3963588.549799667,269,51f3c6760f42acbe76dda42ed2ccfac04f744e32c97d93a446ea51b9438ecc8f,True
M0270,91,66,47,5,16026.585899472788,76022.27540728898,1057754.669365204,3573046.944142582,4630801.613507786,270,51f3c6760f42acbe76dda42ed2ccfac04f744e32c97d93a446ea51b9438ecc8f,True
M0271,103,68,34,5,17074.039814474705,55926.330020605805,1161034.70738428,1901495.2207005974,3062529.9280848773,271,51f3c6760f42acbe76dda42ed2ccfac04f744e32c97d93a446ea51b9438ecc8f,True
M0272,109,81,39,1,16292.303406921099,127440.81263576486,1319676.5759606091,4970191.69279483,6289868.268755439,272,51f3c6760f42acbe76dda42ed2ccfac04f744e32c97d93a446ea51b9438ecc8f,True
M0273,83,50,30,8,37229.01736737802,52140.64562668588,1861450.868368901,1564219.3688005763,3425670.237169477,273,51f3c6760f42acbe76dda42ed2ccfac04f744e32c97d93a446ea51b9438ecc8f,True
M0274,102,72,42,1,18308.329923286026,76635.21104639102,1318199.7544765938,3218678.863948423,4536878.618425017,274,51f3c6760f42acbe76dda42ed2ccfac04f744e32c97d93a446ea51b9438ecc8f,True
M0275,98,66,45,5,7510.87987634707,93536.85317389338,495718.0718389067,4209158.392825202,4704876.464664109,275,51f3c6760f42acbe76dda42ed2ccfac04f744e32c97d93a446ea51b9438ecc8f,True
M0276,93,61,37,3,21397.04682722404,59583.22304049645,1305219.8564606665,2204579.2524983687,3509799.108959035,276,51f3c6760f42acbe76dda42ed2ccfac04f744e32c97d93a446ea51b9438ecc8f,True
M0277,104,79,43,5,8758.53908867312,171549.36271021387,691924.5880051765,7376622.596539197,8068547.184544373,277,51f3c6760f42acbe76dda42ed2ccfac04f744e32c97d93a446ea51b9438ecc8f,True
M0278,96,69,38,3,81677.8688507546,106999.50976948031,5635772.950702067,4065981.3712402517,9701754.321942318,278,51f3c6760f42acbe76dda42ed2ccfac04f744e32c97d93a446ea51b9438ecc8f,True
M0279,103,71,44,0,12339.974755252202,57491.06169556781,876138.2076229063,2529606.7146049836,3405744.9222278898,279,51f3c6760f42acbe76dda42ed2ccfac04f744e32c97d93a446ea51b9438ecc8f,True
M0280,85,54,34,2,19987.875441593555,50151.62284151561,1079345.273846052,1705155.1766115306,2784500.4504575823,280,51f3c6760f42acbe76dda42ed2ccfac04f744e32c97d93a446ea51b9438ecc8f,True
M0281,92,61,40,2,25717.362869910638,57557.66670586048,1568759.1350645488,2302306.668234419,3871065.803298968,281,51f3c6760f42acbe76dda42ed2ccfac04f744e32c97d93a446ea51b9438ecc8f,True
M0282,90,53,32,6,18523.678351905037,57062.852440114744,981754.9526509669,1826011.2780836718,2807766.230734639,282,51f3c6760f42acbe76dda42ed2ccfac04f744e32c97d93a446ea51b9438ecc8f,True
M0283,83,55,28,3,18508.433260571623,120880.72207194973,1017963.8293314392,3384660.2180145923,4402624.047346031,283,51f3c6760f42acbe76dda42ed2ccfac04f744e32c97d93a446ea51b9438ecc8f,True
M0284,86,61,40,5,28370.25090237176,195976.27837402656,1730585.3050446773,7839051.134961062,9569636.44000574,284,51f3c6760f42acbe76dda42ed2ccfac04f744e32c97d93a446ea51b9438ecc8f,True
M0285,110,80,37,4,55035.272414033054,51482.42918698691,4402821.793122645,1904849.8799185157,6307671.67304116,285,51f3c6760f42acbe76dda42ed2ccfac04f744e32c97d93a446ea51b9438ecc8f,True
M0286,89,60,38,5,34909.191807641444,64518.547406356905,2094551.5084584868,2451704.8014415624,4546256.309900049,286,51f3c6760f42acbe76dda42ed2ccfac04f744e32c97d93a446ea51b9438ecc8f,True
M0287,118,86,39,5,53482.4224811065,68713.53233500017,4599488.333375159,2679827.7610650067,7279316.094440166,287,51f3c6760f42acbe76dda42ed2ccfac04f744e32c97d93a446ea51b9438ecc8f,True
M0288,102,73,40,10,11754.9362195382,51988.84520349306,858110.3440262886,2079553.8081397223,2937664.152166011,288,51f3c6760f42acbe76dda42ed2ccfac04f744e32c97d93a446ea51b9438ecc8f,True
M0289,108,78,44,1,26646.619671474626,60438.49241815835,2078436.3343750208,2659293.666398967,4737730.000773988,289,51f3c6760f42acbe76dda42ed2ccfac04f744e32c97d93a446ea51b9438ecc8f,True
M0290,95,66,43,2,24176.772356298952,58240.177055087894,1595666.975515731,2504327.6133687794,4099994.58888451,290,51f3c6760f42acbe76dda42ed2ccfac04f744e32c97d93a446ea51b9438ecc8f,True
M0291,100,78,42,7,27191.365988660844,67980.43073144137,2120926.5471155457,2855178.0907205376,4976104.637836084,291,51f3c6760f42acbe76dda42ed2ccfac04f744e32c97d93a446ea51b9438ecc8f,True
M0292,86,58,39,9,50298.93497383905,77088.2128790785,2917338.228482665,3006440.302284062,5923778.530766727,292,51f3c6760f42acbe76dda42ed2ccfac04f744e32c97d93a446ea51b9438ecc8f,True
M0293,94,66,36,12,19293.5574854977,81311.39308890096,1273374.794042848,2927210.1512004347,4200584.945243282,293,51f3c6760f42acbe76dda42ed2ccfac04f744e32c97d93a446ea51b9438ecc8f,True
M0294,88,55,28,9,17269.51314702873,53029.359355771965,949823.2230865802,1484822.061961615,2434645.285048195,294,51f3c6760f42acbe76dda42ed2ccfac04f744e32c97d93a446ea51b9438ecc8f,True
M0295,101,67,39,2,30345.043702331277,97765.31076050698,2033117.9280561956,3812847.119659772,5845965.0477159675,295,51f3c6760f42acbe76dda42ed2ccfac04f744e32c97d93a446ea51b9438ecc8f,True
M0296,95,57,35,6,7578.559063942732,78726.38778443306,431977.86664473574,2755423.572455157,3187401.439099893,296,51f3c6760f42acbe76dda42ed2ccfac04f744e32c97d93a446ea51b9438ecc8f,True
M0297,95,62,35,2,19108.504381746578,120491.96833653268,1184727.271668288,4217218.891778644,5401946.163446932,297,51f3c6760f42acbe76dda42ed2ccfac04f744e32c97d93a446ea51b9438ecc8f,True
M0298,92,62,41,3,20322.448397336113,63476.84737087699,1259991.800634839,2602550.7422059565,3862542.5428407956,298,51f3c6760f42acbe76dda42ed2ccfac04f744e32c97d93a446ea51b9438ecc8f,True
M0299,108,66,51,2,12680.04567629055,122649.86939052111,836883.0146351763,6255143.3389165765,7092026.353551753,299,51f3c6760f42acbe76dda42ed2ccfac04f744e32c97d93a446ea51b9438ecc8f,True
M0300,99,71,30,0,41532.6609201972,111644.02965120063,2948818.9253340014,3349320.889536019,6298139.81487002,300,51f3c6760f42acbe76dda42ed2ccfac04f744e32c97d93a446ea51b9438ecc8f,True
M0301,95,71,41,9,11645.275142874647,62979.912287704676,826814.5351441,2582176.403795892,3408990.938939992,301,51f3c6760f42acbe76dda42ed2ccfac04f744e32c97d93a446ea51b9438ecc8f,True
M0302,86,57,35,2,20302.030222337908,60580.65571676594,1157215.7226732608,2120322.950086808,3277538.6727600684,302,51f3c6760f42acbe76dda42ed2ccfac04f744e32c97d93a446ea51b9438ecc8f,True
M0303,120,79,48,4,26262.420951058273,147249.34025550977,2074731.2551336037,7067968.332264469,9142699.587398073,303,51f3c6760f42acbe76dda42ed2ccfac04f744e32c97d93a446ea51b9438ecc8f,True
M0304,81,65,35,5,49616.113895913346,82629.00079586082,3225047.4032343673,2892015.0278551285,6117062.431089496,304,51f3c6760f42acbe76dda42ed2ccfac04f744e32c97d93a446ea51b9438ecc8f,True
M0305,102,76,43,5,21887.394118979766,143426.68988863972,1663441.9530424622,6167347.665211508,7830789.6182539705,305,51f3c6760f42acbe76dda42ed2ccfac04f744e32c97d93a446ea51b9438ecc8f,True
M0306,87,59,36,4,38626.43464708735,94612.82443617927,2278959.6441781535,3406061.679702454,5685021.323880607,306,51f3c6760f42acbe76dda42ed2ccfac04f744e32c97d93a446ea51b9438ecc8f,True
M0307,90,59,36,3,33535.41214206343,72816.78519872451,1978589.3163817425,2621404.267154082,4599993.583535825,307,51f3c6760f42acbe76dda42ed2ccfac04f744e32c97d93a446ea51b9438ecc8f,True
M0308,89,62,44,4,23720.016143596127,52524.2874528432,1470641.0009029598,2311068.6479251008,3781709.6488280604,308,51f3c6760f42acbe76dda42ed2ccfac04f744e32c97d93a446ea51b9438ecc8f,True
M0309,105,81,46,3,11456.264245258993,57389.088060429785,927957.4038659785,2639898.05077977,3567855.4546457487,309,51f3c6760f42acbe76dda42ed2ccfac04f744e32c97d93a446ea51b9438ecc8f,True
M0310,96,62,42,7,9313.790995394,200237.0529976977,577455.041714428,8409956.225903302,8987411.26761773,310,51f3c6760f42acbe76dda42ed2ccfac04f744e32c97d93a446ea51b9438ecc8f,True
M0311,97,72,31,18,23479.975743047078,58320.181520616134,1690558.2534993896,1807925.6271391,3498483.8806384895,311,51f3c6760f42acbe76dda42ed2ccfac04f744e32c97d93a446ea51b9438ecc8f,True
M0312,98,71,40,5,15904.889802194602,51996.7155454371,1129247.1759558169,2079868.621817484,3209115.7977733007,312,51f3c6760f42acbe76dda42ed2ccfac04f744e32c97d93a446ea51b9438ecc8f,True
M0313,99,72,45,4,38236.91369168605,81761.97010552813,2753057.785801396,3679288.6547487658,6432346.4405501615,313,51f3c6760f42acbe76dda42ed2ccfac04f744e32c97d93a446ea51b9438ecc8f,True
M0314,108,69,46,6,34458.60097918299,84921.98329022761,2377643.4675636264,3906411.23135047,6284054.698914096,314,51f3c6760f42acbe76dda42ed2ccfac04f744e32c97d93a446ea51b9438ecc8f,True
M0315,92,63,30,6,19716.939204134025,57195.10107837301,1242167.1698604436,1715853.0323511902,2958020.202211634,315,51f3c6760f42acbe76dda42ed2ccfac04f744e32c97d93a446ea51b9438ecc8f,True
M0316,97,67,39,6,10996.939058361231,57590.91863639313,736794.9169102025,2246045.826819332,2982840.7437295346,316,51f3c6760f42acbe76dda42ed2ccfac04f744e32c97d93a446ea51b9438ecc8f,True
M0317,116,89,48,3,29924.754596201597,64401.67892880939,2663303.1590619422,3091280.588582851,5754583.747644793,317,51f3c6760f42acbe76dda42ed2ccfac04f744e32c97d93a446ea51b9438ecc8f,True
M0318,104,78,43,3,11958.891416959821,50442.543657858056,932793.530522866,2169029.3772878964,3101822.9078107625,318,51f3c6760f42acbe76dda42ed2ccfac04f744e32c97d93a446ea51b9438ecc8f,True
M0319,87,68,37,7,13973.551541418024,93223.01886532329,950201.5048164256,3449251.6980169616,4399453.202833387,319,51f3c6760f42acbe76dda42ed2ccfac04f744e32c97d93a446ea51b9438ecc8f,True
M0320,103,69,40,2,12238.604731827274,58240.39434949596,844463.7264960819,2329615.7739798385,3174079.5004759203,320,51f3c6760f42acbe76dda42ed2ccfac04f744e32c97d93a446ea51b9438ecc8f,True
M0321,115,76,40,5,20270.043527641657,107881.56000411237,1540523.308100766,4315262.400164494,5855785.70826526,321,51f3c6760f42acbe76dda42ed2ccfac04f744e32c97d93a446ea51b9438ecc8f,True
M0322,88,68,35,1,44449.784840308435,95688.09729601386,3022585.369140974,3349083.405360485,6371668.774501459,322,51f3c6760f42acbe76dda42ed2ccfac04f744e32c97d93a446ea51b9438ecc8f,True
M0323,92,61,41,0,21959.946906107638,77107.4366824269,1339556.761272566,3161404.9039795026,4500961.665252069,323,51f3c6760f42acbe76dda42ed2ccfac04f744e32c97d93a446ea51b9438ecc8f,True
M0324,108,74,36,7,16883.106482534255,58508.140284188325,1249349.8797075348,2106293.0502307797,3355642.9299383145,324,51f3c6760f42acbe76dda42ed2ccfac04f744e32c97d93a446ea51b9438ecc8f,True
M0325,95,64,46,4,8818.711430150033,66856.78946953772,564397.5315296021,3075412.315598735,3639809.8471283372,325,51f3c6760f42acbe76dda42ed2ccfac04f744e32c97d93a446ea51b9438ecc8f,True
M0326,86,62,37,3,30677.192765983407,63270.22459002254,1901985.9514909713,2340998.309830834,4242984.261321805,326,51f3c6760f42acbe76dda42ed2ccfac04f744e32c97d93a446ea51b9438ecc8f,True
M0327,87,68,40,4,13790.80350679721,59000.86540446875,937774.6384622103,2360034.61617875,3297809.25464096,327,51f3c6760f42acbe76dda42ed2ccfac04f744e32c97d93a446ea51b9438ecc8f,True
M0328,109,76,37,10,23635.629367482295,106264.54851516211,1796307.8319286546,3931788.2950609983,5728096.126989653,328,51f3c6760f42acbe76dda42ed2ccfac04f744e32c97d93a446ea51b9438ecc8f,True
M0329,91,62,32,3,17809.171037994452,65124.477727003716,1104168.604355656,2083983.287264119,3188151.891619775,329,51f3c6760f42acbe76dda42ed2ccfac04f744e32c97d93a446ea51b9438ecc8f,True
M0330,107,74,41,2,36421.20109597613,102234.06124166063,2695168.8811022337,4191596.510908086,6886765.39201032,330,51f3c6760f42acbe76dda42ed2ccfac04f744e32c97d93a446ea51b9438ecc8f,True
M0331,106,69,43,1,20043.459394618465,52273.69514814006,1382998.698228674,2247768.8913700227,3630767.5895986967,331,51f3c6760f42acbe76dda42ed2ccfac04f744e32c97d93a446ea51b9438ecc8f,True
M0332,92,67,34,9,21261.30828264871,53134.64115785974,1424507.6549374636,1806577.799367231,3231085.4543046947,332,51f3c6760f42acbe76dda42ed2ccfac04f744e32c97d93a446ea51b9438ecc8f,True
M0333,90,66,42,4,29479.43818052525,227360.55529242693,1945642.9199146663,9549143.32228193,11494786.242196597,333,51f3c6760f42acbe76dda42ed2ccfac04f744e32c97d93a446ea51b9438ecc8f,True
M0334,102,74,42,9,77976.60379708509,71271.10934917754,5770268.680984297,2993386.5926654567,8763655.273649754,334,51f3c6760f42acbe76dda42ed2ccfac04f744e32c97d93a446ea51b9438ecc8f,True
M0335,99,73,35,5,37536.46570310479,66498.20688227999,2740161.9963266496,2327437.2408797997,5067599.23720645,335,51f3c6760f42acbe76dda42ed2ccfac04f744e32c97d93a446ea51b9438ecc8f,True
M0336,88,53,36,3,20886.041336595805,67238.72945168139,1106960.1908395777,2420594.26026053,3527554.4511001073,336,51f3c6760f42acbe76dda42ed2ccfac04f744e32c97d93a446ea51b9438ecc8f,True
M0337,100,71,39,11,22068.77062750423,55091.12367093918,1566882.7145528002,2148553.823166628,3715436.537719428,337,51f3c6760f42acbe76dda42ed2ccfac04f744e32c97d93a446ea51b9438ecc8f,True
M0338,119,89,48,3,16076.02521098569,83043.29073409544,1430766.2437777263,3986077.955236581,5416844.199014308,338,51f3c6760f42acbe76dda42ed2ccfac04f744e32c97d93a446ea51b9438ecc8f,True
M0339,106,81,42,4,12456.558843182876,51803.59768390225,1008981.266297813,2175751.1027238946,3184732.3690217077,339,51f3c6760f42acbe76dda42ed2ccfac04f744e32c97d93a446ea51b9438ecc8f,True
M0340,102,71,44,4,15809.234775890754,70295.9980784587,1122455.6690882435,3093023.9154521828,4215479.584540427,340,51f3c6760f42acbe76dda42ed2ccfac04f744e32c97d93a446ea51b9438ecc8f,True
M0341,98,71,43,16,13859.284136028817,70128.32887051078,984009.1736580459,3015518.1414319635,3999527.3150900095,341,51f3c6760f42acbe76dda42ed2ccfac04f744e32c97d93a446ea51b9438ecc8f,True
M0342,119,82,46,3,32598.48292658143,133521.63856302132,2673075.5999796772,6141995.373898981,8815070.97387866,342,51f3c6760f42acbe76dda42ed2ccfac04f744e32c97d93a446ea51b9438ecc8f,True
M0343,99,61,35,4,11582.876066573775,67410.20987226468,706555.4400610003,2359357.345529264,3065912.785590264,343,51f3c6760f42acbe76dda42ed2ccfac04f744e32c97d93a446ea51b9438ecc8f,True
M0344,87,60,30,6,49017.19024167392,53036.921399169325,2941031.414500435,1591107.6419750797,4532139.056475515,344,51f3c6760f42acbe76dda42ed2ccfac04f744e32c97d93a446ea51b9438ecc8f,True
M0345,113,78,42,4,34586.81538443333,70258.43973734703,2697771.5999857998,2950854.4689685754,5648626.068954375,345,51f3c6760f42acbe76dda42ed2ccfac04f744e32c97d93a446ea51b9438ecc8f,True
M0346,103,74,33,4,22299.087506513977,51952.57500367888,1650132.4754820343,1714434.975121403,3364567.4506034376,346,51f3c6760f42acbe76dda42ed2ccfac04f744e32c97d93a446ea51b9438ecc8f,True
M0347,79,54,33,6,22030.676928030793,54772.15014534404,1189656.5541136628,1807480.9547963534,2997137.508910016,347,51f3c6760f42acbe76dda42ed2ccfac04f744e32c97d93a446ea51b9438ecc8f,True
M0348,110,84,41,1,15766.318675252189,50636.06644438396,1324370.7687211838,2076078.7242197425,3400449.492940926,348,51f3c6760f42acbe76dda42ed2ccfac04f744e32c97d93a446ea51b9438ecc8f,True
M0349,95,70,35,3,25901.35717279169,66690.3774228679,1813095.0020954183,2334163.2098003766,4147258.2118957946,349,51f3c6760f42acbe76dda42ed2ccfac04f744e32c97d93a446ea51b9438ecc8f,True
M0350,101,70,34,2,42313.24674903592,51797.98360139719,2961927.2724325145,1761131.4424475043,4723058.7148800185,350,51f3c6760f42acbe76dda42ed2ccfac04f744e32c97d93a446ea51b9438ecc8f,True
M0351,95,62,42,8,14445.036253329006,64426.014444244975,895592.2477063984,2705892.6066582887,3601484.854364687,351,51f3c6760f42acbe76dda42ed2ccfac04f744e32c97d93a446ea51b9438ecc8f,True
M0352,107,79,48,1,8777.656579762268,147366.11320407802,693434.8698012192,7073573.433795745,7767008.303596964,352,51f3c6760f42acbe76dda42ed2ccfac04f744e32c97d93a446ea51b9438ecc8f,True
M0353,91,61,37,4,33588.228856332236,83168.49267884529,2048881.9602362665,3077234.2291172757,5126116.189353542,353,51f3c6760f42acbe76dda42ed2ccfac04f744e32c97d93a446ea51b9438ecc8f,True
M0354,87,56,30,4,26758.82446715874,51637.69195381393,1498494.1701608896,1549130.7586144179,3047624.9287753077,354,51f3c6760f42acbe76dda42ed2ccfac04f744e32c97d93a446ea51b9438ecc8f,True
M0355,100,70,41,5,11247.270085678469,55344.22259397955,787308.9059974928,2269113.126353162,3056422.0323506547,355,51f3c6760f42acbe76dda42ed2ccfac04f744e32c97d93a446ea51b9438ecc8f,True
M0356,117,89,47,9,14185.35222088151,78253.39147915955,1262496.3476584544,3677909.3995204987,4940405.747178953,356,51f3c6760f42acbe76dda42ed2ccfac04f744e32c97d93a446ea51b9438ecc8f,True
M0357,102,73,44,3,13154.740087334272,123027.36605100075,960296.0263754019,5413204.106244033,6373500.132619435,357,51f3c6760f42acbe76dda42ed2ccfac04f744e32c97d93a446ea51b9438ecc8f,True
M0358,88,53,40,4,14260.954662109574,50673.953637738334,755830.5970918074,2026958.1455095334,2782788.7426013406,358,51f3c6760f42acbe76dda42ed2ccfac04f744e32c97d93a446ea51b9438ecc8f,True
M0359,100,68,30,7,18138.469482228207,97661.68772364905,1233415.9247915181,2929850.631709472,4163266.55650099,359,51f3c6760f42acbe76dda42ed2ccfac04f744e32c97d93a446ea51b9438ecc8f,True
M0360,81,57,34,2,18771.060306910156,69551.5091338463,1069950.4374938789,2364751.310550774,3434701.748044653,360,51f3c6760f42acbe76dda42ed2ccfac04f744e32c97d93a446ea51b9438ecc8f,True
M0361,91,69,32,4,14906.070230042093,68577.65197619771,1028518.8458729044,2194484.8632383267,3223003.7091112314,361,51f3c6760f42acbe76dda42ed2ccfac04f744e32c97d93a446ea51b9438ecc8f,True
M0362,90,60,35,8,13976.06787441526,177377.81454735147,838564.0724649156,6208223.509157302,7046787.581622218,362,51f3c6760f42acbe76dda42ed2ccfac04f744e32c97d93a446ea51b9438ecc8f,True
M0363,102,62,43,8,19201.225683264674,86729.1264362581,1190475.9923624098,3729352.4367590984,4919828.429121508,363,51f3c6760f42acbe76dda42ed2ccfac04f744e32c97d93a446ea51b9438ecc8f,True
M0364,109,74,40,13,24357.983053382424,106824.58605375003,1802490.7459502993,4272983.442150001,6075474.188100301,364,51f3c6760f42acbe76dda42ed2ccfac04f744e32c97d93a446ea51b9438ecc8f,True
M0365,101,66,48,3,18219.032677908428,59549.182765231424,1202456.1567419562,2858360.7727311086,4060816.929473065,365,51f3c6760f42acbe76dda42ed2ccfac04f744e32c97d93a446ea51b9438ecc8f,True
M0366,97,67,36,11,44143.46663544849,69084.06964142513,2957612.264575049,2487026.5070913048,5444638.771666354,366,51f3c6760f42acbe76dda42ed2ccfac04f744e32c97d93a446ea51b9438ecc8f,True
M0367,88,60,42,4,29877.250849920292,73277.19842709774,1792635.0509952176,3077642.333938105,4870277.384933323,367,51f3c6760f42acbe76dda42ed2ccfac04f744e32c97d93a446ea51b9438ecc8f,True
M0368,96,66,40,8,8480.226903233734,58394.44784784521,559694.9756134264,2335777.9139138083,2895472.8895272347,368,51f3c6760f42acbe76dda42ed2ccfac04f744e32c97d93a446ea51b9438ecc8f,True
M0369,104,74,47,1,30158.93950637793,70094.33054333841,2231761.523471967,3294433.5355369053,5526195.059008872,369,51f3c6760f42acbe76dda42ed2ccfac04f744e32c97d93a446ea51b9438ecc8f,True
M0370,106,74,44,9,31676.374229476496,55703.40517298598,2344051.692981261,2450949.827611383,4795001.520592644,370,51f3c6760f42acbe76dda42ed2ccfac04f744e32c97d93a446ea51b9438ecc8f,True
M0371,91,59,42,2,16969.264551362678,53192.92136326449,1001186.608530398,2234102.6972571085,3235289.3057875065,371,51f3c6760f42acbe76dda42ed2ccfac04f744e32c97d93a446ea51b9438ecc8f,True
M0372,110,72,41,4,8981.1341227809,60302.04189161796,646641.6568402249,2472383.7175563364,3119025.374396561,372,51f3c6760f42acbe76dda42ed2ccfac04f744e32c97d93a446ea51b9438ecc8f,True
M0373,104,70,33,13,22133.333529219224,85606.48811655874,1549333.3470453457,2825014.1078464384,4374347.454891784,373,51f3c6760f42acbe76dda42ed2ccfac04f744e32c97d93a446ea51b9438ecc8f,True
M0374,85,62,30,8,21924.8244224587,134786.30158430722,1359339.1141924395,4043589.047529217,5402928.161721656,374,51f3c6760f42acbe76dda42ed2ccfac04f744e32c97d93a446ea51b9438ecc8f,True
M0375,107,71,51,10,11237.50650988797,63867.3157545931,797862.9622020458,3257233.1034842483,4055096.065686294,375,51f3c6760f42acbe76dda42ed2ccfac04f744e32c97d93a446ea51b9438ecc8f,True
M0376,111,84,44,6,9221.273865045698,75477.40235698977,774587.0046638387,3321005.7037075497,4095592.7083713883,376,51f3c6760f42acbe76dda42ed2ccfac04f744e32c97d93a446ea51b9438ecc8f,True
M0377,105,82,40,2,20899.2357882303,52222.80779436601,1713737.3346348847,2088912.3117746403,3802649.646409525,377,51f3c6760f42acbe76dda42ed2ccfac04f744e32c97d93a446ea51b9438ecc8f,True
M0378,94,62,34,2,19151.832554255005,127909.48306186813,1187413.6183638102,4348922.424103516,5536336.042467326,378,51f3c6760f42acbe76dda42ed2ccfac04f744e32c97d93a446ea51b9438ecc8f,True
M0379,91,57,34,1,17148.067787698943,69987.3653205876,977439.8638988398,2379570.4208999784,3357010.284798818,379,51f3c6760f42acbe76dda42ed2ccfac04f744e32c97d93a446ea51b9438ecc8f,True
M0380,89,62,38,1,20951.24936539913,91678.65363916552,1298977.460654746,3483788.83828829,4782766.298943036,380,51f3c6760f42acbe76dda42ed2ccfac04f744e32c97d93a446ea51b9438ecc8f,True
M0381,98,72,42,5,11365.459603314526,94144.63491651042,818313.0914386458,3954074.6664934377,4772387.757932084,381,51f3c6760f42acbe76dda42ed2ccfac04f744e32c97d93a446ea51b9438ecc8f,True
M0382,110,78,41,7,16968.392576797,56292.82777591637,1323534.620990166,2308005.938812571,3631540.559802737,382,51f3c6760f42acbe76dda42ed2ccfac04f744e32c97d93a446ea51b9438ecc8f,True
M0383,93,59,39,6,30333.10648749274,67581.21517644111,1789653.2827620716,2635667.3918812033,4425320.674643274,383,51f3c6760f42acbe76dda42ed2ccfac04f744e32c97d93a446ea51b9438ecc8f,True
M0384,103,70,41,4,17854.62668728959,182071.57032340844,1249823.8681102714,7464934.383259746,8714758.251370018,384,51f3c6760f42acbe76dda42ed2ccfac04f744e32c97d93a446ea51b9438ecc8f,True
M0385,104,67,45,6,8077.328914108394,51913.904816333714,541181.0372452624,2336125.716735017,2877306.7539802794,385,51f3c6760f42acbe76dda42ed2ccfac04f744e32c97d93a446ea51b9438ecc8f,True
M0386,101,69,42,7,16587.16750233999,79172.3700730279,1144514.5576614593,3325239.5430671717,4469754.100728631,386,51f3c6760f42acbe76dda42ed2ccfac04f744e32c97d93a446ea51b9438ecc8f,True
M0387,94,63,36,12,11590.080962947364,185467.58554822495,730175.100665684,6676833.079736098,7407008.180401782,387,51f3c6760f42acbe76dda42ed2ccfac04f744e32c97d93a446ea51b9438ecc8f,True
M0388,108,81,41,8,25855.581564263415,57686.483715947645,2094302.1067053366,2365145.8323538536,4459447.93905919,388,51f3c6760f42acbe76dda42ed2ccfac04f744e32c97d93a446ea51b9438ecc8f,True
M0389,113,77,41,18,26670.208689624553,110236.34012352834,2053606.0691010905,4519689.945064662,6573296.014165753,389,51f3c6760f42acbe76dda42ed2ccfac04f744e32c97d93a446ea51b9438ecc8f,True
M0390,115,83,56,2,8141.544841422134,147997.16287494943,675748.2218380371,8287841.120997168,8963589.342835205,390,51f3c6760f42acbe76dda42ed2ccfac04f744e32c97d93a446ea51b9438ecc8f,True
M0391,98,69,43,7,34731.68919058468,86652.48065465702,2396486.554150343,3726056.6681502517,6122543.222300595,391,51f3c6760f42acbe76dda42ed2ccfac04f744e32c97d93a446ea51b9438ecc8f,True
M0392,93,72,42,3,11301.471520021068,55548.66810637897,813705.9494415169,2333044.060467917,3146750.009909434,392,51f3c6760f42acbe76dda42ed2ccfac04f744e32c97d93a446ea51b9438ecc8f,True
M0393,104,77,44,6,56134.69638886527,58827.514582448624,4322371.621942625,2588410.6416277396,6910782.263570365,393,51f3c6760f42acbe76dda42ed2ccfac04f744e32c97d93a446ea51b9438ecc8f,True
M0394,87,62,37,4,21391.185877855547,50734.6686165429,1326253.524427044,1877182.7388120873,3203436.2632391313,394,51f3c6760f42acbe76dda42ed2ccfac04f744e32c97d93a446ea51b9438ecc8f,True
M0395,89,61,37,4,10427.10454253229,101925.26165949434,636053.3770944697,3771234.6814012905,4407288.05849576,395,51f3c6760f42acbe76dda42ed2ccfac04f744e32c97d93a446ea51b9438ecc8f,True
M0396,86,63,42,6,11101.198534853935,106680.19261802206,699375.5076957978,4480568.089956926,5179943.597652724,396,51f3c6760f42acbe76dda42ed2ccfac04f744e32c97d93a446ea51b9438ecc8f,True
M0397,93,70,39,3,27142.53069727285,74639.1198019095,1899977.1488090996,2910925.672274471,4810902.82108357,397,51f3c6760f42acbe76dda42ed2ccfac04f744e32c97d93a446ea51b9438ecc8f,True
M0398,104,70,47,9,17417.31431575158,59495.15052066111,1219212.0021026107,2796272.0744710723,4015484.076573683,398,51f3c6760f42acbe76dda42ed2ccfac04f744e32c97d93a446ea51b9438ecc8f,True
M0399,91,68,39,3,20785.432385340664,51624.250693017944,1413409.4022031652,2013345.7770276999,3426755.179230865,399,51f3c6760f42acbe76dda42ed2ccfac04f744e32c97d93a446ea51b9438ecc8f,True
M0400,113,79,52,4,57969.25945446946,87484.62718904146,4579571.496903087,4549200.613830157,9128772.110733245,400,51f3c6760f42acbe76dda42ed2ccfac04f744e32c97d93a446ea51b9438ecc8f,True
M0401,103,68,43,3,14478.984922751979,83985.38359353454,984570.9747471346,3611371.4945219853,4595942.46926912,401,51f3c6760f42acbe76dda42ed2ccfac04f744e32c97d93a446ea51b9438ecc8f,True
M0402,98,68,39,6,22833.35568798173,132547.1651207702,1552668.1867827575,5169339.439710038,6722007.626492796,402,51f3c6760f42acbe76dda42ed2ccfac04f744e32c97d93a446ea51b9438ecc8f,True
M0403,100,69,48,4,51632.50486698432,84482.57416895257,3562642.835821918,4055163.5601097234,7617806.395931642,403,51f3c6760f42acbe76dda42ed2ccfac04f744e32c97d93a446ea51b9438ecc8f,True
M0404,89,59,33,3,25908.026036958025,101265.59762860385,1528573.5361805235,3341764.721743927,4870338.257924451,404,51f3c6760f42acbe76dda42ed2ccfac04f744e32c97d93a446ea51b9438ecc8f,True
M0405,83,60,37,5,8400.43155229703,86497.88378538152,504025.8931378218,3200421.7000591164,3704447.5931969383,405,51f3c6760f42acbe76dda42ed2ccfac04f744e32c97d93a446ea51b9438ecc8f,True
M0406,92,58,36,2,29828.912105732605,74475.29888311186,1730076.902132491,2681110.759792027,4411187.661924519,406,51f3c6760f42acbe76dda42ed2ccfac04f744e32c97d93a446ea51b9438ecc8f,True
M0407,94,58,42,1,10962.090543467006,62473.80641087548,635801.2515210863,2623899.8692567702,3259701.1207778566,407,51f3c6760f42acbe76dda42ed2ccfac04f744e32c97d93a446ea51b9438ecc8f,True
M0408,107,71,46,8,51230.20186230126,126674.04636622137,3637344.3322233898,5827006.132846183,9464350.465069573,408,51f3c6760f42acbe76dda42ed2ccfac04f744e32c97d93a446ea51b9438ecc8f,True
M0409,102,77,43,3,13443.882340727048,76177.05706917525,1035178.9402359828,3275613.4539745357,4310792.394210518,409,51f3c6760f42acbe76dda42ed2ccfac04f744e32c97d93a446ea51b9438ecc8f,True
M0410,107,78,39,3,130836.75821683709,61268.037932731764,10205267.140913293,2389453.4793765387,12594720.620289832,410,51f3c6760f42acbe76dda42ed2ccfac04f744e32c97d93a446ea51b9438ecc8f,True
M0411,103,79,40,9,53126.20524832191,51773.937699180264,4196970.214617431,2070957.5079672106,6267927.722584642,411,51f3c6760f42acbe76dda42ed2ccfac04f744e32c97d93a446ea51b9438ecc8f,True
M0412,100,65,43,4,13657.340999673297,57363.97127789956,887727.1649787644,2466650.7649496812,3354377.9299284457,412,51f3c6760f42acbe76dda42ed2ccfac04f744e32c97d93a446ea51b9438ecc8f,True
M0413,95,65,40,4,22292.5603011142,68435.27162301558,1449016.419572423,2737410.864920623,4186427.284493046,413,51f3c6760f42acbe76dda42ed2ccfac04f744e32c97d93a446ea51b9438ecc8f,True
M0414,85,64,36,15,34619.99100745195,56883.60472803358,2215679.424476925,2047809.7702092088,4263489.194686133,414,51f3c6760f42acbe76dda42ed2ccfac04f744e32c97d93a446ea51b9438ecc8f,True
M0415,107,73,49,1,35249.13555002005,55259.57138337365,2573186.895151464,2707718.997785309,5280905.892936773,415,51f3c6760f42acbe76dda42ed2ccfac04f744e32c97d93a446ea51b9438ecc8f,True
M0416,106,71,43,8,28721.514526624887,67479.23234664375,2039227.531390367,2901606.990905681,4940834.522296049,416,51f3c6760f42acbe76dda42ed2ccfac04f744e32c97d93a446ea51b9438ecc8f,True
M0417,92,70,37,4,46690.473168881166,53864.31858169146,3268333.1218216815,1992979.7875225842,5261312.909344265,417,51f3c6760f42acbe76dda42ed2ccfac04f744e32c97d93a446ea51b9438ecc8f,True
M0418,110,74,51,3,20459.82798355465,95260.87102235768,1514027.270783044,4858304.422140242,6372331.692923285,418,51f3c6760f42acbe76dda42ed2ccfac04f744e32c97d93a446ea51b9438ecc8f,True
M0419,93,63,36,3,17676.1119354583,65167.957667977884,1113595.0519338727,2346046.476047204,3459641.5279810764,419,51f3c6760f42acbe76dda42ed2ccfac04f744e32c97d93a446ea51b9438ecc8f,True
M0420,96,64,31,3,17887.932585449853,70331.55418376927,1144827.6854687906,2180278.1796968477,3325105.8651656383,420,51f3c6760f42acbe76dda42ed2ccfac04f744e32c97d93a446ea51b9438ecc8f,True
M0421,117,85,52,4,36865.22372549877,53292.79081692596,3133544.0166673954,2771225.12248015,5904769.139147545,421,51f3c6760f42acbe76dda42ed2ccfac04f744e32c97d93a446ea51b9438ecc8f,True
M0422,122,85,49,4,27422.212089834684,58497.79487368243,2330888.0276359483,2866391.948810439,5197279.976446387,422,51f3c6760f42acbe76dda42ed2ccfac04f744e32c97d93a446ea51b9438ecc8f,True
M0423,90,67,40,3,26232.915011455912,61752.65120582104,1757605.3057675462,2470106.048232842,4227711.354000388,423,51f3c6760f42acbe76dda42ed2ccfac04f744e32c97d93a446ea51b9438ecc8f,True
M0424,113,73,47,13,35494.76676599012,96792.60638566739,2591117.973917279,4549252.500126367,7140370.474043647,424,51f3c6760f42acbe76dda42ed2ccfac04f744e32c97d93a446ea51b9438ecc8f,True
M0425,110,77,42,1,6434.108397655512,90032.51844804145,495426.3466194744,3781365.7748177405,4276792.121437215,425,51f3c6760f42acbe76dda42ed2ccfac04f744e32c97d93a446ea51b9438ecc8f,True
M0426,106,76,45,6,26530.261247324648,55309.096078519804,2016299.8547966732,2488909.323533391,4505209.178330064,426,51f3c6760f42acbe76dda42ed2ccfac04f744e32c97d93a446ea51b9438ecc8f,True
M0427,92,68,39,0,25113.010396685306,73336.2245682751,1707684.706974601,2860112.7581627285,4567797.465137329,427,51f3c6760f42acbe76dda42ed2ccfac04f744e32c97d93a446ea51b9438ecc8f,True
M0428,121,88,40,3,59951.12037553851,55903.16673358091,5275698.593047389,2236126.6693432364,7511825.262390625,428,51f3c6760f42acbe76dda42ed2ccfac04f744e32c97d93a446ea51b9438ecc8f,True
M0429,89,61,39,1,8802.994358871218,295741.8676013522,536982.6558911443,11533932.836452737,12070915.492343882,429,51f3c6760f42acbe76dda42ed2ccfac04f744e32c97d93a446ea51b9438ecc8f,True
M0430,117,88,51,4,56067.52121738191,168625.17710414523,4933941.867129608,8599884.032311406,13533825.899441015,430,51f3c6760f42acbe76dda42ed2ccfac04f744e32c97d93a446ea51b9438ecc8f,True
M0431,106,74,37,3,23045.953442076243,69643.83759119494,1705400.554713642,2576821.9908742127,4282222.545587854,431,51f3c6760f42acbe76dda42ed2ccfac04f744e32c97d93a446ea51b9438ecc8f,True
M0432,121,87,58,7,29536.844183239875,80814.10842500062,2569705.4439418693,4687218.288650036,7256923.732591905,432,51f3c6760f42acbe76dda42ed2ccfac04f744e32c97d93a446ea51b9438ecc8f,True
M0433,95,72,28,4,60207.443664539125,95456.36325774141,4334935.943846817,2672778.1712167594,7007714.115063576,433,51f3c6760f42acbe76dda42ed2ccfac04f744e32c97d93a446ea51b9438ecc8f,True
M0434,91,66,41,3,30836.574887820025,83315.79434063451,2035213.9425961217,3415947.567966015,5451161.510562137,434,51f3c6760f42acbe76dda42ed2ccfac04f744e32c97d93a446ea51b9438ecc8f,True
M0435,82,62,33,0,28007.314121691557,80913.75064075769,1736453.4755448767,2670153.771145004,4406607.24668988,435,51f3c6760f42acbe76dda42ed2ccfac04f744e32c97d93a446ea51b9438ecc8f,True
M0436,95,64,35,4,25473.009292906638,178639.29190187887,1630272.5947460248,6252375.216565761,7882647.811311785,436,51f3c6760f42acbe76dda42ed2ccfac04f744e32c97d93a446ea51b9438ecc8f,True
M0437,81,60,31,4,16480.170000974573,71880.93081133006,988810.2000584743,2228308.855151232,3217119.055209706,437,51f3c6760f42acbe76dda42ed2ccfac04f744e32c97d93a446ea51b9438ecc8f,True
M0438,101,71,38,3,21653.15662393617,74933.14490395601,1537374.120299468,2847459.506350328,4384833.626649796,438,51f3c6760f42acbe76dda42ed2ccfac04f744e32c97d93a446ea51b9438ecc8f,True
M0439,95,67,38,1,14338.339899417044,106583.18267662718,960668.773260942,4050160.941711833,5010829.7149727745,439,51f3c6760f42acbe76dda42ed2ccfac04f744e32c97d93a446ea51b9438ecc8f,True
M0440,114,86,54,1,21445.28014630838,77894.53494929291,1844294.0925825208,4206304.887261817,6050598.979844338,440,51f3c6760f42acbe76dda42ed2ccfac04f744e32c97d93a446ea51b9438ecc8f,True
M0441,92,71,35,4,5423.201386442264,84785.51593849524,385047.2984374008,2967493.0578473336,3352540.3562847343,441,51f3c6760f42acbe76dda42ed2ccfac04f744e32c97d93a446ea51b9438ecc8f,True
M0442,113,83,39,4,28493.285458178376,55630.9858571627,2364942.6930288053,2169608.448429345,4534551.14145815,442,51f3c6760f42acbe76dda42ed2ccfac04f744e32c97d93a446ea51b9438ecc8f,True
M0443,113,74,45,5,20474.953706252498,60198.19662272778,1515146.574262685,2708918.84802275,4224065.422285435,443,51f3c6760f42acbe76dda42ed2ccfac04f744e32c97d93a446ea51b9438ecc8f,True
M0444,120,80,44,7,18002.713184651482,53290.74274438721,1440217.0547721186,2344792.6807530373,3785009.735525156,444,51f3c6760f42acbe76dda42ed2ccfac04f744e32c97d93a446ea51b9438ecc8f,True
M0445,108,84,42,10,25130.935351645334,66282.17650044445,2110998.569538208,2783851.4130186667,4894849.982556875,445,51f3c6760f42acbe76dda42ed2ccfac04f744e32c97d93a446ea51b9438ecc8f,True
M0446,99,65,37,13,9319.4756579533,63773.9645433651,605765.9177669645,2359636.688104509,2965402.6058714734,446,51f3c6760f42acbe76dda42ed2ccfac04f744e32c97d93a446ea51b9438ecc8f,True
M0447,108,80,50,4,70091.86361122612,522173.5845537883,5607349.088898089,26108679.227689415,31716028.316587504,447,51f3c6760f42acbe76dda42ed2ccfac04f744e32c97d93a446ea51b9438ecc8f,True
M0448,98,65,45,10,20709.328359037016,72959.75517532951,1346106.343337406,3283188.9828898283,4629295.326227235,448,51f3c6760f42acbe76dda42ed2ccfac04f744e32c97d93a446ea51b9438ecc8f,True
M0449,92,65,37,4,20180.929235911142,92718.40731863855,1311760.4003342243,3430581.0707896263,4742341.471123851,449,51f3c6760f42acbe76dda42ed2ccfac04f744e32c97d93a446ea51b9438ecc8f,True
M0450,96,71,47,2,12341.986609421492,58828.00753761364,876281.0492689259,2764916.3542678407,3641197.403536767,450,51f3c6760f42acbe76dda42ed2ccfac04f744e32c97d93a446ea51b9438ecc8f,True
M0451,94,61,31,5,22345.222738349425,101947.54773007728,1363058.587039315,3160373.979632396,4523432.56667171,451,51f3c6760f42acbe76dda42ed2ccfac04f744e32c97d93a446ea51b9438ecc8f,True
M0452,75,48,24,3,50623.74095950976,73252.77051546572,2429939.5660564685,1758066.4923711773,4188006.058427646,452,51f3c6760f42acbe76dda42ed2ccfac04f744e32c97d93a446ea51b9438ecc8f,True
M0453,97,68,40,9,41009.118592742394,80609.93231563648,2788620.0643064827,3224397.2926254594,6013017.356931942,453,51f3c6760f42acbe76dda42ed2ccfac04f744e32c97d93a446ea51b9438ecc8f,True
M0454,109,77,38,4,36778.27699026672,57484.949363552936,2831927.3282505376,2184428.0758150117,5016355.404065549,454,51f3c6760f42acbe76dda42ed2ccfac04f744e32c97d93a446ea51b9438ecc8f,True
M0455,98,65,37,4,30571.985772943684,68732.18617745217,1987179.0752413394,2543090.8885657303,4530269.96380707,455,51f3c6760f42acbe76dda42ed2ccfac04f744e32c97d93a446ea51b9438ecc8f,True
M0456,121,72,46,12,17763.027750491336,74747.23292081748,1278937.9980353762,3438372.714357604,4717310.71239298,456,51f3c6760f42acbe76dda42ed2ccfac04f744e32c97d93a446ea51b9438ecc8f,True
M0457,103,77,40,9,9227.118588006137,71363.03254181535,710488.1312764725,2854521.301672614,3565009.4329490867,457,51f3c6760f42acbe76dda42ed2ccfac04f744e32c97d93a446ea51b9438ecc8f,True
M0458,121,82,44,1,19523.550560213178,134152.5034016562,1600931.1459374805,5902710.149672872,7503641.295610353,458,51f3c6760f42acbe76dda42ed2ccfac04f744e32c97d93a446ea51b9438ecc8f,True
M0459,103,70,43,9,19119.75019260647,124736.89711373793,1338382.5134824528,5363686.575890731,6702069.089373184,459,51f3c6760f42acbe76dda42ed2ccfac04f744e32c97d93a446ea51b9438ecc8f,True
M0460,91,65,38,8,41327.22091119281,206022.82303630153,2686269.3592275325,7828867.275379458,10515136.634606991,460,51f3c6760f42acbe76dda42ed2ccfac04f744e32c97d93a446ea51b9438ecc8f,True
M0461,91,60,38,9,26519.464862989233,77663.28110640716,1591167.8917793538,2951204.682043472,4542372.573822826,461,51f3c6760f42acbe76dda42ed2ccfac04f744e32c97d93a446ea51b9438ecc8f,True
M0462,109,74,50,4,57952.959464672975,208725.1840064207,4288519.0003858,10436259.200321035,14724778.200706836,462,51f3c6760f42acbe76dda42ed2ccfac04f744e32c97d93a446ea51b9438ecc8f,True
M0463,97,69,33,3,45183.76518704299,102174.2043947035,3117679.797905966,3371748.7450252157,6489428.542931182,463,51f3c6760f42acbe76dda42ed2ccfac04f744e32c97d93a446ea51b9438ecc8f,True
M0464,106,75,49,8,16749.14739719273,56733.4242929854,1256186.0547894547,2779937.7903562845,4036123.845145739,464,51f3c6760f42acbe76dda42ed2ccfac04f744e32c97d93a446ea51b9438ecc8f,True
M0465,110,78,46,8,7501.981630522114,62494.28286112625,585154.5671807249,2874737.0116118076,3459891.5787925324,465,51f3c6760f42acbe76dda42ed2ccfac04f744e32c97d93a446ea51b9438ecc8f,True
M0466,91,62,32,7,50581.70053531431,55754.18942821459,3136065.433189487,1784134.0617028668,4920199.494892354,466,51f3c6760f42acbe76dda42ed2ccfac04f744e32c97d93a446ea51b9438ecc8f,True
M0467,103,75,44,8,49793.07185406438,50084.19067390707,3734480.3890548283,2203704.389651911,5938184.778706739,467,51f3c6760f42acbe76dda42ed2ccfac04f744e32c97d93a446ea51b9438ecc8f,True
M0468,84,55,42,8,9703.801990296903,54344.803542675494,533709.1094663297,2282481.748792371,2816190.8582587005,468,51f3c6760f42acbe76dda42ed2ccfac04f744e32c97d93a446ea51b9438ecc8f,True
M0469,93,62,43,6,54477.55232704892,50081.44331525588,3377608.244277033,2153502.0625560028,5531110.306833036,469,51f3c6760f42acbe76dda42ed2ccfac04f744e32c97d93a446ea51b9438ecc8f,True
M0470,113,81,43,11,27702.288396509368,83177.64092237358,2243885.360117259,3576638.559662064,5820523.919779323,470,51f3c6760f42acbe76dda42ed2ccfac04f744e32c97d93a446ea51b9438ecc8f,True
M0471,105,76,42,5,24255.806205844136,62411.462902673855,1843441.2716441543,2621281.441912302,4464722.713556456,471,51f3c6760f42acbe76dda42ed2ccfac04f744e32c97d93a446ea51b9438ecc8f,True
M0472,83,57,34,2,58038.969540885395,58087.1149235106,3308221.2638304676,1974961.9073993603,5283183.171229828,472,51f3c6760f42acbe76dda42ed2ccfac04f744e32c97d93a446ea51b9438ecc8f,True
M0473,96,64,41,6,49355.82655936952,88743.30880783286,3158772.899799649,3638475.661121147,6797248.560920796,473,51f3c6760f42acbe76dda42ed2ccfac04f744e32c97d93a446ea51b9438ecc8f,True
M0474,107,73,39,2,32558.656962885412,102176.3451747658,2376781.958290635,3984877.461815866,6361659.420106501,474,51f3c6760f42acbe76dda42ed2ccfac04f744e32c97d93a446ea51b9438ecc8f,True
M0475,83,53,29,7,29258.641340901508,219729.30312104267,1550707.99106778,6372149.790510237,7922857.781578017,475,51f3c6760f42acbe76dda42ed2ccfac04f744e32c97d93a446ea51b9438ecc8f,True
M0476,105,74,36,0,31883.265999564315,75409.03543250349,2359361.6839677594,2714725.2755701253,5074086.959537884,476,51f3c6760f42acbe76dda42ed2ccfac04f744e32c97d93a446ea51b9438ecc8f,True
M0477,112,75,35,6,17326.03460387517,64047.92488662884,1299452.5952906378,2241677.3710320094,3541129.9663226474,477,51f3c6760f42acbe76dda42ed2ccfac04f744e32c97d93a446ea51b9438ecc8f,True
M0478,99,73,36,3,21310.157802582173,57841.84778089532,1555641.5195884986,2082306.5201122314,3637948.03970073,478,51f3c6760f42acbe76dda42ed2ccfac04f744e32c97d93a446ea51b9438ecc8f,True
M0479,111,74,39,3,12818.051210308033,55290.33639510107,948535.7895627944,2156323.119408942,3104858.908971736,479,51f3c6760f42acbe76dda42ed2ccfac04f744e32c97d93a446ea51b9438ecc8f,True
M0480,105,73,40,7,18036.921573246396,55025.470777350936,1316695.2748469869,2201018.8310940373,3517714.105941024,480,51f3c6760f42acbe76dda42ed2ccfac04f744e32c97d93a446ea51b9438ecc8f,True
M0481,93,59,35,8,17677.000605662783,61714.99319909681,1042943.0357341042,2160024.761968388,3202967.797702492,481,51f3c6760f42acbe76dda42ed2ccfac04f744e32c97d93a446ea51b9438ecc8f,True
M0482,109,79,45,3,15045.237549830523,341315.20759103104,1188573.7664366113,15359184.341596397,16547758.108033009,482,51f3c6760f42acbe76dda42ed2ccfac04f744e32c97d93a446ea51b9438ecc8f,True
M0483,106,78,27,2,23909.90056178546,50017.084158911886,1864972.2438192659,1350461.272290621,3215433.5161098866,483,51f3c6760f42acbe76dda42ed2ccfac04f744e32c97d93a446ea51b9438ecc8f,True
M0484,106,73,42,5,18135.22556204193,54591.91574959876,1323871.466029061,2292860.461483148,3616731.927512209,484,51f3c6760f42acbe76dda42ed2ccfac04f744e32c97d93a446ea51b9438ecc8f,True
M0485,103,72,44,7,29772.512045034004,54354.02213796824,2143620.867242448,2391576.9740706026,4535197.841313051,485,51f3c6760f42acbe76dda42ed2ccfac04f744e32c97d93a446ea51b9438ecc8f,True
M0486,113,81,51,2,8321.581767435418,82856.9210725234,674048.1231622689,4225702.9746986935,4899751.097860962,486,51f3c6760f42acbe76dda42ed2ccfac04f744e32c97d93a446ea51b9438ecc8f,True
M0487,111,74,39,7,20578.19138863403,59493.565569473714,1522786.1627589182,2320249.057209475,3843035.2199683934,487,51f3c6760f42acbe76dda42ed2ccfac04f744e32c97d93a446ea51b9438ecc8f,True
M0488,95,64,37,2,23835.491398569997,63845.97591467881,1525471.4495084798,2362301.108843116,3887772.558351596,488,51f3c6760f42acbe76dda42ed2ccfac04f744e32c97d93a446ea51b9438ecc8f,True
M0489,89,66,29,8,18281.089723199737,53323.846502576256,1206551.9217311826,1546391.5485747114,2752943.470305894,489,51f3c6760f42acbe76dda42ed2ccfac04f744e32c97d93a446ea51b9438ecc8f,True
M0490,111,75,42,2,19862.01475054275,61540.68889756065,1489651.1062907062,2584708.9336975473,4074360.0399882533,490,51f3c6760f42acbe76dda42ed2ccfac04f744e32c97d93a446ea51b9438ecc8f,True
M0491,104,70,38,7,8508.76760291957,52226.59690716847,595613.7322043699,1984610.6824724018,2580224.4146767715,491,51f3c6760f42acbe76dda42ed2ccfac04f744e32c97d93a446ea51b9438ecc8f,True
M0492,104,79,47,6,27279.376682153597,67804.6307724502,2155070.757890134,3186817.646305159,5341888.404195294,492,51f3c6760f42acbe76dda42ed2ccfac04f744e32c97d93a446ea51b9438ecc8f,True
M0493,109,71,42,1,32485.970218827275,52104.53439497302,2306503.8855367363,2188390.444588867,4494894.330125604,493,51f3c6760f42acbe76dda42ed2ccfac04f744e32c97d93a446ea51b9438ecc8f,True
M0494,108,78,37,7,29617.550192622726,93433.65608378465,2310168.9150245725,3457045.275100032,5767214.190124605,494,51f3c6760f42acbe76dda42ed2ccfac04f744e32c97d93a446ea51b9438ecc8f,True
M0495,127,90,51,3,41078.33923583648,69857.83627248982,3697050.531225283,3562749.6498969807,7259800.181122264,495,51f3c6760f42acbe76dda42ed2ccfac04f744e32c97d93a446ea51b9438ecc8f,True
M0496,104,84,54,11,24857.573742748526,83673.15637537971,2088036.1943908762,4518350.444270505,6606386.638661381,496,51f3c6760f42acbe76dda42ed2ccfac04f744e32c97d93a446ea51b9438ecc8f,True
M0497,106,75,41,3,29354.722299851288,62109.067972731915,2201604.172488847,2546471.7868820084,4748075.959370855,497,51f3c6760f42acbe76dda42ed2ccfac04f744e32c97d93a446ea51b9438ecc8f,True
M0498,94,72,43,1,24189.028536287613,60594.286681129604,1741610.054612708,2605554.327288573,4347164.381901281,498,51f3c6760f42acbe76dda42ed2ccfac04f744e32c97d93a446ea51b9438ecc8f,True
M0499,81,44,34,4,33273.961453284785,52110.78606064599,1464054.3039445304,1771766.7260619635,3235821.030006494,499,51f3c6760f42acbe76dda42ed2ccfac04f744e32c97d93a446ea51b9438ecc8f,True
M0500,95,69,36,2,8549.79186466721,67278.22648519262,589935.6386620374,2422016.1534669343,3011951.792128972,500,51f3c6760f42acbe76dda42ed2ccfac04f744e32c97d93a446ea51b9438ecc8f,True
M0501,108,72,48,3,12885.416142312753,66756.73463123485,927749.9622465182,3204323.262299273,4132073.2245457913,501,51f3c6760f42acbe76dda42ed2ccfac04f744e32c97d93a446ea51b9438ecc8f,True
M0502,108,83,44,6,57076.04578463842,64363.35528171399,4737311.800124989,2831987.6323954156,7569299.432520404,502,51f3c6760f42acbe76dda42ed2ccfac04f744e32c97d93a446ea51b9438ecc8f,True
M0503,100,72,45,5,5032.833913568901,85768.4089618463,362364.0417769609,3859578.403283084,4221942.4450600445,503,51f3c6760f42acbe76dda42ed2ccfac04f744e32c97d93a446ea51b9438ecc8f,True
M0504,105,73,45,8,20249.65918666272,102180.64580930007,1478225.1206263786,4598129.0614185035,6076354.182044882,504,51f3c6760f42acbe76dda42ed2ccfac04f744e32c97d93a446ea51b9438ecc8f,True
M0505,98,72,41,7,44505.36291179698,87165.29246412292,3204386.129649383,3573776.9910290395,6778163.120678423,505,51f3c6760f42acbe76dda42ed2ccfac04f744e32c97d93a446ea51b9438ecc8f,True
M0506,89,71,34,5,20827.79352039922,53205.09883284117,1478773.3399483447,1808973.3603165997,3287746.7002649447,506,51f3c6760f42acbe76dda42ed2ccfac04f744e32c97d93a446ea51b9438ecc8f,True
M0507,106,69,36,2,17274.61491852091,73790.53095384658,1191948.4293779428,2656459.114338477,3848407.54371642,507,51f3c6760f42acbe76dda42ed2ccfac04f744e32c97d93a446ea51b9438ecc8f,True
M0508,83,54,30,6,23805.04962063538,51703.01796692427,1285472.6795143103,1551090.5390077282,2836563.2185220383,508,51f3c6760f42acbe76dda42ed2ccfac04f744e32c97d93a446ea51b9438ecc8f,True
M0509,105,81,43,11,17820.91224650108,80359.10095119702,1443493.8919665876,3455441.3409014717,4898935.23286806,509,51f3c6760f42acbe76dda42ed2ccfac04f744e32c97d93a446ea51b9438ecc8f,True
M0510,123,75,47,7,22437.96559245853,60607.9215374768,1682847.4194343898,2848572.3122614096,4531419.731695799,510,51f3c6760f42acbe76dda42ed2ccfac04f744e32c97d93a446ea51b9438ecc8f,True
M0511,98,68,40,2,14617.451148953505,52925.138346737025,993986.6781288383,2117005.533869481,3110992.2119983193,511,51f3c6760f42acbe76dda42ed2ccfac04f744e32c97d93a446ea51b9438ecc8f,True
M0512,98,72,35,3,42839.02014952525,110428.8123972718,3084409.450765818,3865008.4339045133,6949417.884670331,512,51f3c6760f42acbe76dda42ed2ccfac04f744e32c97d93a446ea51b9438ecc8f,True
M0513,97,56,36,5,51738.57700914219,73170.97389359119,2897360.3125119624,2634155.060169283,5531515.372681245,513,51f3c6760f42acbe76dda42ed2ccfac04f744e32c97d93a446ea51b9438ecc8f,True
M0514,115,81,57,6,20332.29538882158,59576.09864216884,1646915.926494548,3395837.622603624,5042753.549098172,514,51f3c6760f42acbe76dda42ed2ccfac04f744e32c97d93a446ea51b9438ecc8f,True
M0515,91,64,36,7,9586.454079114685,50628.09547670602,613533.0610633398,1822611.4371614167,2436144.4982247567,515,51f3c6760f42acbe76dda42ed2ccfac04f744e32c97d93a446ea51b9438ecc8f,True
M0516,104,73,42,8,16085.830942625467,68054.06260237058,1174265.658811659,2858270.6292995648,4032536.288111224,516,51f3c6760f42acbe76dda42ed2ccfac04f744e32c97d93a446ea51b9438ecc8f,True
M0517,113,80,45,4,19724.302895789813,139599.56404763466,1577944.2316631852,6281980.38214356,7859924.613806745,517,51f3c6760f42acbe76dda42ed2ccfac04f744e32c97d93a446ea51b9438ecc8f,True
M0518,130,93,43,4,29831.594415335567,71875.49706047757,2774338.2806262076,3090646.3736005356,5864984.654226743,518,51f3c6760f42acbe76dda42ed2ccfac04f744e32c97d93a446ea51b9438ecc8f,True
M0519,113,76,40,4,12030.400089913172,207946.91604951536,914310.4068334011,8317876.6419806145,9232187.048814015,519,51f3c6760f42acbe76dda42ed2ccfac04f744e32c97d93a446ea51b9438ecc8f,True
M0520,108,83,44,8,13884.142059496595,53021.89360239872,1152383.7909382174,2332963.3185055437,3485347.1094437614,520,51f3c6760f42acbe76dda42ed2ccfac04f744e32c97d93a446ea51b9438ecc8f,True
M0521,108,67,44,0,29923.68788601846,69967.96439434926,2004887.0883632367,3078590.4333513672,5083477.5217146035,521,51f3c6760f42acbe76dda42ed2ccfac04f744e32c97d93a446ea51b9438ecc8f,True
M0522,87,60,32,2,38690.342467179464,94828.09580006919,2321420.5480307676,3034499.065602214,5355919.613632982,522,51f3c6760f42acbe76dda42ed2ccfac04f744e32c97d93a446ea51b9438ecc8f,True
M0523,117,76,46,11,15169.522160945397,67373.70493586807,1152883.68423185,3099190.427049931,4252074.111281781,523,51f3c6760f42acbe76dda42ed2ccfac04f744e32c97d93a446ea51b9438ecc8f,True
M0524,109,79,44,3,9897.819582064045,51946.60062920511,781927.7469830596,2285650.4276850247,3067578.1746680844,524,51f3c6760f42acbe76dda42ed2ccfac04f744e32c97d93a446ea51b9438ecc8f,True
M0525,86,66,29,2,158019.05733387053,70936.22913317448,10429257.784035455,2057150.64486206,12486408.428897515,525,51f3c6760f42acbe76dda42ed2ccfac04f744e32c97d93a446ea51b9438ecc8f,True
M0526,105,76,48,3,35241.60212445548,72999.52047041376,2678361.7614586162,3503976.9825798604,6182338.744038477,526,51f3c6760f42acbe76dda42ed2ccfac04f744e32c97d93a446ea51b9438ecc8f,True
M0527,90,58,36,6,18765.920096227048,84255.06323560214,1088423.3655811688,3033182.276481677,4121605.6420628456,527,51f3c6760f42acbe76dda42ed2ccfac04f744e32c97d93a446ea51b9438ecc8f,True
M0528,80,60,35,3,37101.72581056169,88667.53854354039,2226103.5486337016,3103363.8490239135,5329467.397657615,528,51f3c6760f42acbe76dda42ed2ccfac04f744e32c97d93a446ea51b9438ecc8f,True
M0529,93,62,33,4,20441.57348789085,90128.77323109085,1267377.5562492327,2974249.516625998,4241627.072875231,529,51f3c6760f42acbe76dda42ed2ccfac04f744e32c97d93a446ea51b9438ecc8f,True
M0530,94,68,39,4,37060.02348199285,77294.2651377777,2520081.596775514,3014476.34037333,5534557.937148844,530,51f3c6760f42acbe76dda42ed2ccfac04f744e32c97d93a446ea51b9438ecc8f,True
M0531,97,64,41,2,24237.006023329457,55106.36281176108,1551168.3854930853,2259360.8752822042,3810529.2607752895,531,51f3c6760f42acbe76dda42ed2ccfac04f744e32c97d93a446ea51b9438ecc8f,True
M0532,103,64,42,4,23266.34416540501,61509.221514225406,1489046.0265859207,2583387.303597467,4072433.3301833877,532,51f3c6760f42acbe76dda42ed2ccfac04f744e32c97d93a446ea51b9438ecc8f,True
M0533,106,68,42,3,20575.387914753734,90985.38212220983,1399126.378203254,3821386.0491328132,5220512.427336067,533,51f3c6760f42acbe76dda42ed2ccfac04f744e32c97d93a446ea51b9438ecc8f,True
M0534,109,84,44,7,9242.532433018638,170496.80965144336,776372.7243735655,7501859.624663508,8278232.349037074,534,51f3c6760f42acbe76dda42ed2ccfac04f744e32c97d93a446ea51b9438ecc8f,True
M0535,99,75,36,8,70463.98023862283,51672.10441484488,5284798.517896712,1860195.7589344156,7144994.276831128,535,51f3c6760f42acbe76dda42ed2ccfac04f744e32c97d93a446ea51b9438ecc8f,True
M0536,88,63,30,3,12519.962479935728,67949.99586352627,788757.6362359509,2038499.8759057883,2827257.512141739,536,51f3c6760f42acbe76dda42ed2ccfac04f744e32c97d93a446ea51b9438ecc8f,True
M0537,103,72,38,1,9739.897317341856,58085.34202352667,701272.6068486136,2207242.996894013,2908515.6037426265,537,51f3c6760f42acbe76dda42ed2ccfac04f744e32c97d93a446ea51b9438ecc8f,True
M0538,102,71,42,6,19385.56644265044,55378.04730852792,1376375.2174281813,2325877.9869581726,3702253.204386354,538,51f3c6760f42acbe76dda42ed2ccfac04f744e32c97d93a446ea51b9438ecc8f,True
M0539,95,69,33,1,12371.081760591012,66284.6035880012,853604.6414807799,2187391.91840404,3040996.5598848197,539,51f3c6760f42acbe76dda42ed2ccfac04f744e32c97d93a446ea51b9438ecc8f,True
M0540,84,64,28,3,21353.529596326356,72578.9884504759,1366625.8941648868,2032211.676613325,3398837.5707782116,540,51f3c6760f42acbe76dda42ed2ccfac04f744e32c97d93a446ea51b9438ecc8f,True
M0541,71,53,32,4,33278.21671241965,50196.79211905451,1763745.4857582415,1606297.3478097443,3370042.833567986,541,51f3c6760f42acbe76dda42ed2ccfac04f744e32c97d93a446ea51b9438ecc8f,True
M0542,97,73,43,4,40021.88627428775,91656.68028714358,2921597.698023006,3941237.252347174,6862834.9503701795,542,51f3c6760f42acbe76dda42ed2ccfac04f744e32c97d93a446ea51b9438ecc8f,True
M0543,102,72,38,5,35912.418467421805,99253.83234328766,2585694.12965437,3771645.6290449314,6357339.758699302,543,51f3c6760f42acbe76dda42ed2ccfac04f744e32c97d93a446ea51b9438ecc8f,True
M0544,110,73,54,6,18335.984370659276,192263.51583269297,1338526.8590581273,10382229.85496542,11720756.714023547,544,51f3c6760f42acbe76dda42ed2ccfac04f744e32c97d93a446ea51b9438ecc8f,True
M0545,89,65,37,0,22691.71358679852,54147.80951436261,1474961.3831419037,2003468.9520314166,3478430.33517332,545,51f3c6760f42acbe76dda42ed2ccfac04f744e32c97d93a446ea51b9438ecc8f,True
M0546,104,72,50,11,28133.812690665025,71745.75006851315,2025634.5137278817,3587287.5034256577,5612922.01715354,546,51f3c6760f42acbe76dda42ed2ccfac04f744e32c97d93a446ea51b9438ecc8f,True
M0547,78,56,28,4,7671.9610959350475,62458.940971272,429629.82137236267,1748850.347195616,2178480.168567979,547,51f3c6760f42acbe76dda42ed2ccfac04f744e32c97d93a446ea51b9438ecc8f,True
M0548,106,72,42,0,31018.864172045036,58856.76416727928,2233358.2203872427,2471984.09502573,4705342.315412972,548,51f3c6760f42acbe76dda42ed2ccfac04f744e32c97d93a446ea51b9438ecc8f,True
M0549,106,76,43,11,9187.695548175112,69795.50526340361,698264.8616613086,3001206.7263263552,3699471.5879876637,549,51f3c6760f42acbe76dda42ed2ccfac04f744e32c97d93a446ea51b9438ecc8f,True
M0550,95,71,41,2,74922.38270260533,92022.2718983294,5319489.171884978,3772913.1478315056,9092402.319716483,550,51f3c6760f42acbe76dda42ed2ccfac04f744e32c97d93a446ea51b9438ecc8f,True
M0551,83,60,30,3,17279.756472203906,50468.63565552192,1036785.3883322343,1514059.0696656576,2550844.457997892,551,51f3c6760f42acbe76dda42ed2ccfac04f744e32c97d93a446ea51b9438ecc8f,True
M0552,101,73,39,4,19713.814126596535,201688.93502812827,1439108.431241547,7865868.466097003,9304976.89733855,552,51f3c6760f42acbe76dda42ed2ccfac04f744e32c97d93a446ea51b9438ecc8f,True
M0553,99,72,41,6,13879.604514417739,97131.55264935666,999331.5250380771,3982393.6586236227,4981725.1836617,553,51f3c6760f42acbe76dda42ed2ccfac04f744e32c97d93a446ea51b9438ecc8f,True
M0554,101,72,47,10,15093.477576143616,87216.27454238267,1086730.3854823404,4099164.9034919855,5185895.288974326,554,51f3c6760f42acbe76dda42ed2ccfac04f744e32c97d93a446ea51b9438ecc8f,True
M0555,83,58,37,3,86202.64507328613,88545.4258060648,4999753.4142505955,3276180.7548243976,8275934.169074994,555,51f3c6760f42acbe76dda42ed2ccfac04f744e32c97d93a446ea51b9438ecc8f,True
M0556,92,69,34,3,38724.269958879406,60893.478266308564,2671974.627162679,2070378.2610544912,4742352.88821717,556,51f3c6760f42acbe76dda42ed2ccfac04f744e32c97d93a446ea51b9438ecc8f,True
M0557,113,83,48,3,8694.783550432878,87281.80933222196,721667.0346859288,4189526.847946654,4911193.882632583,557,51f3c6760f42acbe76dda42ed2ccfac04f744e32c97d93a446ea51b9438ecc8f,True
M0558,90,64,42,5,54313.48080588999,60802.39777585378,3476062.771576959,2553700.706585859,6029763.478162818,558,51f3c6760f42acbe76dda42ed2ccfac04f744e32c97d93a446ea51b9438ecc8f,True
M0559,105,74,45,3,45068.79436659125,124950.48279100507,3335090.7831277526,5622771.725595228,8957862.508722981,559,51f3c6760f42acbe76dda42ed2ccfac04f744e32c97d93a446ea51b9438ecc8f,True
M0560,102,74,41,11,18606.616506972015,54057.631939448336,1376889.6215159292,2216362.909517382,3593252.531033311,560,51f3c6760f42acbe76dda42ed2ccfac04f744e32c97d93a446ea51b9438ecc8f,True
M0561,90,64,27,5,26476.641361838523,57417.19440638087,1694505.0471576655,1550264.2489722834,3244769.296129949,561,51f3c6760f42acbe76dda42ed2ccfac04f744e32c97d93a446ea51b9438ecc8f,True
M0562,82,55,31,3,21829.84943471671,68897.28561271935,1200641.7189094191,2135815.8539943,3336457.5729037193,562,51f3c6760f42acbe76dda42ed2ccfac04f744e32c97d93a446ea51b9438ecc8f,True
M0563,92,64,35,7,71937.1386735145,58312.94852003953,4603976.875104928,2040953.1982013835,6644930.073306312,563,51f3c6760f42acbe76dda42ed2ccfac04f744e32c97d93a446ea51b9438ecc8f,True
M0564,113,73,46,6,13659.98297254693,62355.18575496396,997178.7569959259,2868338.544728342,3865517.301724268,564,51f3c6760f42acbe76dda42ed2ccfac04f744e32c97d93a446ea51b9438ecc8f,True
M0565,107,85,40,8,24043.172941653076,65579.65448708947,2043669.7000405116,2623186.179483579,4666855.87952409,565,51f3c6760f42acbe76dda42ed2ccfac04f744e32c97d93a446ea51b9438ecc8f,True
M0566,95,62,41,5,17036.490138924328,108655.52186169673,1056262.3886133083,4454876.396329566,5511138.784942875,566,51f3c6760f42acbe76dda42ed2ccfac04f744e32c97d93a446ea51b9438ecc8f,True
M0567,113,86,31,8,9322.403467655962,67240.77081570508,801726.6982184127,2084463.8952868574,2886190.59350527,567,51f3c6760f42acbe76dda42ed2ccfac04f744e32c97d93a446ea51b9438ecc8f,True
M0568,98,69,39,6,82041.70159670743,59864.17307887222,5660877.410172813,2334702.7500760164,7995580.160248829,568,51f3c6760f42acbe76dda42ed2ccfac04f744e32c97d93a446ea51b9438ecc8f,True
M0569,100,64,41,4,10840.669689272554,56030.16877367799,693802.8601134435,2297236.919720798,2991039.779834241,569,51f3c6760f42acbe76dda42ed2ccfac04f744e32c97d93a446ea51b9438ecc8f,True
M0570,115,84,46,14,25136.531682226265,61693.55488001894,2111468.661307006,2837903.5244808714,4949372.185787877,570,51f3c6760f42acbe76dda42ed2ccfac04f744e32c97d93a446ea51b9438ecc8f,True
M0571,93,69,34,7,7751.019299163639,66824.7230924432,534820.331642291,2272040.585143069,2806860.91678536,571,51f3c6760f42acbe76dda42ed2ccfac04f744e32c97d93a446ea51b9438ecc8f,True
M0572,116,81,49,2,17336.297024357584,86519.71686569297,1404240.0589729643,4239466.126418956,5643706.18539192,572,51f3c6760f42acbe76dda42ed2ccfac04f744e32c97d93a446ea51b9438ecc8f,True
M0573,104,71,34,9,28372.6602393889,52648.268696038125,2014458.876996612,1790041.1356652963,3804500.0126619083,573,51f3c6760f42acbe76dda42ed2ccfac04f744e32c97d93a446ea51b9438ecc8f,True
M0574,107,77,43,8,13428.835975400783,55270.18573281638,1034020.3701058603,2376617.9865111043,3410638.3566169646,574,51f3c6760f42acbe76dda42ed2ccfac04f744e32c97d93a446ea51b9438ecc8f,True
M0575,106,72,41,3,31322.15991221727,60522.43801105972,2255195.5136796436,2481419.9584534485,4736615.472133093,575,51f3c6760f42acbe76dda42ed2ccfac04f744e32c97d93a446ea51b9438ecc8f,True
M0576,89,66,32,8,18742.9946865133,59786.92115267587,1237037.6493098778,1913181.476885628,3150219.1261955057,576,51f3c6760f42acbe76dda42ed2ccfac04f744e32c97d93a446ea51b9438ecc8f,True
M0577,132,96,52,4,44180.97331666763,61000.95176278393,4241373.438400093,3172049.4916647645,7413422.930064857,577,51f3c6760f42acbe76dda42ed2ccfac04f744e32c97d93a446ea51b9438ecc8f,True
M0578,112,80,37,8,49864.09820801496,93976.63098015133,3989127.856641197,3477135.346265599,7466263.202906797,578,51f3c6760f42acbe76dda42ed2ccfac04f744e32c97d93a446ea51b9438ecc8f,True
M0579,92,56,31,1,15490.049725320032,58483.18398918154,867442.7846179218,1812978.7036646276,2680421.488282549,579,51f3c6760f42acbe76dda42ed2ccfac04f744e32c97d93a446ea51b9438ecc8f,True
M0580,98,68,42,3,23064.264691306467,66075.84915319279,1568369.9990088397,2775185.6644340972,4343555.663442937,580,51f3c6760f42acbe76dda42ed2ccfac04f744e32c97d93a446ea51b9438ecc8f,True
M0581,96,72,45,0,24589.444288830946,73935.31362179956,1770439.988795828,3327089.1129809804,5097529.1017768085,581,51f3c6760f42acbe76dda42ed2ccfac04f744e32c97d93a446ea51b9438ecc8f,True
M0582,89,64,39,5,31939.84526678342,55573.26439821673,2044150.097074139,2167357.311530452,4211507.408604591,582,51f3c6760f42acbe76dda42ed2ccfac04f744e32c97d93a446ea51b9438ecc8f,True
M0583,130,84,63,3,22217.358966733205,83042.27965564297,1866258.1532055892,5231663.618305507,7097921.7715110965,583,51f3c6760f42acbe76dda42ed2ccfac04f744e32c97d93a446ea51b9438ecc8f,True
M0584,105,76,37,3,24689.33321275332,68639.39043161145,1876389.3241692525,2539657.4459696235,4416046.7701388765,584,51f3c6760f42acbe76dda42ed2ccfac04f744e32c97d93a446ea51b9438ecc8f,True
M0585,109,84,39,5,19033.504789168936,63359.42402617526,1598814.4022901906,2471017.537020835,4069831.9393110257,585,51f3c6760f42acbe76dda42ed2ccfac04f744e32c97d93a446ea51b9438ecc8f,True
M0586,92,69,43,17,23603.349766109583,97111.62264610176,1628631.1338615613,4175799.7737823757,5804430.907643937,586,51f3c6760f42acbe76dda42ed2ccfac04f744e32c97d93a446ea51b9438ecc8f,True
M0587,89,60,32,2,47990.77654537188,55904.316589502356,2879446.592722313,1788938.1308640754,4668384.723586388,587,51f3c6760f42acbe76dda42ed2ccfac04f744e32c97d93a446ea51b9438ecc8f,True
M0588,95,70,31,4,32456.303135289563,118020.41345800893,2271941.2194702695,3658632.817198277,5930574.0366685465,588,51f3c6760f42acbe76dda42ed2ccfac04f744e32c97d93a446ea51b9438ecc8f,True
M0589,98,72,40,2,33548.69966968052,69502.98908457452,2415506.3762169974,2780119.563382981,5195625.939599978,589,51f3c6760f42acbe76dda42ed2ccfac04f744e32c97d93a446ea51b9438ecc8f,True
M0590,103,67,36,6,33990.69856256071,72807.6504138525,2277376.803691568,2621075.4148986903,4898452.218590258,590,51f3c6760f42acbe76dda42ed2ccfac04f744e32c97d93a446ea51b9438ecc8f,True
M0591,89,57,40,6,20084.722557326775,114891.51691326773,1144829.1857676262,4595660.6765307095,5740489.862298336,591,51f3c6760f42acbe76dda42ed2ccfac04f744e32c97d93a446ea51b9438ecc8f,True
M0592,105,69,42,7,26670.04291130866,98751.47323681902,1840232.9608802977,4147561.875946399,5987794.836826697,592,51f3c6760f42acbe76dda42ed2ccfac04f744e32c97d93a446ea51b9438ecc8f,True
M0593,112,81,49,6,11486.133371316859,72247.98411187218,930376.8030766656,3540151.2214817367,4470528.024558403,593,51f3c6760f42acbe76dda42ed2ccfac04f744e32c97d93a446ea51b9438ecc8f,True
M0594,102,68,48,11,47159.20956441318,87503.06941454425,3206826.250380096,4200147.331898124,7406973.58227822,594,51f3c6760f42acbe76dda42ed2ccfac04f744e32c97d93a446ea51b9438ecc8f,True
M0595,91,67,35,3,4147.345377983256,62753.02907695669,277872.14032487816,2196356.017693484,2474228.1580183622,595,51f3c6760f42acbe76dda42ed2ccfac04f744e32c97d93a446ea51b9438ecc8f,True
M0596,93,59,40,7,20904.31685265531,68655.54926836098,1233354.6943066632,2746221.970734439,3979576.665041102,596,51f3c6760f42acbe76dda42ed2ccfac04f744e32c97d93a446ea51b9438ecc8f,True
M0597,101,74,35,5,43675.28176090817,51298.16838693276,3231970.8503072043,1795435.8935426467,5027406.743849851,597,51f3c6760f42acbe76dda42ed2ccfac04f744e32c97d93a446ea51b9438ecc8f,True
M0598,74,49,30,2,9717.457020525597,51919.00086474299,476155.39400575426,1557570.0259422897,2033725.419948044,598,51f3c6760f42acbe76dda42ed2ccfac04f744e32c97d93a446ea51b9438ecc8f,True
M0599,99,74,48,5,27997.428637634483,101438.83761314681,2071809.7191849516,4869064.205431047,6940873.924615999,599,51f3c6760f42acbe76dda42ed2ccfac04f744e32c97d93a446ea51b9438ecc8f,True
M0600,94,66,47,6,14640.40032949919,51245.79010367598,966266.4217469466,2408552.134872771,3374818.5566197177,600,51f3c6760f42acbe76dda42ed2ccfac04f744e32c97d93a446ea51b9438ecc8f,True
M0601,75,53,24,1,17654.0066256622,53853.39049533682,935662.3511600967,1292481.3718880836,2228143.7230481803,601,51f3c6760f42acbe76dda42ed2ccfac04f744e32c97d93a446ea51b9438ecc8f,True
M0602,104,85,35,7,38853.93261886638,94400.76097387771,3302584.2726036427,3304026.63408572,6606610.906689363,602,51f3c6760f42acbe76dda42ed2ccfac04f744e32c97d93a446ea51b9438ecc8f,True
M0603,99,78,35,3,24805.83422592107,50022.937414275846,1934855.0696218435,1750802.8094996547,3685657.879121498,603,51f3c6760f42acbe76dda42ed2ccfac04f744e32c97d93a446ea51b9438ecc8f,True
M0604,100,69,39,4,6498.888747008593,57097.62977258249,448423.3235435929,2226807.5611307174,2675230.88467431,604,51f3c6760f42acbe76dda42ed2ccfac04f744e32c97d93a446ea51b9438ecc8f,True
M0605,87,61,34,2,12260.581955196101,71014.79145039596,747895.4992669622,2414502.9093134627,3162398.4085804247,605,51f3c6760f42acbe76dda42ed2ccfac04f744e32c97d93a446ea51b9438ecc8f,True
M0606,94,65,33,8,39545.27278154957,71809.3660524353,2570442.730800722,2369709.079730365,4940151.810531087,606,51f3c6760f42acbe76dda42ed2ccfac04f744e32c97d93a446ea51b9438ecc8f,True
M0607,90,57,33,1,28835.588957034,91152.21280611055,1643628.5705509381,3008023.0226016482,4651651.593152586,607,51f3c6760f42acbe76dda42ed2ccfac04f744e32c97d93a446ea51b9438ecc8f,True
M0608,131,91,53,4,62873.581311581,66290.80512261538,5721495.899353871,3513412.671498615,9234908.570852486,608,51f3c6760f42acbe76dda42ed2ccfac04f744e32c97d93a446ea51b9438ecc8f,True
M0609,105,86,46,3,60451.009545496505,66478.260774867,5198786.820912699,3057999.995643882,8256786.816556581,609,51f3c6760f42acbe76dda42ed2ccfac04f744e32c97d93a446ea51b9438ecc8f,True
M0610,113,82,42,3,17937.574430195375,83836.5172672037,1470881.1032760206,3521133.7252225555,4992014.828498576,610,51f3c6760f42acbe76dda42ed2ccfac04f744e32c97d93a446ea51b9438ecc8f,True
M0611,106,70,44,5,98907.73086325408,65902.93377957608,6923541.1604277855,2899729.0863013477,9823270.246729134,611,51f3c6760f42acbe76dda42ed2ccfac04f744e32c97d93a446ea51b9438ecc8f,True
M0612,121,80,49,15,22352.37373782725,72756.75863916801,1788189.89902618,3565081.1733192327,5353271.072345412,612,51f3c6760f42acbe76dda42ed2ccfac04f744e32c97d93a446ea51b9438ecc8f,True
M0613,100,69,43,1,12362.202109663553,124493.1836588601,852991.9455667852,5353206.8973309845,6206198.84289777,613,51f3c6760f42acbe76dda42ed2ccfac04f744e32c97d93a446ea51b9438ecc8f,True
M0614,113,72,35,7,15060.279803841753,61394.59272527979,1084340.1458766062,2148810.745384793,3233150.891261399,614,51f3c6760f42acbe76dda42ed2ccfac04f744e32c97d93a446ea51b9438ecc8f,True
M0615,106,69,44,3,5687.152354038414,60737.27316884906,392413.5124286506,2672440.0194293587,3064853.5318580093,615,51f3c6760f42acbe76dda42ed2ccfac04f744e32c97d93a446ea51b9438ecc8f,True
M0616,91,60,36,10,57769.22104463846,50071.15667426466,3466153.262678308,1802561.6402735277,5268714.902951836,616,51f3c6760f42acbe76dda42ed2ccfac04f744e32c97d93a446ea51b9438ecc8f,True
M0617,97,71,45,3,57345.932358584585,73126.88353836861,4071561.1974595054,3290709.7592265876,7362270.956686093,617,51f3c6760f42acbe76dda42ed2ccfac04f744e32c97d93a446ea51b9438ecc8f,True
M0618,85,58,29,3,11976.426480289383,50608.150514217676,694632.7358567843,1467636.3649123125,2162269.100769097,618,51f3c6760f42acbe76dda42ed2ccfac04f744e32c97d93a446ea51b9438ecc8f,True
M0619,113,72,46,4,19211.597785354497,66195.63432661563,1383235.0405455239,3044999.179024319,4428234.219569843,619,51f3c6760f42acbe76dda42ed2ccfac04f744e32c97d93a446ea51b9438ecc8f,True
M0620,102,77,36,4,23326.94773635804,96000.8128466064,1796174.975699569,3456029.26247783,5252204.238177399,620,51f3c6760f42acbe76dda42ed2ccfac04f744e32c97d93a446ea51b9438ecc8f,True
M0621,114,78,51,2,12379.3887213465,68810.47116535968,965592.320265027,3509334.0294333436,4474926.34969837,621,51f3c6760f42acbe76dda42ed2ccfac04f744e32c97d93a446ea51b9438ecc8f,True
M0622,95,75,46,1,7684.332396657859,56696.24549396957,576324.9297493395,2608027.2927226,3184352.2224719394,622,51f3c6760f42acbe76dda42ed2ccfac04f744e32c97d93a446ea51b9438ecc8f,True
M0623,110,65,45,3,19414.693159379094,92670.44906183665,1261955.055359641,4170170.2077826494,5432125.2631422905,623,51f3c6760f42acbe76dda42ed2ccfac04f744e32c97d93a446ea51b9438ecc8f,True
M0624,109,76,40,5,18166.823815211956,56698.75581285442,1380678.6099561087,2267950.2325141765,3648628.8424702855,624,51f3c6760f42acbe76dda42ed2ccfac04f744e32c97d93a446ea51b9438ecc8f,True
M0625,110,69,38,8,17447.52799480539,84798.11115198892,1203879.431641572,3222328.223775579,4426207.655417151,625,51f3c6760f42acbe76dda42ed2ccfac04f744e32c97d93a446ea51b9438ecc8f,True
M0626,101,66,36,6,25175.577016953408,72888.55213459005,1661588.0831189249,2623987.8768452415,4285575.959964166,626,51f3c6760f42acbe76dda42ed2ccfac04f744e32c97d93a446ea51b9438ecc8f,True
M0627,95,69,33,4,51933.10853337136,53868.88572762537,3583384.488802624,1777673.2290116372,5361057.717814261,627,51f3c6760f42acbe76dda42ed2ccfac04f744e32c97d93a446ea51b9438ecc8f,True
M0628,97,60,38,1,18363.942388840656,128270.13137047595,1101836.5433304394,4874264.992078086,5976101.535408526,628,51f3c6760f42acbe76dda42ed2ccfac04f744e32c97d93a446ea51b9438ecc8f,True
M0629,97,78,38,1,24398.22833034026,54685.7080764721,1903061.80976654,2078056.9069059398,3981118.71667248,629,51f3c6760f42acbe76dda42ed2ccfac04f744e32c97d93a446ea51b9438ecc8f,True
M0630,92,62,30,5,34068.28985129974,310413.7095865822,2112233.970780584,9312411.287597466,11424645.258378051,630,51f3c6760f42acbe76dda42ed2ccfac04f744e32c97d93a446ea51b9438ecc8f,True
M0631,91,61,41,2,30714.365505593647,50146.96238168477,1873576.2958412124,2056025.4576490754,3929601.753490288,631,51f3c6760f42acbe76dda42ed2ccfac04f744e32c97d93a446ea51b9438ecc8f,True
M0632,103,69,39,4,15234.926779417421,56506.3145996756,1051209.9477798021,2203746.2693873486,3254956.2171671507,632,51f3c6760f42acbe76dda42ed2ccfac04f744e32c97d93a446ea51b9438ecc8f,True
M0633,103,73,38,12,23337.721381005438,54664.28552233856,1703653.660813397,2077242.8498488653,3780896.5106622623,633,51f3c6760f42acbe76dda42ed2ccfac04f744e32c97d93a446ea51b9438ecc8f,True
M0634,96,70,32,3,30592.920106485897,50282.64067981113,2141504.407454013,1609044.501753956,3750548.909207969,634,51f3c6760f42acbe76dda42ed2ccfac04f744e32c97d93a446ea51b9438ecc8f,True
M0635,100,69,31,3,11192.388158141692,84713.90931362193,772274.7829117767,2626131.18872228,3398405.9716340564,635,51f3c6760f42acbe76dda42ed2ccfac04f744e32c97d93a446ea51b9438ecc8f,True
M0636,96,60,48,4,47010.365854855474,80233.50487012911,2820621.9512913283,3851208.233766197,6671830.1850575255,636,51f3c6760f42acbe76dda42ed2ccfac04f744e32c97d93a446ea51b9438ecc8f,True
M0637,102,71,39,6,51997.626023566554,93764.41252635598,3691831.4476732253,3656812.0885278834,7348643.536201108,637,51f3c6760f42acbe76dda42ed2ccfac04f744e32c97d93a446ea51b9438ecc8f,True
M0638,103,71,38,3,14275.95377614639,56299.431765673326,1013592.7181063937,2139378.4070955864,3152971.12520198,638,51f3c6760f42acbe76dda42ed2ccfac04f744e32c97d93a446ea51b9438ecc8f,True
M0639,110,80,43,2,24740.627539603098,63247.714933779476,1979250.2031682478,2719651.7421525177,4698901.9453207655,639,51f3c6760f42acbe76dda42ed2ccfac04f744e32c97d93a446ea51b9438ecc8f,True
M0640,124,95,54,2,32382.290213833494,76899.9565483511,3076317.570314182,4152597.653610959,7228915.223925142,640,51f3c6760f42acbe76dda42ed2ccfac04f744e32c97d93a446ea51b9438ecc8f,True
M0641,90,70,39,2,15877.074719326201,63040.98581350125,1111395.230352834,2458598.4467265485,3569993.6770793824,641,51f3c6760f42acbe76dda42ed2ccfac04f744e32c97d93a446ea51b9438ecc8f,True
M0642,104,74,38,5,29406.420311055925,80645.44190588323,2176075.1030181386,3064526.7924235626,5240601.895441702,642,51f3c6760f42acbe76dda42ed2ccfac04f744e32c97d93a446ea51b9438ecc8f,True
M0643,96,65,38,3,24293.239379280814,74742.04034353046,1579060.5596532528,2840197.5330541576,4419258.09270741,643,51f3c6760f42acbe76dda42ed2ccfac04f744e32c97d93a446ea51b9438ecc8f,True
M0644,100,75,39,6,9129.343757612642,52495.681318267765,684700.7818209481,2047331.571412443,2732032.353233391,644,51f3c6760f42acbe76dda42ed2ccfac04f744e32c97d93a446ea51b9438ecc8f,True
M0645,93,60,43,7,29012.927618517733,91796.59384079213,1740775.657111064,3947253.535154062,5688029.192265126,645,51f3c6760f42acbe76dda42ed2ccfac04f744e32c97d93a446ea51b9438ecc8f,True
M0646,110,76,42,4,11383.435486761266,83277.3557019648,865141.0969938561,3497648.9394825217,4362790.036476377,646,51f3c6760f42acbe76dda42ed2ccfac04f744e32c97d93a446ea51b9438ecc8f,True
M0647,94,69,38,9,38697.16850118991,76606.04023450689,2670104.626582104,2911029.528911262,5581134.155493366,647,51f3c6760f42acbe76dda42ed2ccfac04f744e32c97d93a446ea51b9438ecc8f,True
M0648,107,73,45,4,14724.578081782985,53486.79383329524,1074894.199970158,2406905.7224982856,3481799.9224684434,648,51f3c6760f42acbe76dda42ed2ccfac04f744e32c97d93a446ea51b9438ecc8f,True
M0649,97,70,37,9,19994.824415126208,56645.41059655166,1399637.7090588345,2095880.1920724113,3495517.901131246,649,51f3c6760f42acbe76dda42ed2ccfac04f744e32c97d93a446ea51b9438ecc8f,True
M0650,89,63,37,9,50179.775602944894,61058.369129360915,3161325.862985528,2259159.657786354,5420485.520771882,650,51f3c6760f42acbe76dda42ed2ccfac04f744e32c97d93a446ea51b9438ecc8f,True
M0651,89,58,34,6,29668.138996711175,57019.05641595701,1720752.0618092483,1938647.9181425385,3659399.979951787,651,51f3c6760f42acbe76dda42ed2ccfac04f744e32c97d93a446ea51b9438ecc8f,True
M0652,106,77,45,2,11525.481529058794,55447.29966759095,887462.0777375271,2495128.4850415927,3382590.5627791197,652,51f3c6760f42acbe76dda42ed2ccfac04f744e32c97d93a446ea51b9438ecc8f,True
M0653,102,74,41,10,11980.673125406178,96222.15664089471,886569.8112800572,3945108.422276683,4831678.23355674,653,51f3c6760f42acbe76dda42ed2ccfac04f744e32c97d93a446ea51b9438ecc8f,True
M0654,110,75,43,9,15373.773648983453,75092.75933393225,1153033.023673759,3228988.651359087,4382021.675032846,654,51f3c6760f42acbe76dda42ed2ccfac04f744e32c97d93a446ea51b9438ecc8f,True
M0655,123,85,47,1,27911.28733611615,69785.13938527893,2372459.423569873,3279901.5511081098,5652360.974677983,655,51f3c6760f42acbe76dda42ed2ccfac04f744e32c97d93a446ea51b9438ecc8f,True
M0656,110,86,45,2,27309.226441329844,55394.0357212314,2348593.4739543665,2492731.607455413,4841325.081409779,656,51f3c6760f42acbe76dda42ed2ccfac04f744e32c97d93a446ea51b9438ecc8f,True
M0657,91,62,33,5,13281.649401023089,136021.24231871343,823462.2628634315,4488700.996517543,5312163.259380974,657,51f3c6760f42acbe76dda42ed2ccfac04f744e32c97d93a446ea51b9438ecc8f,True
M0658,103,62,36,7,10934.457369780832,54428.94349124087,677936.3569264116,1959441.9656846712,2637378.322611083,658,51f3c6760f42acbe76dda42ed2ccfac04f744e32c97d93a446ea51b9438ecc8f,True
M0659,96,69,32,10,26080.678793278013,94238.17893217706,1799566.836736183,3015621.725829666,4815188.562565849,659,51f3c6760f42acbe76dda42ed2ccfac04f744e32c97d93a446ea51b9438ecc8f,True
M0660,109,82,38,2,19749.510012461815,194917.0269200149,1619459.8210218688,7406847.022960566,9026306.843982436,660,51f3c6760f42acbe76dda42ed2ccfac04f744e32c97d93a446ea51b9438ecc8f,True
M0661,111,71,47,7,80364.63799389232,84055.07922500501,5705889.297566354,3950588.723575236,9656478.02114159,661,51f3c6760f42acbe76dda42ed2ccfac04f744e32c97d93a446ea51b9438ecc8f,True
M0662,105,79,37,4,22515.566511594003,360961.5327794298,1778729.7544159263,13355576.712838903,15134306.467254829,662,51f3c6760f42acbe76dda42ed2ccfac04f744e32c97d93a446ea51b9438ecc8f,True
M0663,104,69,47,6,65417.932468099825,76184.26453670916,4513837.340298888,3580660.4332253304,8094497.773524219,663,51f3c6760f42acbe76dda42ed2ccfac04f744e32c97d93a446ea51b9438ecc8f,True
M0664,102,76,39,5,10913.652868192343,55152.786867703995,829437.617982618,2150958.6878404557,2980396.3058230737,664,51f3c6760f42acbe76dda42ed2ccfac04f744e32c97d93a446ea51b9438ecc8f,True
M0665,107,77,44,3,8570.421865814777,54772.856192803345,659922.4836677378,2410005.6724833474,3069928.156151085,665,51f3c6760f42acbe76dda42ed2ccfac04f744e32c97d93a446ea51b9438ecc8f,True
M0666,91,68,36,3,11248.037190833744,58497.377375729644,764866.5289766946,2105905.585526267,2870772.1145029617,666,51f3c6760f42acbe76dda42ed2ccfac04f744e32c97d93a446ea51b9438ecc8f,True
M0667,103,65,43,2,44957.724375922255,50143.316209482124,2922252.0844349465,2156162.5970077314,5078414.681442678,667,51f3c6760f42acbe76dda42ed2ccfac04f744e32c97d93a446ea51b9438ecc8f,True
M0668,92,55,45,3,63174.81183731585,79037.7400621763,3474614.6510523716,3556698.302797933,7031312.953850305,668,51f3c6760f42acbe76dda42ed2ccfac04f744e32c97d93a446ea51b9438ecc8f,True
M0669,103,74,37,1,13776.125375407968,56666.2042253236,1019433.2777801896,2096649.556336973,3116082.834117163,669,51f3c6760f42acbe76dda42ed2ccfac04f744e32c97d93a446ea51b9438ecc8f,True
M0670,106,80,46,4,16708.291666202178,98236.63011604347,1336663.3332961742,4518884.985338,5855548.318634174,670,51f3c6760f42acbe76dda42ed2ccfac04f744e32c97d93a446ea51b9438ecc8f,True
M0671,98,76,38,8,10922.841803652873,59741.15145391492,830135.9770776184,2270163.755248767,3100299.732326385,671,51f3c6760f42acbe76dda42ed2ccfac04f744e32c97d93a446ea51b9438ecc8f,True
M0672,87,68,38,5,7428.030969300889,64946.25795558094,505106.1059124605,2467957.8023120756,2973063.908224536,672,51f3c6760f42acbe76dda42ed2ccfac04f744e32c97d93a446ea51b9438ecc8f,True
M0673,107,75,34,7,33895.821245155785,192662.07418118668,2542186.593386684,6550510.522160347,9092697.115547031,673,51f3c6760f42acbe76dda42ed2ccfac04f744e32c97d93a446ea51b9438ecc8f,True
M0674,93,68,41,8,25180.17309242114,55865.253470306176,1712251.7702846376,2290475.392282553,4002727.162567191,674,51f3c6760f42acbe76dda42ed2ccfac04f744e32c97d93a446ea51b9438ecc8f,True
M0675,90,62,34,2,22165.510741238257,83346.35422383496,1374261.665956772,2833776.043610389,4208037.709567161,675,51f3c6760f42acbe76dda42ed2ccfac04f744e32c97d93a446ea51b9438ecc8f,True
M0676,91,65,37,0,9508.734513971654,87778.28864519605,618067.7434081575,3247796.679872254,3865864.4232804114,676,51f3c6760f42acbe76dda42ed2ccfac04f744e32c97d93a446ea51b9438ecc8f,True
M0677,81,53,32,11,58922.247164486966,55252.84059725627,3122879.0997178094,1768090.8991122006,4890969.99883001,677,51f3c6760f42acbe76dda42ed2ccfac04f744e32c97d93a446ea51b9438ecc8f,True
M0678,81,53,37,7,16284.775911147597,66028.08243345612,863093.1232908226,2443039.0500378762,3306132.1733286986,678,51f3c6760f42acbe76dda42ed2ccfac04f744e32c97d93a446ea51b9438ecc8f,True
M0679,92,65,37,7,30338.592316953684,59409.874676742606,1972008.5006019894,2198165.3630394763,4170173.863641466,679,51f3c6760f42acbe76dda42ed2ccfac04f744e32c97d93a446ea51b9438ecc8f,True
M0680,114,76,50,4,9202.800849366504,90307.67163262468,699412.8645518543,4515383.581631234,5214796.446183088,680,51f3c6760f42acbe76dda42ed2ccfac04f744e32c97d93a446ea51b9438ecc8f,True
M0681,101,81,43,6,19647.097298900553,73823.65544526097,1591414.8812109448,3174417.1841462217,4765832.065357166,681,51f3c6760f42acbe76dda42ed2ccfac04f744e32c97d93a446ea51b9438ecc8f,True
M0682,95,70,42,3,26234.344070821993,64748.822059362654,1836404.0849575396,2719450.5264932313,4555854.611450771,682,51f3c6760f42acbe76dda42ed2ccfac04f744e32c97d93a446ea51b9438ecc8f,True
M0683,102,73,45,0,26802.35754781392,91516.38897082236,1956572.1009904162,4118237.503687006,6074809.604677422,683,51f3c6760f42acbe76dda42ed2ccfac04f744e32c97d93a446ea51b9438ecc8f,True
M0684,99,70,37,4,24168.10640892854,55659.687161624446,1691767.4486249976,2059408.4249801044,3751175.8736051023,684,51f3c6760f42acbe76dda42ed2ccfac04f744e32c97d93a446ea51b9438ecc8f,True
M0685,102,81,38,7,29635.06285611876,87564.71730902544,2400440.0913456194,3327459.2577429665,5727899.349088586,685,51f3c6760f42acbe76dda42ed2ccfac04f744e32c97d93a446ea51b9438ecc8f,True
M0686,89,63,36,8,11177.831063138985,111511.2874948998,704203.356977756,4014406.349816393,4718609.706794149,686,51f3c6760f42acbe76dda42ed2ccfac04f744e32c97d93a446ea51b9438ecc8f,True
M0687,90,65,35,2,24795.651232876302,116228.71501631773,1611717.3301369597,4068005.0255711204,5679722.35570808,687,51f3c6760f42acbe76dda42ed2ccfac04f744e32c97d93a446ea51b9438ecc8f,True
M0688,84,52,36,4,23582.36839973895,92241.4644938135,1226283.1567864253,3320692.721777286,4546975.878563711,688,51f3c6760f42acbe76dda42ed2ccfac04f744e32c97d93a446ea51b9438ecc8f,True
M0689,108,81,49,5,25311.23406919431,61665.9574465957,2050209.9596047392,3021631.9148831894,5071841.874487929,689,51f3c6760f42acbe76dda42ed2ccfac04f744e32c97d93a446ea51b9438ecc8f,True
M0690,105,77,47,12,23003.625901822998,248323.6266744406,1771279.194440371,11671210.453698708,13442489.648139078,690,51f3c6760f42acbe76dda42ed2ccfac04f744e32c97d93a446ea51b9438ecc8f,True
M0691,118,90,48,3,10260.658886828698,60520.0821550549,923459.2998145828,2904963.9434426352,3828423.243257218,691,51f3c6760f42acbe76dda42ed2ccfac04f744e32c97d93a446ea51b9438ecc8f,True
M0692,97,66,33,6,9989.802970092253,75125.42714627308,659326.9960260887,2479139.095827012,3138466.091853101,692,51f3c6760f42acbe76dda42ed2ccfac04f744e32c97d93a446ea51b9438ecc8f,True
M0693,101,67,45,11,5833.888793594615,53638.98849728645,390870.5491708392,2413754.4823778905,2804625.0315487296,693,51f3c6760f42acbe76dda42ed2ccfac04f744e32c97d93a446ea51b9438ecc8f,True
M0694,101,76,44,1,35972.883802348326,241268.99401526575,2733939.1689784727,10615835.736671694,13349774.905650167,694,51f3c6760f42acbe76dda42ed2ccfac04f744e32c97d93a446ea51b9438ecc8f,True
M0695,84,58,34,3,36192.04078570246,81366.39185168281,2099138.3655707426,2766457.322957216,4865595.6885279585,695,51f3c6760f42acbe76dda42ed2ccfac04f744e32c97d93a446ea51b9438ecc8f,True
M0696,87,54,42,14,36538.80679852079,87530.0059244425,1973095.5671201227,3676260.2488265852,5649355.8159467075,696,51f3c6760f42acbe76dda42ed2ccfac04f744e32c97d93a446ea51b9438ecc8f,True
M0697,109,74,44,1,26478.11912424104,51379.48267005258,1959380.8151938368,2260697.2374823135,4220078.052676151,697,51f3c6760f42acbe76dda42ed2ccfac04f744e32c97d93a446ea51b9438ecc8f,True
M0698,73,53,34,3,6124.965908076634,88997.37318869318,324623.1931280616,3025910.688415568,3350533.8815436293,698,51f3c6760f42acbe76dda42ed2ccfac04f744e32c97d93a446ea51b9438ecc8f,True
M0699,93,65,38,3,11896.192916484384,90757.7234757601,773252.539571485,3448793.4920788836,4222046.031650368,699,51f3c6760f42acbe76dda42ed2ccfac04f744e32c97d93a446ea51b9438ecc8f,True
M0700,84,60,23,3,24397.824575282248,78072.86885524864,1463869.474516935,1795675.9836707187,3259545.4581876537,700,51f3c6760f42acbe76dda42ed2ccfac04f744e32c97d93a446ea51b9438ecc8f,True
M0701,101,78,42,6,23892.28306986113,57402.99141133871,1863598.079449168,2410925.639276226,4274523.718725394,701,51f3c6760f42acbe76dda42ed2ccfac04f744e32c97d93a446ea51b9438ecc8f,True
M0702,97,67,43,7,19270.892427860566,65438.95978032662,1291149.792666658,2813875.2705540447,4105025.063220703,702,51f3c6760f42acbe76dda42ed2ccfac04f744e32c97d93a446ea51b9438ecc8f,True
M0703,103,78,37,1,27483.753348531765,52396.08121966748,2143732.7611854775,1938655.0051276968,4082387.7663131743,703,51f3c6760f42acbe76dda42ed2ccfac04f744e32c97d93a446ea51b9438ecc8f,True
M0704,117,83,53,3,22180.99288123896,64532.817790685716,1841022.4091428337,3420239.342906343,5261261.752049176,704,51f3c6760f42acbe76dda42ed2ccfac04f744e32c97d93a446ea51b9438ecc8f,True
M0705,91,65,43,2,23681.804255815052,55914.0325246984,1539317.2766279783,2404303.3985620313,3943620.6751900096,705,51f3c6760f42acbe76dda42ed2ccfac04f744e32c97d93a446ea51b9438ecc8f,True
M0706,86,58,39,6,15011.33408313887,59369.51367918875,870657.3768220545,2315411.033488361,3186068.4103104156,706,51f3c6760f42acbe76dda42ed2ccfac04f744e32c97d93a446ea51b9438ecc8f,True
M0707,96,65,48,3,39703.97516141082,53678.07174196251,2580758.385491703,2576547.4436142,5157305.829105903,707,51f3c6760f42acbe76dda42ed2ccfac04f744e32c97d93a446ea51b9438ecc8f,True
M0708,113,81,45,3,17009.66574660981,55511.885726844375,1377782.9254753948,2498034.857707997,3875817.7831833917,708,51f3c6760f42acbe76dda42ed2ccfac04f744e32c97d93a446ea51b9438ecc8f,True
M0709,109,74,33,6,9913.081724642678,51618.83005327459,733568.0476235582,1703421.3917580615,2436989.43938162,709,51f3c6760f42acbe76dda42ed2ccfac04f744e32c97d93a446ea51b9438ecc8f,True
M0710,83,54,31,8,13868.84993341142,137252.40446467834,748917.8964042166,4254824.538405029,5003742.434809246,710,51f3c6760f42acbe76dda42ed2ccfac04f744e32c97d93a446ea51b9438ecc8f,True
M0711,89,70,38,3,17870.744784034367,67652.32442625039,1250952.1348824056,2570788.3281975146,3821740.46307992,711,51f3c6760f42acbe76dda42ed2ccfac04f744e32c97d93a446ea51b9438ecc8f,True
M0712,104,79,47,9,39990.678683264974,61202.44328013025,3159263.615977933,2876514.8341661217,6035778.450144054,712,51f3c6760f42acbe76dda42ed2ccfac04f744e32c97d93a446ea51b9438ecc8f,True
M0713,87,56,42,5,21474.88090184146,67920.32213417278,1202593.330503122,2852653.5296352566,4055246.8601383786,713,51f3c6760f42acbe76dda42ed2ccfac04f744e32c97d93a446ea51b9438ecc8f,True
M0714,118,84,45,14,19698.76197062534,74283.06504933296,1654696.0055325285,3342737.927219983,4997433.932752511,714,51f3c6760f42acbe76dda42ed2ccfac04f744e32c97d93a446ea51b9438ecc8f,True
M0715,103,64,47,4,10412.91295406208,138631.66118145388,666426.4290599731,6515688.075528332,7182114.504588305,715,51f3c6760f42acbe76dda42ed2ccfac04f744e32c97d93a446ea51b9438ecc8f,True
M0716,89,61,31,5,35287.69342317425,54096.32773102434,2152549.298813629,1676986.1596617547,3829535.458475384,716,51f3c6760f42acbe76dda42ed2ccfac04f744e32c97d93a446ea51b9438ecc8f,True
M0717,97,69,50,5,14895.712630169595,57521.54614591114,1027804.1714817021,2876077.307295557,3903881.478777259,717,51f3c6760f42acbe76dda42ed2ccfac04f744e32c97d93a446ea51b9438ecc8f,True
M0718,96,64,37,3,20743.397549400397,221496.7338555911,1327577.4431616254,8195379.152656871,9522956.595818497,718,51f3c6760f42acbe76dda42ed2ccfac04f744e32c97d93a446ea51b9438ecc8f,True
M0719,128,82,47,5,53536.01297405331,60195.3651917352,4389953.063872371,2829182.164011555,7219135.227883926,719,51f3c6760f42acbe76dda42ed2ccfac04f744e32c97d93a446ea51b9438ecc8f,True
M0720,94,62,40,6,29889.36464553205,50458.49055160418,1853140.608022987,2018339.6220641674,3871480.2300871545,720,51f3c6760f42acbe76dda42ed2ccfac04f744e32c97d93a446ea51b9438ecc8f,True
M0721,98,68,41,1,8292.009103088845,53299.29835151508,563856.6190100415,2185271.232412118,2749127.8514221595,721,51f3c6760f42acbe76dda42ed2ccfac04f744e32c97d93a446ea51b9438ecc8f,True
M0722,104,83,43,1,7618.188251866407,50536.69555124001,632309.6249049117,2173077.90870332,2805387.5336082317,722,51f3c6760f42acbe76dda42ed2ccfac04f744e32c97d93a446ea51b9438ecc8f,True
M0723,103,73,46,8,21192.735353468906,314513.98125097685,1547069.6808032303,14467643.137544936,16014712.818348166,723,51f3c6760f42acbe76dda42ed2ccfac04f744e32c97d93a446ea51b9438ecc8f,True
M0724,88,62,32,3,10639.78579958581,56985.55516030758,659666.7195743202,1823537.7651298426,2483204.484704163,724,51f3c6760f42acbe76dda42ed2ccfac04f744e32c97d93a446ea51b9438ecc8f,True
M0725,109,79,48,4,32504.312394592533,139830.70611743734,2567840.67917281,6711873.893636992,9279714.572809802,725,51f3c6760f42acbe76dda42ed2ccfac04f744e32c97d93a446ea51b9438ecc8f,True
M0726,79,55,33,7,22592.151337221414,450065.71852210566,1242568.3235471777,14852168.711229486,16094737.034776663,726,51f3c6760f42acbe76dda42ed2ccfac04f744e32c97d93a446ea51b9438ecc8f,True
M0727,88,64,31,2,24324.293475070514,72123.54496476315,1556754.7824045129,2235829.8939076574,3792584.67631217,727,51f3c6760f42acbe76dda42ed2ccfac04f744e32c97d93a446ea51b9438ecc8f,True
M0728,94,73,31,5,14413.983503621756,50679.775865614385,1052220.795764388,1571073.051834046,2623293.847598434,728,51f3c6760f42acbe76dda42ed2ccfac04f744e32c97d93a446ea51b9438ecc8f,True
M0729,106,69,46,0,62619.386220029715,51731.57145164351,4320737.6491820505,2379652.2867756016,6700389.935957652,729,51f3c6760f42acbe76dda42ed2ccfac04f744e32c97d93a446ea51b9438ecc8f,True
M0730,110,75,47,3,121243.50456978181,65027.99138965194,9093262.842733636,3056315.5953136412,12149578.438047279,730,51f3c6760f42acbe76dda42ed2ccfac04f744e32c97d93a446ea51b9438ecc8f,True
M0731,94,62,34,4,18635.975639209733,61589.36685574102,1155430.4896310035,2094038.4730951947,3249468.962726198,731,51f3c6760f42acbe76dda42ed2ccfac04f744e32c97d93a446ea51b9438ecc8f,True
M0732,101,82,49,8,27223.165130807076,72585.47258600009,2232299.54072618,3556688.1567140045,5788987.697440185,732,51f3c6760f42acbe76dda42ed2ccfac04f744e32c97d93a446ea51b9438ecc8f,True
M0733,87,51,26,2,23352.291745472325,62999.59236372089,1190966.8790190886,1637989.4014567432,2828956.2804758316,733,51f3c6760f42acbe76dda42ed2ccfac04f744e32c97d93a446ea51b9438ecc8f,True
M0734,98,77,28,8,18848.486199554132,148372.9808984415,1451333.4373656681,4154443.4651563624,5605776.90252203,734,51f3c6760f42acbe76dda42ed2ccfac04f744e32c97d93a446ea51b9438ecc8f,True
M0735,96,66,43,5,13369.853589465794,67903.41424333914,882410.3369047424,2919846.812463583,3802257.1493683252,735,51f3c6760f42acbe76dda42ed2ccfac04f744e32c97d93a446ea51b9438ecc8f,True
M0736,111,83,37,9,11487.551014352035,80264.95877644356,953466.7341912189,2969803.4747284115,3923270.2089196304,736,51f3c6760f42acbe76dda42ed2ccfac04f744e32c97d93a446ea51b9438ecc8f,True
M0737,108,77,40,6,11143.834236740735,123870.85843423003,858075.2362290366,4954834.337369202,5812909.573598239,737,51f3c6760f42acbe76dda42ed2ccfac04f744e32c97d93a446ea51b9438ecc8f,True
M0738,97,71,39,4,28089.30043375567,53280.01036996282,1994340.3307966527,2077920.40442855,4072260.7352252025,738,51f3c6760f42acbe76dda42ed2ccfac04f744e32c97d93a446ea51b9438ecc8f,True
M0739,108,74,43,2,16126.115427625658,55502.668063361634,1193332.5416442987,2386614.72672455,3579947.2683688486,739,51f3c6760f42acbe76dda42ed2ccfac04f744e32c97d93a446ea51b9438ecc8f,True
M0740,101,76,44,3,4689.232912287986,52322.85361319581,356381.70133388694,2302205.558980616,2658587.2603145028,740,51f3c6760f42acbe76dda42ed2ccfac04f744e32c97d93a446ea51b9438ecc8f,True
M0741,125,88,54,2,28765.008142268067,53100.376056477835,2531320.71651959,2867420.307049803,5398741.023569393,741,51f3c6760f42acbe76dda42ed2ccfac04f744e32c97d93a446ea51b9438ecc8f,True
M0742,85,57,39,4,21526.56925608014,66651.52337655118,1227014.447596568,2599409.411685496,3826423.8592820643,742,51f3c6760f42acbe76dda42ed2ccfac04f744e32c97d93a446ea51b9438ecc8f,True
M0743,99,63,34,8,49414.72821974976,58380.520533684896,3113127.877844235,1984937.6981452864,5098065.575989521,743,51f3c6760f42acbe76dda42ed2ccfac04f744e32c97d93a446ea51b9438ecc8f,True
M0744,85,65,29,2,27553.18561636894,62309.13522048896,1790957.065063981,1806964.9213941798,3597921.986458161,744,51f3c6760f42acbe76dda42ed2ccfac04f744e32c97d93a446ea51b9438ecc8f,True
M0745,88,63,32,7,9070.619494034288,252147.04166399472,571449.0281241601,8068705.333247831,8640154.36137199,745,51f3c6760f42acbe76dda42ed2ccfac04f744e32c97d93a446ea51b9438ecc8f,True
M0746,107,73,33,7,5780.202615067705,53527.63553930098,421954.79089994245,1766411.9727969323,2188366.763696875,746,51f3c6760f42acbe76dda42ed2ccfac04f744e32c97d93a446ea51b9438ecc8f,True
M0747,96,65,36,3,14304.315721142599,68261.1843425009,929780.5218742689,2457402.6363300323,3387183.1582043013,747,51f3c6760f42acbe76dda42ed2ccfac04f744e32c97d93a446ea51b9438ecc8f,True
M0748,99,68,42,6,15137.578105500248,52126.10178215551,1029355.3111740169,2189296.2748505315,3218651.5860245484,748,51f3c6760f42acbe76dda42ed2ccfac04f744e32c97d93a446ea51b9438ecc8f,True
M0749,109,75,60,6,38789.13732643539,58288.47868697807,2909185.2994826543,3497308.721218684,6406494.020701339,749,51f3c6760f42acbe76dda42ed2ccfac04f744e32c97d93a446ea51b9438ecc8f,True
M0750,106,80,44,4,21909.540070912495,67486.7960599859,1752763.2056729996,2969419.02663938,4722182.232312379,750,51f3c6760f42acbe76dda42ed2ccfac04f744e32c97d93a446ea51b9438ecc8f,True
M0751,92,56,33,4,43486.816355733696,161456.9731173159,2435261.715921087,5328080.112871425,7763341.828792512,751,51f3c6760f42acbe76dda42ed2ccfac04f744e32c97d93a446ea51b9438ecc8f,True
M0752,99,74,53,4,9947.735005274692,60980.10949016848,736132.3903903272,3231945.802978929,3968078.1933692563,752,51f3c6760f42acbe76dda42ed2ccfac04f744e32c97d93a446ea51b9438ecc8f,True
M0753,105,76,44,7,39307.02875636428,51360.35602143037,2987334.185483685,2259855.6649429365,5247189.850426622,753,51f3c6760f42acbe76dda42ed2ccfac04f744e32c97d93a446ea51b9438ecc8f,True
M0754,104,63,46,4,33948.28078401623,60857.66271724408,2138741.6893930226,2799452.4849932278,4938194.17438625,754,51f3c6760f42acbe76dda42ed2ccfac04f744e32c97d93a446ea51b9438ecc8f,True
M0755,81,63,32,1,6562.0578746032,53251.79051790583,413409.6461000016,1704057.2965729865,2117466.942672988,755,51f3c6760f42acbe76dda42ed2ccfac04f744e32c97d93a446ea51b9438ecc8f,True
M0756,88,69,32,9,48706.64292292033,55510.01835846313,3360758.361681503,1776320.5874708202,5137078.9491523225,756,51f3c6760f42acbe76dda42ed2ccfac04f744e32c97d93a446ea51b9438ecc8f,True
M0757,100,73,48,5,23296.888621048663,73482.83034654205,1700672.8693365525,3527175.856634018,5227848.72597057,757,51f3c6760f42acbe76dda42ed2ccfac04f744e32c97d93a446ea51b9438ecc8f,True
M0758,75,61,21,9,27867.786703912312,51415.76306272356,1699934.988938651,1079731.0243171947,2779666.0132558458,758,51f3c6760f42acbe76dda42ed2ccfac04f744e32c97d93a446ea51b9438ecc8f,True
M0759,107,69,44,4,13109.105348871704,64200.56005032736,904528.2690721476,2824824.642214404,3729352.9112865515,759,51f3c6760f42acbe76dda42ed2ccfac04f744e32c97d93a446ea51b9438ecc8f,True
M0760,82,64,32,6,47341.76698357362,72829.02586870654,3029873.086948712,2330528.827798609,5360401.914747321,760,51f3c6760f42acbe76dda42ed2ccfac04f744e32c97d93a446ea51b9438ecc8f,True
M0761,96,66,39,4,10812.829258792008,62252.430776013236,713646.7310802725,2427844.8002645164,3141491.531344789,761,51f3c6760f42acbe76dda42ed2ccfac04f744e32c97d93a446ea51b9438ecc8f,True
M0762,95,68,35,3,36288.46535800766,50387.7281139126,2467615.644344521,1763570.483986941,4231186.128331462,762,51f3c6760f42acbe76dda42ed2ccfac04f744e32c97d93a446ea51b9438ecc8f,True
M0763,105,74,45,6,36039.27105595024,272053.84262084344,2666906.0581403174,12242422.917937955,14909328.976078272,763,51f3c6760f42acbe76dda42ed2ccfac04f744e32c97d93a446ea51b9438ecc8f,True
M0764,89,65,35,4,12277.204670539624,60039.946132493926,798018.3035850755,2101398.1146372873,2899416.418222363,764,51f3c6760f42acbe76dda42ed2ccfac04f744e32c97d93a446ea51b9438ecc8f,True
M0765,105,63,38,4,72404.5310264302,91386.29254109821,4561485.454665102,3472679.1165617323,8034164.571226834,765,51f3c6760f42acbe76dda42ed2ccfac04f744e32c97d93a446ea51b9438ecc8f,True
M0766,93,65,37,2,25309.044175555537,58534.91013726895,1645087.8714111098,2165791.675078951,3810879.5464900606,766,51f3c6760f42acbe76dda42ed2ccfac04f744e32c97d93a446ea51b9438ecc8f,True
M0767,94,73,32,1,32608.737931960164,64701.12436082694,2380437.869033092,2070435.9795464622,4450873.848579554,767,51f3c6760f42acbe76dda42ed2ccfac04f744e32c97d93a446ea51b9438ecc8f,True
M0768,104,66,39,0,8810.747153760234,60869.690217642616,581509.3121481754,2373917.918488062,2955427.230636237,768,51f3c6760f42acbe76dda42ed2ccfac04f744e32c97d93a446ea51b9438ecc8f,True
M0769,91,67,35,6,78483.05352517363,59131.931698721106,5258364.586186633,2069617.6094552388,7327982.1956418725,769,51f3c6760f42acbe76dda42ed2ccfac04f744e32c97d93a446ea51b9438ecc8f,True
M0770,103,79,42,1,10564.618671815157,50443.83137172167,834604.8750733974,2118640.9176123105,2953245.792685708,770,51f3c6760f42acbe76dda42ed2ccfac04f744e32c97d93a446ea51b9438ecc8f,True
M0771,104,75,55,5,40738.62178417347,59772.813441098835,3055396.63381301,3287504.739260436,6342901.373073446,771,51f3c6760f42acbe76dda42ed2ccfac04f744e32c97d93a446ea51b9438ecc8f,True
M0772,110,77,50,12,12126.36114929841,120672.79105040243,933729.8084959775,6033639.552520121,6967369.361016099,772,51f3c6760f42acbe76dda42ed2ccfac04f744e32c97d93a446ea51b9438ecc8f,True
M0773,102,72,36,4,15193.252872081326,79918.2353554288,1093914.2067898554,2877056.4727954366,3970970.679585292,773,51f3c6760f42acbe76dda42ed2ccfac04f744e32c97d93a446ea51b9438ecc8f,True
M0774,110,72,47,5,35357.02668775305,53243.85544351044,2545705.9215182196,2502461.2058449904,5048167.127363211,774,51f3c6760f42acbe76dda42ed2ccfac04f744e32c97d93a446ea51b9438ecc8f,True
M0775,87,61,33,4,40803.846308052634,71506.66606983138,2489034.6247912105,2359719.9803044354,4848754.605095645,775,51f3c6760f42acbe76dda42ed2ccfac04f744e32c97d93a446ea51b9438ecc8f,True
M0776,118,89,53,3,10272.538519625365,121891.16765275558,914255.9282466575,6460231.885596046,7374487.813842704,776,51f3c6760f42acbe76dda42ed2ccfac04f744e32c97d93a446ea51b9438ecc8f,True
M0777,96,68,41,1,42373.70574960788,80935.90277838756,2881411.9909733357,3318372.0139138903,6199784.004887226,777,51f3c6760f42acbe76dda42ed2ccfac04f744e32c97d93a446ea51b9438ecc8f,True
M0778,98,68,38,10,41232.75719914281,53325.356319774575,2803827.4895417113,2026363.5401514338,4830191.029693145,778,51f3c6760f42acbe76dda42ed2ccfac04f744e32c97d93a446ea51b9438ecc8f,True
M0779,121,86,50,2,12546.888113044999,112336.30373901706,1079032.3777218699,5616815.186950853,6695847.564672723,779,51f3c6760f42acbe76dda42ed2ccfac04f744e32c97d93a446ea51b9438ecc8f,True
M0780,86,57,34,6,57479.78249389034,57718.41369674554,3276347.6021517497,1962426.0656893484,5238773.667841098,780,51f3c6760f42acbe76dda42ed2ccfac04f744e32c97d93a446ea51b9438ecc8f,True
M0781,114,74,46,2,9190.130569703815,63696.735548723016,680069.6621580824,2930049.8352412586,3610119.497399341,781,51f3c6760f42acbe76dda42ed2ccfac04f744e32c97d93a446ea51b9438ecc8f,True
M0782,93,70,36,3,15140.619592075542,67407.93080999996,1059843.371445288,2426685.5091599985,3486528.8806052865,782,51f3c6760f42acbe76dda42ed2ccfac04f744e32c97d93a446ea51b9438ecc8f,True
M0783,112,76,42,3,29360.384375613205,106935.32696692745,2231389.2125466038,4491283.732610953,6722672.945157557,783,51f3c6760f42acbe76dda42ed2ccfac04f744e32c97d93a446ea51b9438ecc8f,True
M0784,117,81,45,10,13198.523274581565,146206.4729331472,1069080.3852411069,6579291.281991623,7648371.66723273,784,51f3c6760f42acbe76dda42ed2ccfac04f744e32c97d93a446ea51b9438ecc8f,True
M0785,108,77,37,2,25804.171694077417,144567.76602260678,1986921.220443961,5349007.342836451,7335928.563280412,785,51f3c6760f42acbe76dda42ed2ccfac04f744e32c97d93a446ea51b9438ecc8f,True
M0786,111,80,49,3,25454.44460202791,50159.97506637974,2036355.5681622329,2457838.778252607,4494194.34641484,786,51f3c6760f42acbe76dda42ed2ccfac04f744e32c97d93a446ea51b9438ecc8f,True
M0787,109,75,43,2,19687.819776390053,138638.54159091107,1476586.483229254,5961457.288409176,7438043.771638431,787,51f3c6760f42acbe76dda42ed2ccfac04f744e32c97d93a446ea51b9438ecc8f,True
M0788,89,65,27,2,36295.18341490107,51131.039778525344,2359186.9219685695,1380538.0740201843,3739724.9959887536,788,51f3c6760f42acbe76dda42ed2ccfac04f744e32c97d93a446ea51b9438ecc8f,True
M0789,75,51,23,2,19206.10592536732,56576.75301974903,979511.4021937333,1301265.3194542276,2280776.721647961,789,51f3c6760f42acbe76dda42ed2ccfac04f744e32c97d93a446ea51b9438ecc8f,True
M0790,87,57,36,9,25309.2353394812,66783.46660882856,1442626.4143504284,2404204.797917828,3846831.2122682566,790,51f3c6760f42acbe76dda42ed2ccfac04f744e32c97d93a446ea51b9438ecc8f,True
M0791,110,84,36,2,43821.64386553593,64944.719198642764,3681018.084705018,2338009.8911511395,6019027.975856157,791,51f3c6760f42acbe76dda42ed2ccfac04f744e32c97d93a446ea51b9438ecc8f,True
M0792,100,65,29,6,35398.03984630518,72477.56309099606,2300872.590009837,2101849.329638886,4402721.919648723,792,51f3c6760f42acbe76dda42ed2ccfac04f744e32c97d93a446ea51b9438ecc8f,True
M0793,107,73,39,10,35299.01625802769,64920.78544004404,2576828.186836021,2531910.6321617174,5108738.818997739,793,51f3c6760f42acbe76dda42ed2ccfac04f744e32c97d93a446ea51b9438ecc8f,True
M0794,103,77,51,4,11053.387694741992,148642.8682122235,851110.8524951334,7580786.278823398,8431897.131318532,794,51f3c6760f42acbe76dda42ed2ccfac04f744e32c97d93a446ea51b9438ecc8f,True
M0795,94,70,43,2,30178.213788565612,55817.45954659013,2112474.965199593,2400150.7605033754,4512625.725702968,795,51f3c6760f42acbe76dda42ed2ccfac04f744e32c97d93a446ea51b9438ecc8f,True
M0796,106,72,50,1,13002.5494066172,56833.08945053499,936183.5572764383,2841654.4725267496,3777838.029803188,796,51f3c6760f42acbe76dda42ed2ccfac04f744e32c97d93a446ea51b9438ecc8f,True
M0797,104,79,41,5,10210.286914980643,137830.03065961215,806612.6662834708,5651031.257044098,6457643.923327569,797,51f3c6760f42acbe76dda42ed2ccfac04f744e32c97d93a446ea51b9438ecc8f,True
M0798,88,61,33,5,21098.900144005052,51622.651171724145,1287032.9087843082,1703547.4886668967,2990580.397451205,798,51f3c6760f42acbe76dda42ed2ccfac04f744e32c97d93a446ea51b9438ecc8f,True
M0799,85,55,39,2,12802.84752438435,72836.4295340154,704156.6138411392,2840620.7518266006,3544777.36566774,799,51f3c6760f42acbe76dda42ed2ccfac04f744e32c97d93a446ea51b9438ecc8f,True
M0800,110,80,43,4,35396.585203958646,79041.4632430629,2831726.8163166917,3398782.9194517047,6230509.735768396,800,51f3c6760f42acbe76dda42ed2ccfac04f744e32c97d93a446ea51b9438ecc8f,True
M0801,102,77,50,5,35908.21131706942,66270.17905604218,2764932.2714143456,3313508.952802109,6078441.224216455,801,51f3c6760f42acbe76dda42ed2ccfac04f744e32c97d93a446ea51b9438ecc8f,True
M0802,103,77,49,6,7033.391199231815,80318.0438118827,541571.1223408498,3935584.1467822525,4477155.269123103,802,51f3c6760f42acbe76dda42ed2ccfac04f744e32c97d93a446ea51b9438ecc8f,True
M0803,96,56,41,4,13400.113770702137,53940.661690360284,750406.3711593196,2211567.129304772,2961973.5004640915,803,51f3c6760f42acbe76dda42ed2ccfac04f744e32c97d93a446ea51b9438ecc8f,True
M0804,101,67,53,10,9173.993777205278,107549.65037466917,614657.5830727536,5700131.469857466,6314789.05293022,804,51f3c6760f42acbe76dda42ed2ccfac04f744e32c97d93a446ea51b9438ecc8f,True
M0805,108,70,47,5,16687.620465856267,53109.94028616519,1168133.4326099388,2496167.193449764,3664300.6260597026,805,51f3c6760f42acbe76dda42ed2ccfac04f744e32c97d93a446ea51b9438ecc8f,True
M0806,108,81,53,10,28943.629353793527,61368.41269234753,2344433.9776572757,3252525.8726944188,5596959.850351695,806,51f3c6760f42acbe76dda42ed2ccfac04f744e32c97d93a446ea51b9438ecc8f,True
M0807,125,87,51,6,19046.281051305778,51589.54484581549,1657026.4514636027,2631066.78713659,4288093.238600193,807,51f3c6760f42acbe76dda42ed2ccfac04f744e32c97d93a446ea51b9438ecc8f,True
M0808,95,65,37,4,15462.058380282018,68524.52814553314,1005033.7947183312,2535407.5413847263,3540441.3361030575,808,51f3c6760f42acbe76dda42ed2ccfac04f744e32c97d93a446ea51b9438ecc8f,True
M0809,94,65,30,3,48055.213789025176,77880.84742677821,3123588.8962866366,2336425.4228033465,5460014.319089983,809,51f3c6760f42acbe76dda42ed2ccfac04f744e32c97d93a446ea51b9438ecc8f,True
M0810,98,66,43,3,5525.260620707613,155339.89385152637,364667.2009667025,6679615.435615634,7044282.636582336,810,51f3c6760f42acbe76dda42ed2ccfac04f744e32c97d93a446ea51b9438ecc8f,True
M0811,114,80,42,6,46264.17285525149,85612.60517069756,3701133.8284201194,3595729.417169297,7296863.2455894165,811,51f3c6760f42acbe76dda42ed2ccfac04f744e32c97d93a446ea51b9438ecc8f,True
M0812,97,71,42,5,15889.710241753726,68278.48643138858,1128169.4271645145,2867696.43011832,3995865.8572828346,812,51f3c6760f42acbe76dda42ed2ccfac04f744e32c97d93a446ea51b9438ecc8f,True
M0813,106,71,40,11,21018.002133469698,147078.74368931068,1492278.1514763485,5883149.747572428,7375427.899048776,813,51f3c6760f42acbe76dda42ed2ccfac04f744e32c97d93a446ea51b9438ecc8f,True
M0814,103,68,45,3,16051.891905893002,64870.49927906817,1091528.6496007242,2919172.4675580678,4010701.117158792,814,51f3c6760f42acbe76dda42ed2ccfac04f744e32c97d93a446ea51b9438ecc8f,True
M0815,109,78,48,1,55588.56887477138,69512.93003451338,4335908.372232168,3336620.6416566423,7672529.01388881,815,51f3c6760f42acbe76dda42ed2ccfac04f744e32c97d93a446ea51b9438ecc8f,True
M0816,102,67,42,4,10523.992209681992,71855.46924029141,705107.4780486935,3017929.708092239,3723037.1861409326,816,51f3c6760f42acbe76dda42ed2ccfac04f744e32c97d93a446ea51b9438ecc8f,True
M0817,104,70,34,1,22182.119642676742,61748.04760871474,1552748.374987372,2099433.6186963012,3652181.9936836734,817,51f3c6760f42acbe76dda42ed2ccfac04f744e32c97d93a446ea51b9438ecc8f,True
M0818,102,72,47,7,30226.16415742656,103676.98896767756,2176283.8193347123,4872818.481480845,7049102.300815558,818,51f3c6760f42acbe76dda42ed2ccfac04f744e32c97d93a446ea51b9438ecc8f,True
M0819,102,67,42,6,8378.283497565792,54268.08122714515,561344.994336908,2279259.411540096,2840604.4058770044,819,51f3c6760f42acbe76dda42ed2ccfac04f744e32c97d93a446ea51b9438ecc8f,True
M0820,105,76,53,3,12683.549244957008,69113.74170605425,963949.7426167326,3663028.3104208754,4626978.053037608,820,51f3c6760f42acbe76dda42ed2ccfac04f744e32c97d93a446ea51b9438ecc8f,True
M0821,93,68,41,4,20152.68642646677,83463.75225187649,1370382.6769997405,3422013.842326936,4792396.519326677,821,51f3c6760f42acbe76dda42ed2ccfac04f744e32c97d93a446ea51b9438ecc8f,True
M0822,100,75,40,0,12938.996039028814,127649.28838110506,970424.7029271611,5105971.535244202,6076396.238171363,822,51f3c6760f42acbe76dda42ed2ccfac04f744e32c97d93a446ea51b9438ecc8f,True
M0823,79,55,41,8,13502.699903311539,118321.766471641,742648.4946821346,4851192.425337281,5593840.920019416,823,51f3c6760f42acbe76dda42ed2ccfac04f744e32c97d93a446ea51b9438ecc8f,True
M0824,109,75,38,2,17855.77746157843,66442.43575201184,1339183.3096183822,2524812.5585764498,3863995.868194832,824,51f3c6760f42acbe76dda42ed2ccfac04f744e32c97d93a446ea51b9438ecc8f,True
M0825,109,66,51,2,32524.495723526856,75505.97127694765,2146616.7177527724,3850804.53512433,5997421.252877102,825,51f3c6760f42acbe76dda42ed2ccfac04f744e32c97d93a446ea51b9438ecc8f,True
M0826,98,73,49,3,17932.488269862875,61101.11256424897,1309071.64369999,2993954.5156481997,4303026.15934819,826,51f3c6760f42acbe76dda42ed2ccfac04f744e32c97d93a446ea51b9438ecc8f,True
M0827,95,64,36,14,42068.55029695187,64367.02062984405,2692387.2190049198,2317212.742674386,5009599.961679306,827,51f3c6760f42acbe76dda42ed2ccfac04f744e32c97d93a446ea51b9438ecc8f,True
M0828,84,61,31,8,12104.654540724676,128887.4880853484,738383.9269842053,3995512.1306458004,4733896.057630005,828,51f3c6760f42acbe76dda42ed2ccfac04f744e32c97d93a446ea51b9438ecc8f,True
M0829,103,65,43,14,10392.572462885226,145440.9560540845,675517.2100875396,6253961.110325634,6929478.320413173,829,51f3c6760f42acbe76dda42ed2ccfac04f744e32c97d93a446ea51b9438ecc8f,True
M0830,104,62,46,7,69968.9774443928,123361.79484000201,4338076.601552354,5674642.562640092,10012719.164192446,830,51f3c6760f42acbe76dda42ed2ccfac04f744e32c97d93a446ea51b9438ecc8f,True
M0831,104,75,41,2,14842.131276150216,53069.115998913316,1113159.8457112662,2175833.755955446,3288993.601666712,831,51f3c6760f42acbe76dda42ed2ccfac04f744e32c97d93a446ea51b9438ecc8f,True
M0832,86,64,30,4,10031.172724004304,106814.65316556062,641995.0543362754,3204439.5949668186,3846434.649303094,832,51f3c6760f42acbe76dda42ed2ccfac04f744e32c97d93a446ea51b9438ecc8f,True
M0833,111,78,44,6,7744.728016531322,163601.79433356028,604088.7852894431,7198478.950676652,7802567.735966095,833,51f3c6760f42acbe76dda42ed2ccfac04f744e32c97d93a446ea51b9438ecc8f,True
M0834,102,67,33,5,41984.76411498099,59818.78063837839,2812979.1957037267,1974019.7610664868,4786998.956770213,834,51f3c6760f42acbe76dda42ed2ccfac04f744e32c97d93a446ea51b9438ecc8f,True
M0835,90,61,37,3,17947.700703587543,66986.03541778927,1094809.7429188401,2478483.3104582033,3573293.0533770435,835,51f3c6760f42acbe76dda42ed2ccfac04f744e32c97d93a446ea51b9438ecc8f,True
M0836,95,66,43,6,18916.203446389067,91471.96046308645,1248469.4274616784,3933294.299912717,5181763.727374395,836,51f3c6760f42acbe76dda42ed2ccfac04f744e32c97d93a446ea51b9438ecc8f,True
M0837,93,67,32,3,20019.83824263316,69568.29401202807,1341329.1622564218,2226185.408384898,3567514.57064132,837,51f3c6760f42acbe76dda42ed2ccfac04f744e32c97d93a446ea51b9438ecc8f,True
M0838,94,71,41,0,40447.72711021047,374424.98679638497,2871788.6248249435,15351424.458651783,18223213.083476726,838,51f3c6760f42acbe76dda42ed2ccfac04f744e32c97d93a446ea51b9438ecc8f,True
M0839,93,71,39,2,19777.14188649022,63773.30672240079,1404177.0739408056,2487158.962173631,3891336.0361144366,839,51f3c6760f42acbe76dda42ed2ccfac04f744e32c97d93a446ea51b9438ecc8f,True
M0840,113,87,53,2,89898.11633063821,82487.6245415213,7821136.120765524,4371844.100700629,12192980.221466154,840,51f3c6760f42acbe76dda42ed2ccfac04f744e32c97d93a446ea51b9438ecc8f,True
M0841,90,61,34,9,23867.10295694665,93807.8284695893,1455893.2803737456,3189466.167966036,4645359.448339782,841,51f3c6760f42acbe76dda42ed2ccfac04f744e32c97d93a446ea51b9438ecc8f,True
M0842,99,75,39,11,41650.59195816376,65666.56141358215,3123794.396862282,2560995.895129704,5684790.291991986,842,51f3c6760f42acbe76dda42ed2ccfac04f744e32c97d93a446ea51b9438ecc8f,True
M0843,87,62,39,2,35708.49571772951,108846.8631070453,2213926.7344992296,4245027.661174767,6458954.395673996,843,51f3c6760f42acbe76dda42ed2ccfac04f744e32c97d93a446ea51b9438ecc8f,True
M0844,107,73,41,1,21550.011040354104,68581.47569775708,1573150.8059458495,2811840.50360804,4384991.30955389,844,51f3c6760f42acbe76dda42ed2ccfac04f744e32c97d93a446ea51b9438ecc8f,True
M0845,98,66,32,8,15487.947323409257,61818.14038796458,1022204.5233450109,1978180.4924148666,3000385.0157598774,845,51f3c6760f42acbe76dda42ed2ccfac04f744e32c97d93a446ea51b9438ecc8f,True
M0846,108,71,50,11,26881.09034218985,52334.69847143982,1908557.4142954794,2616734.923571991,4525292.33786747,846,51f3c6760f42acbe76dda42ed2ccfac04f744e32c97d93a446ea51b9438ecc8f,True
M0847,103,75,45,2,29913.322799728758,61067.89215695799,2243499.2099796566,2748055.1470631096,4991554.357042766,847,51f3c6760f42acbe76dda42ed2ccfac04f744e32c97d93a446ea51b9438ecc8f,True
M0848,108,84,42,5,15622.201758711753,84913.32650925845,1312264.9477317873,3566359.7133888546,4878624.661120642,848,51f3c6760f42acbe76dda42ed2ccfac04f744e32c97d93a446ea51b9438ecc8f,True
M0849,124,89,48,9,24338.222101658645,138213.39023747,2166101.7670476194,6634242.73139856,8800344.49844618,849,51f3c6760f42acbe76dda42ed2ccfac04f744e32c97d93a446ea51b9438ecc8f,True
M0850,79,57,34,1,46245.66398896903,56148.08192577855,2636002.8473712346,1909034.7854764706,4545037.632847705,850,51f3c6760f42acbe76dda42ed2ccfac04f744e32c97d93a446ea51b9438ecc8f,True
M0851,93,64,39,9,76264.94257306942,59594.96402248809,4880956.324676443,2324203.5968770357,7205159.921553479,851,51f3c6760f42acbe76dda42ed2ccfac04f744e32c97d93a446ea51b9438ecc8f,True
M0852,116,75,36,2,36776.76696131207,53458.14071433225,2758257.522098405,1924493.065715961,4682750.5878143655,852,51f3c6760f42acbe76dda42ed2ccfac04f744e32c97d93a446ea51b9438ecc8f,True
M0853,93,71,39,3,67349.84037999263,79952.28778258454,4781838.666979477,3118139.2235207967,7899977.890500274,853,51f3c6760f42acbe76dda42ed2ccfac04f744e32c97d93a446ea51b9438ecc8f,True
M0854,98,71,45,11,15098.87434410304,181537.47163695376,1072020.078431316,8169186.223662919,9241206.302094236,854,51f3c6760f42acbe76dda42ed2ccfac04f744e32c97d93a446ea51b9438ecc8f,True
M0855,81,62,40,3,33561.31526413566,75319.79094519919,2080801.5463764109,3012791.6378079676,5093593.184184378,855,51f3c6760f42acbe76dda42ed2ccfac04f744e32c97d93a446ea51b9438ecc8f,True
M0856,71,53,31,5,49173.576989104426,73404.92681842422,2606199.5804225346,2275552.731371151,4881752.311793685,856,51f3c6760f42acbe76dda42ed2ccfac04f744e32c97d93a446ea51b9438ecc8f,True
M0857,116,92,47,2,12864.15448210574,69029.94087254685,1183502.212353728,3244407.221009702,4427909.43336343,857,51f3c6760f42acbe76dda42ed2ccfac04f744e32c97d93a446ea51b9438ecc8f,True
M0858,101,68,34,5,16459.299782494458,51887.040477902614,1119232.385209623,1764159.376248689,2883391.761458312,858,51f3c6760f42acbe76dda42ed2ccfac04f744e32c97d93a446ea51b9438ecc8f,True
M0859,95,65,45,2,62488.81483702344,84353.97526121163,4061772.964406524,3795928.886754523,7857701.851161047,859,51f3c6760f42acbe76dda42ed2ccfac04f744e32c97d93a446ea51b9438ecc8f,True
M0860,120,81,39,3,12270.345390917886,72283.37156437762,993897.9766643487,2819051.4910107274,3812949.467675076,860,51f3c6760f42acbe76dda42ed2ccfac04f744e32c97d93a446ea51b9438ecc8f,True
M0861,98,74,34,2,9850.938220148586,77114.24543171718,728969.4282909953,2621884.3446783843,3350853.7729693796,861,51f3c6760f42acbe76dda42ed2ccfac04f744e32c97d93a446ea51b9438ecc8f,True
M0862,92,63,31,1,55093.605963277085,125001.96568280578,3470897.1756864563,3875060.936166979,7345958.111853436,862,51f3c6760f42acbe76dda42ed2ccfac04f744e32c97d93a446ea51b9438ecc8f,True
M0863,90,68,37,2,45164.10598593442,92290.49381805505,3071159.20704354,3414748.271268037,6485907.478311578,863,51f3c6760f42acbe76dda42ed2ccfac04f744e32c97d93a446ea51b9438ecc8f,True
M0864,99,68,45,14,28546.001318840852,91775.15923605837,1941128.0896811779,4129882.165622627,6071010.255303805,864,51f3c6760f42acbe76dda42ed2ccfac04f744e32c97d93a446ea51b9438ecc8f,True
M0865,103,71,46,7,21430.567018404057,142586.6040606218,1521570.2583066882,6558983.786788602,8080554.045095291,865,51f3c6760f42acbe76dda42ed2ccfac04f744e32c97d93a446ea51b9438ecc8f,True
M0866,86,68,30,3,16930.72498368376,314661.53354165645,1151289.2988904957,9439846.006249694,10591135.30514019,866,51f3c6760f42acbe76dda42ed2ccfac04f744e32c97d93a446ea51b9438ecc8f,True
M0867,91,66,41,11,26086.39842378643,70827.45806830522,1721702.2959699044,2903925.780800514,4625628.076770418,867,51f3c6760f42acbe76dda42ed2ccfac04f744e32c97d93a446ea51b9438ecc8f,True
M0868,112,84,55,4,56833.667935074256,52359.54247814458,4774028.106546237,2879774.836297952,7653802.94284419,868,51f3c6760f42acbe76dda42ed2ccfac04f744e32c97d93a446ea51b9438ecc8f,True
M0869,101,72,43,11,25416.139781671864,63934.138473008825,1829962.0642803742,2749167.9543393794,4579130.018619753,869,51f3c6760f42acbe76dda42ed2ccfac04f744e32c97d93a446ea51b9438ecc8f,True
M0870,112,78,39,5,80835.82786073294,92919.98628863132,6305194.57313717,3623879.4652566216,9929074.038393792,870,51f3c6760f42acbe76dda42ed2ccfac04f744e32c97d93a446ea51b9438ecc8f,True
M0871,81,62,30,5,12851.74409840892,50565.5126696767,796808.1341013531,1516965.380090301,2313773.514191654,871,51f3c6760f42acbe76dda42ed2ccfac04f744e32c97d93a446ea51b9438ecc8f,True
M0872,101,71,36,5,21767.8969709928,51185.222156428536,1545520.6849404888,1842667.9976314274,3388188.682571916,872,51f3c6760f42acbe76dda42ed2ccfac04f744e32c97d93a446ea51b9438ecc8f,True
M0873,99,65,39,1,17608.989178231644,51409.8962298081,1144584.296585057,2004985.9529625159,3149570.249547573,873,51f3c6760f42acbe76dda42ed2ccfac04f744e32c97d93a446ea51b9438ecc8f,True
M0874,112,82,39,7,11486.354838784548,84545.82887983604,941881.0967803329,3297287.3263136055,4239168.423093938,874,51f3c6760f42acbe76dda42ed2ccfac04f744e32c97d93a446ea51b9438ecc8f,True
M0875,99,67,41,8,20093.461853153403,66037.07132071817,1346261.944161278,2707519.924149445,4053781.8683107225,875,51f3c6760f42acbe76dda42ed2ccfac04f744e32c97d93a446ea51b9438ecc8f,True
M0876,104,70,47,4,28293.788757144684,60107.70775550497,1980565.2130001278,2825062.2645087335,4805627.477508862,876,51f3c6760f42acbe76dda42ed2ccfac04f744e32c97d93a446ea51b9438ecc8f,True
M0877,80,55,38,2,30168.03225060555,52283.011962749006,1659241.7737833052,1986754.454584462,3645996.2283677673,877,51f3c6760f42acbe76dda42ed2ccfac04f744e32c97d93a446ea51b9438ecc8f,True
M0878,110,75,45,4,81005.41695180863,84697.75263205662,6075406.271385647,3811398.868442548,9886805.139828196,878,51f3c6760f42acbe76dda42ed2ccfac04f744e32c97d93a446ea51b9438ecc8f,True
M0879,90,63,32,6,29105.443043416217,58375.03622790643,1833642.9117352217,1868001.1592930057,3701644.0710282275,879,51f3c6760f42acbe76dda42ed2ccfac04f744e32c97d93a446ea51b9438ecc8f,True
M0880,89,66,40,6,43918.111745181865,56562.90156286773,2898595.3751820032,2262516.0625147093,5161111.437696712,880,51f3c6760f42acbe76dda42ed2ccfac04f744e32c97d93a446ea51b9438ecc8f,True
M0881,108,76,41,5,22917.510494921524,76295.28888972427,1741730.797614036,3128106.8444786947,4869837.642092731,881,51f3c6760f42acbe76dda42ed2ccfac04f744e32c97d93a446ea51b9438ecc8f,True
M0882,92,73,32,5,60284.68439198013,69374.33919268257,4400781.96061455,2219978.8541658423,6620760.814780392,882,51f3c6760f42acbe76dda42ed2ccfac04f744e32c97d93a446ea51b9438ecc8f,True
M0883,67,49,26,3,92880.55310028855,59862.32499741711,4551147.101914139,1556420.4499328448,6107567.551846985,883,51f3c6760f42acbe76dda42ed2ccfac04f744e32c97d93a446ea51b9438ecc8f,True
M0884,99,76,37,2,30292.368000109713,75364.75110083347,2302219.968008338,2788495.790730838,5090715.758739176,884,51f3c6760f42acbe76dda42ed2ccfac04f744e32c97d93a446ea51b9438ecc8f,True
M0885,101,69,36,7,12141.74253208936,56745.547221417415,837780.2347141658,2042839.699971027,2880619.934685193,885,51f3c6760f42acbe76dda42ed2ccfac04f744e32c97d93a446ea51b9438ecc8f,True
M0886,85,61,37,5,15846.706823559436,94216.00442771426,966649.1162371256,3485992.1638254276,4452641.2800625535,886,51f3c6760f42acbe76dda42ed2ccfac04f744e32c97d93a446ea51b9438ecc8f,True
M0887,111,73,42,2,26086.170368036328,55490.69091389521,1904290.436866652,2330609.018383599,4234899.455250251,887,51f3c6760f42acbe76dda42ed2ccfac04f744e32c97d93a446ea51b9438ecc8f,True
M0888,90,64,41,3,28966.602898503428,53581.89678433272,1853862.5855042194,2196857.7681576414,4050720.353661861,888,51f3c6760f42acbe76dda42ed2ccfac04f744e32c97d93a446ea51b9438ecc8f,True
M0889,93,58,34,6,33491.77216495754,92031.79926576889,1942522.7855675374,3129081.175036142,5071603.9606036795,889,51f3c6760f42acbe76dda42ed2ccfac04f744e32c97d93a446ea51b9438ecc8f,True
M0890,102,68,32,5,29030.974022752656,81799.87539324778,1974106.2335471807,2617596.012583929,4591702.24613111,890,51f3c6760f42acbe76dda42ed2ccfac04f744e32c97d93a446ea51b9438ecc8f,True
M0891,109,69,42,0,22118.97131379465,54200.64246843662,1526209.0206518308,2276426.983674338,3802636.004326169,891,51f3c6760f42acbe76dda42ed2ccfac04f744e32c97d93a446ea51b9438ecc8f,True
M0892,117,79,49,7,15037.177824950477,52533.628518028374,1187937.0481710876,2574147.7973833904,3762084.845554478,892,51f3c6760f42acbe76dda42ed2ccfac04f744e32c97d93a446ea51b9438ecc8f,True
M0893,88,66,36,16,28020.256016198033,103655.53127329201,1849336.8970690703,3731599.1258385126,5580936.022907583,893,51f3c6760f42acbe76dda42ed2ccfac04f744e32c97d93a446ea51b9438ecc8f,True
M0894,109,81,47,2,67036.49251420387,91061.65865726177,5429955.893650513,4279897.956891303,9709853.850541815,894,51f3c6760f42acbe76dda42ed2ccfac04f744e32c97d93a446ea51b9438ecc8f,True
M0895,87,62,37,1,40617.61681824046,58590.934626895076,2518292.2427309086,2167864.581195118,4686156.823926026,895,51f3c6760f42acbe76dda42ed2ccfac04f744e32c97d93a446ea51b9438ecc8f,True
M0896,90,68,43,6,30358.213010535736,76817.44598786757,2064358.48471643,3303150.1774783055,5367508.662194735,896,51f3c6760f42acbe76dda42ed2ccfac04f744e32c97d93a446ea51b9438ecc8f,True
M0897,105,79,43,10,40853.18863056584,52723.0020510001,3227401.9018147015,2267089.088193004,5494490.990007706,897,51f3c6760f42acbe76dda42ed2ccfac04f744e32c97d93a446ea51b9438ecc8f,True
M0898,98,61,34,11,17630.075937290832,66351.085302025,1075434.6321747408,2255936.9002688504,3331371.5324435914,898,51f3c6760f42acbe76dda42ed2ccfac04f744e32c97d93a446ea51b9438ecc8f,True
M0899,83,57,32,4,16236.887068207832,50379.59216188776,925502.5628878465,1612146.9491804084,2537649.512068255,899,51f3c6760f42acbe76dda42ed2ccfac04f744e32c97d93a446ea51b9438ecc8f,True
M0900,110,71,44,4,14063.371598732881,60995.087582964705,998499.3835100345,2683783.853650447,3682283.2371604815,900,51f3c6760f42acbe76dda42ed2ccfac04f744e32c97d93a446ea51b9438ecc8f,True
M0901,104,80,47,5,20431.396203806577,51580.29185302432,1634511.6963045262,2424273.717092143,4058785.413396669,901,51f3c6760f42acbe76dda42ed2ccfac04f744e32c97d93a446ea51b9438ecc8f,True
M0902,114,75,43,4,17099.36251505596,64707.55503701228,1282452.188629197,2782424.866591528,4064877.055220725,902,51f3c6760f42acbe76dda42ed2ccfac04f744e32c97d93a446ea51b9438ecc8f,True
M0903,89,69,34,4,45477.13014458927,62244.81984904007,3137921.9799766596,2116323.8748673624,5254245.854844023,903,51f3c6760f42acbe76dda42ed2ccfac04f744e32c97d93a446ea51b9438ecc8f,True
M0904,102,71,41,12,16561.002265564763,63249.98515195985,1175831.1608550982,2593249.391230354,3769080.5520854522,904,51f3c6760f42acbe76dda42ed2ccfac04f744e32c97d93a446ea51b9438ecc8f,True
M0905,83,58,31,4,13607.371817364481,50936.48019860216,789227.56540714,1579030.886156667,2368258.451563807,905,51f3c6760f42acbe76dda42ed2ccfac04f744e32c97d93a446ea51b9438ecc8f,True
M0906,90,69,44,5,70653.73883939743,59832.52070262094,4875107.979918422,2632630.910915321,7507738.890833743,906,51f3c6760f42acbe76dda42ed2ccfac04f744e32c97d93a446ea51b9438ecc8f,True
M0907,110,84,47,3,16800.683706037307,87974.92314783912,1411257.4313071338,4134821.3879484385,5546078.819255572,907,51f3c6760f42acbe76dda42ed2ccfac04f744e32c97d93a446ea51b9438ecc8f,True
M0908,106,72,40,5,24151.869651127086,60108.33369394966,1738934.6148811502,2404333.3477579863,4143267.9626391362,908,51f3c6760f42acbe76dda42ed2ccfac04f744e32c97d93a446ea51b9438ecc8f,True
M0909,99,70,36,7,28876.79743870089,82629.83837836354,2021375.8207090623,2974674.1816210872,4996050.0023301495,909,51f3c6760f42acbe76dda42ed2ccfac04f744e32c97d93a446ea51b9438ecc8f,True
M0910,99,68,39,0,11136.509439924735,60129.847988189,757282.641914882,2345064.0715393713,3102346.713454253,910,51f3c6760f42acbe76dda42ed2ccfac04f744e32c97d93a446ea51b9438ecc8f,True
M0911,100,75,42,6,46225.65665142921,62312.01320299216,3466924.248857191,2617104.5545256706,6084028.803382861,911,51f3c6760f42acbe76dda42ed2ccfac04f744e32c97d93a446ea51b9438ecc8f,True
M0912,95,63,37,1,32282.204859429996,69683.89663722819,2033778.9061440898,2578304.175577443,4612083.081721533,912,51f3c6760f42acbe76dda42ed2ccfac04f744e32c97d93a446ea51b9438ecc8f,True
M0913,106,76,40,7,56107.8161505952,166635.52696666136,4264194.027445235,6665421.078666454,10929615.10611169,913,51f3c6760f42acbe76dda42ed2ccfac04f744e32c97d93a446ea51b9438ecc8f,True
M0914,85,58,28,2,14653.973959121156,52359.04494566148,849930.4896290271,1466053.2584785214,2315983.7481075483,914,51f3c6760f42acbe76dda42ed2ccfac04f744e32c97d93a446ea51b9438ecc8f,True
M0915,88,58,24,12,23376.24174404215,50673.85265287311,1355822.0211544447,1216172.4636689546,2571994.484823399,915,51f3c6760f42acbe76dda42ed2ccfac04f744e32c97d93a446ea51b9438ecc8f,True
M0916,98,65,45,6,22552.77625776774,72717.10897436507,1465930.456754903,3272269.903846428,4738200.360601331,916,51f3c6760f42acbe76dda42ed2ccfac04f744e32c97d93a446ea51b9438ecc8f,True
M0917,104,75,45,7,25805.24633640729,164540.5544548971,1935393.4752305467,7404324.950470369,9339718.425700916,917,51f3c6760f42acbe76dda42ed2ccfac04f744e32c97d93a446ea51b9438ecc8f,True
M0918,96,72,32,2,9202.506309241011,312051.08889840276,662580.4542653528,9985634.844748888,10648215.29901424,918,51f3c6760f42acbe76dda42ed2ccfac04f744e32c97d93a446ea51b9438ecc8f,True
M0919,99,64,36,1,23541.069832590918,65157.6523876103,1506628.4692858187,2345675.485953971,3852303.9552397896,919,51f3c6760f42acbe76dda42ed2ccfac04f744e32c97d93a446ea51b9438ecc8f,True
M0920,104,69,42,7,9359.261372334991,64362.3667605726,645789.0346911144,2703219.403944049,3349008.4386351635,920,51f3c6760f42acbe76dda42ed2ccfac04f744e32c97d93a446ea51b9438ecc8f,True
M0921,105,81,42,10,27309.787754343262,75659.05897804,2212092.8081018045,3177680.47707768,5389773.285179485,921,51f3c6760f42acbe76dda42ed2ccfac04f744e32c97d93a446ea51b9438ecc8f,True
M0922,106,78,40,5,6141.415458595153,69163.02366771788,479030.4057704219,2766520.946708715,3245551.352479137,922,51f3c6760f42acbe76dda42ed2ccfac04f744e32c97d93a446ea51b9438ecc8f,True
M0923,89,65,35,8,7252.11115625105,74751.4068679123,471387.2251563182,2616299.2403769307,3087686.465533249,923,51f3c6760f42acbe76dda42ed2ccfac04f744e32c97d93a446ea51b9438ecc8f,True
M0924,91,69,34,3,35994.78082569392,114504.08858873633,2483639.87697288,3893139.012017035,6376778.888989915,924,51f3c6760f42acbe76dda42ed2ccfac04f744e32c97d93a446ea51b9438ecc8f,True
M0925,93,66,47,2,15865.416031221208,86545.80901226324,1047117.4580605997,4067653.0235763723,5114770.481636972,925,51f3c6760f42acbe76dda42ed2ccfac04f744e32c97d93a446ea51b9438ecc8f,True
M0926,106,77,47,1,12176.768034178742,65811.30020480092,937611.1386317632,3093131.109625643,4030742.248257406,926,51f3c6760f42acbe76dda42ed2ccfac04f744e32c97d93a446ea51b9438ecc8f,True
M0927,94,60,37,4,47216.91011901398,64063.89416495476,2833014.6071408386,2370364.0841033263,5203378.6912441645,927,51f3c6760f42acbe76dda42ed2ccfac04f744e32c97d93a446ea51b9438ecc8f,True
M0928,104,80,53,5,26811.21986041955,75206.76953888746,2144897.588833564,3985958.7855610354,6130856.374394599,928,51f3c6760f42acbe76dda42ed2ccfac04f744e32c97d93a446ea51b9438ecc8f,True
M0929,113,85,40,0,37169.88306444085,63772.974869408914,3159440.0604774724,2550918.9947763565,5710359.055253829,929,51f3c6760f42acbe76dda42ed2ccfac04f744e32c97d93a446ea51b9438ecc8f,True
M0930,109,84,50,1,19935.448478594102,63870.39226612474,1674577.6722019045,3193519.613306237,4868097.285508141,930,51f3c6760f42acbe76dda42ed2ccfac04f744e32c97d93a446ea51b9438ecc8f,True
M0931,93,64,34,3,109949.58442904796,50329.889629667625,7036773.403459069,1711216.2474086992,8747989.650867768,931,51f3c6760f42acbe76dda42ed2ccfac04f744e32c97d93a446ea51b9438ecc8f,True
M0932,105,73,38,8,15325.780412695336,53974.853819424585,1118781.9701267595,2051044.4451381343,3169826.415264894,932,51f3c6760f42acbe76dda42ed2ccfac04f744e32c97d93a446ea51b9438ecc8f,True
M0933,86,60,37,7,62736.41437790702,65378.715189305614,3764184.862674421,2419012.4620043077,6183197.324678728,933,51f3c6760f42acbe76dda42ed2ccfac04f744e32c97d93a446ea51b9438ecc8f,True
M0934,99,65,35,19,21230.20850600748,99871.34885235058,1379963.552890486,3495497.20983227,4875460.762722757,934,51f3c6760f42acbe76dda42ed2ccfac04f744e32c97d93a446ea51b9438ecc8f,True
M0935,101,70,36,2,8162.401964618554,56981.009074809364,571368.1375232989,2051316.3266931372,2622684.4642164363,935,51f3c6760f42acbe76dda42ed2ccfac04f744e32c97d93a446ea51b9438ecc8f,True
M0936,98,67,36,4,29428.216779120827,67209.83725311577,1971690.5242010953,2419554.1411121674,4391244.6653132625,936,51f3c6760f42acbe76dda42ed2ccfac04f744e32c97d93a446ea51b9438ecc8f,True
M0937,93,64,39,8,26605.082205390117,59219.321722762856,1702725.2611449675,2309553.547187751,4012278.808332719,937,51f3c6760f42acbe76dda42ed2ccfac04f744e32c97d93a446ea51b9438ecc8f,True
M0938,94,70,35,7,11721.814962892733,52264.01250800681,820527.0474024913,1829240.4377802385,2649767.4851827295,938,51f3c6760f42acbe76dda42ed2ccfac04f744e32c97d93a446ea51b9438ecc8f,True
M0939,108,79,41,4,12665.897616611455,178200.64149482184,1000605.9117123049,7306226.301287696,8306832.213,939,51f3c6760f42acbe76dda42ed2ccfac04f744e32c97d93a446ea51b9438ecc8f,True
M0940,107,76,35,11,21702.471219965777,108151.49352048978,1649387.812717399,3785302.273217142,5434690.085934541,940,51f3c6760f42acbe76dda42ed2ccfac04f744e32c97d93a446ea51b9438ecc8f,True
M0941,111,80,46,4,27169.456244851677,51661.9078480311,2173556.4995881342,2376447.7610094305,4550004.260597564,941,51f3c6760f42acbe76dda42ed2ccfac04f744e32c97d93a446ea51b9438ecc8f,True
M0942,113,77,39,3,5002.044612210587,83171.56149039305,385157.4351402152,3243690.898125329,3628848.3332655444,942,51f3c6760f42acbe76dda42ed2ccfac04f744e32c97d93a446ea51b9438ecc8f,True
M0943,106,73,44,6,41434.6543602489,59314.2539846834,3024729.7682981696,2609827.1753260694,5634556.943624239,943,51f3c6760f42acbe76dda42ed2ccfac04f744e32c97d93a446ea51b9438ecc8f,True
M0944,84,66,35,1,16371.564152033814,411377.56644338684,1080523.2340342316,14398214.82551854,15478738.05955277,944,51f3c6760f42acbe76dda42ed2ccfac04f744e32c97d93a446ea51b9438ecc8f,True
M0945,94,67,43,7,9906.550751394796,57746.683504659355,663738.9003434513,2483107.3907003524,3146846.2910438036,945,51f3c6760f42acbe76dda42ed2ccfac04f744e32c97d93a446ea51b9438ecc8f,True
M0946,94,66,34,5,38740.46464686647,55764.32444506048,2556870.6666931873,1895987.0311320564,4452857.697825244,946,51f3c6760f42acbe76dda42ed2ccfac04f744e32c97d93a446ea51b9438ecc8f,True
M0947,107,79,45,9,21716.53459637911,69941.10637300665,1715606.23311395,3147349.7867852994,4862956.019899249,947,51f3c6760f42acbe76dda42ed2ccfac04f744e32c97d93a446ea51b9438ecc8f,True
M0948,115,84,41,3,45692.957678511346,102827.5069928591,3838208.444994953,4215927.786707223,8054136.231702177,948,51f3c6760f42acbe76dda42ed2ccfac04f744e32c97d93a446ea51b9438ecc8f,True
M0949,105,77,47,3,28646.06478151389,54464.94280235627,2205746.98817657,2559852.3117107446,4765599.299887314,949,51f3c6760f42acbe76dda42ed2ccfac04f744e32c97d93a446ea51b9438ecc8f,True
M0950,115,81,44,3,22006.45939767887,81969.71329686265,1782523.2112119885,3606667.385061957,5389190.596273946,950,51f3c6760f42acbe76dda42ed2ccfac04f744e32c97d93a446ea51b9438ecc8f,True
M0951,83,65,32,3,20097.727601653536,51283.658886189645,1306352.2941074797,1641077.0843580686,2947429.378465548,951,51f3c6760f42acbe76dda42ed2ccfac04f744e32c97d93a446ea51b9438ecc8f,True
M0952,109,76,38,6,29425.815796046736,136595.40779180737,2236362.000499552,5190625.49608868,7426987.496588232,952,51f3c6760f42acbe76dda42ed2ccfac04f744e32c97d93a446ea51b9438ecc8f,True
M0953,112,77,49,3,17186.530485720617,51719.93396318615,1323362.8474004876,2534276.7641961216,3857639.6115966095,953,51f3c6760f42acbe76dda42ed2ccfac04f744e32c97d93a446ea51b9438ecc8f,True
M0954,103,65,37,2,13206.394812445706,133548.3811544831,858415.6628089709,4941290.102715875,5799705.765524846,954,51f3c6760f42acbe76dda42ed2ccfac04f744e32c97d93a446ea51b9438ecc8f,True
M0955,105,69,40,5,31759.446054270156,65496.353226928026,2191401.7777446406,2619854.129077121,4811255.906821761,955,51f3c6760f42acbe76dda42ed2ccfac04f744e32c97d93a446ea51b9438ecc8f,True
M0956,114,78,50,7,20197.362289460507,63419.53441104966,1575394.2585779196,3170976.720552483,4746370.979130402,956,51f3c6760f42acbe76dda42ed2ccfac04f744e32c97d93a446ea51b9438ecc8f,True
M0957,100,71,35,6,22474.58937429925,213015.67719440872,1595695.8455752467,7455548.701804305,9051244.547379551,957,51f3c6760f42acbe76dda42ed2ccfac04f744e32c97d93a446ea51b9438ecc8f,True
M0958,94,69,38,10,42345.94313261589,320461.1838343874,2921870.0761504965,12177524.98570672,15099395.061857216,958,51f3c6760f42acbe76dda42ed2ccfac04f744e32c97d93a446ea51b9438ecc8f,True
M0959,109,76,46,5,20571.74960868008,76108.15947657601,1563452.970259686,3500975.3359224964,5064428.306182182,959,51f3c6760f42acbe76dda42ed2ccfac04f744e32c97d93a446ea51b9438ecc8f,True
M0960,115,81,48,6,22226.051154964436,52794.4228226193,1800310.1435521194,2534132.2954857266,4334442.439037846,960,51f3c6760f42acbe76dda42ed2ccfac04f744e32c97d93a446ea51b9438ecc8f,True
M0961,103,73,34,9,15370.575718674963,66303.89575968591,1122052.0274632722,2254332.455829321,3376384.483292593,961,51f3c6760f42acbe76dda42ed2ccfac04f744e32c97d93a446ea51b9438ecc8f,True
M0962,103,76,43,2,28522.36970719546,67580.56339847586,2167700.097746855,2905964.226134462,5073664.323881317,962,51f3c6760f42acbe76dda42ed2ccfac04f744e32c97d93a446ea51b9438ecc8f,True
M0963,92,63,41,4,27170.76199843384,66753.66932194501,1711758.005901332,2736900.442199745,4448658.448101077,963,51f3c6760f42acbe76dda42ed2ccfac04f744e32c97d93a446ea51b9438ecc8f,True
M0964,85,61,35,4,37815.1493991998,70045.04984691308,2306724.1133511877,2451576.744641958,4758300.8579931455,964,51f3c6760f42acbe76dda42ed2ccfac04f744e32c97d93a446ea51b9438ecc8f,True
M0965,100,72,38,2,15560.994316756036,50379.4776043316,1120391.5908064346,1914420.1489646009,3034811.7397710355,965,51f3c6760f42acbe76dda42ed2ccfac04f744e32c97d93a446ea51b9438ecc8f,True
M0966,123,83,49,3,16735.87366679323,82176.48100557033,1389077.5143438382,4026647.569272946,5415725.083616784,966,51f3c6760f42acbe76dda42ed2ccfac04f744e32c97d93a446ea51b9438ecc8f,True
M0967,107,71,40,3,35428.874818738754,82309.69831918566,2515450.1121304515,3292387.932767426,5807838.044897878,967,51f3c6760f42acbe76dda42ed2ccfac04f744e32c97d93a446ea51b9438ecc8f,True
M0968,104,80,38,5,25625.10469312472,52515.18905858915,2050008.3754499773,1995577.1842263879,4045585.559676365,968,51f3c6760f42acbe76dda42ed2ccfac04f744e32c97d93a446ea51b9438ecc8f,True
M0969,92,70,37,2,12788.084581449986,70093.76409040083,895165.920701499,2593469.2713448307,3488635.19204633,969,51f3c6760f42acbe76dda42ed2ccfac04f744e32c97d93a446ea51b9438ecc8f,True
M0970,99,74,32,5,48239.45051284948,69971.60030409839,3569719.3379508615,2239091.2097311486,5808810.54768201,970,51f3c6760f42acbe76dda42ed2ccfac04f744e32c97d93a446ea51b9438ecc8f,True
M0971,87,57,37,8,7950.0194879500905,79112.5507673551,453151.11081315513,2927164.378392139,3380315.4892052943,971,51f3c6760f42acbe76dda42ed2ccfac04f744e32c97d93a446ea51b9438ecc8f,True
M0972,99,67,35,7,35262.34120090767,51817.575298127835,2362576.860460814,1813615.1354344743,4176191.9958952884,972,51f3c6760f42acbe76dda42ed2ccfac04f744e32c97d93a446ea51b9438ecc8f,True
M0973,103,69,45,0,10310.033006384518,74140.46407359996,711392.2774405318,3336320.883311998,4047713.1607525297,973,51f3c6760f42acbe76dda42ed2ccfac04f744e32c97d93a446ea51b9438ecc8f,True
M0974,91,60,27,4,68286.89205188699,57045.123837956926,4097213.523113219,1540218.343624837,5637431.866738056,974,51f3c6760f42acbe76dda42ed2ccfac04f744e32c97d93a446ea51b9438ecc8f,True
M0975,91,53,43,2,8718.828520133107,66348.68051061266,462097.9115670547,2852993.2619563444,3315091.173523399,975,51f3c6760f42acbe76dda42ed2ccfac04f744e32c97d93a446ea51b9438ecc8f,True
M0976,85,63,25,10,43973.8488163174,90533.11122294095,2770352.475427996,2263327.7805735236,5033680.256001519,976,51f3c6760f42acbe76dda42ed2ccfac04f744e32c97d93a446ea51b9438ecc8f,True
M0977,110,76,48,2,20973.591631782958,81549.62908034127,1593992.9640155048,3914382.195856381,5508375.159871886,977,51f3c6760f42acbe76dda42ed2ccfac04f744e32c97d93a446ea51b9438ecc8f,True
M0978,100,72,42,19,17677.332676507896,52596.94489609913,1272767.9527085684,2209071.685636163,3481839.6383447316,978,51f3c6760f42acbe76dda42ed2ccfac04f744e32c97d93a446ea51b9438ecc8f,True
M0979,119,82,37,5,24618.118959643434,71508.74974988669,2018685.7546907617,2645823.7407458075,4664509.49543657,979,51f3c6760f42acbe76dda42ed2ccfac04f744e32c97d93a446ea51b9438ecc8f,True
M0980,83,59,38,4,32181.280240742424,200946.09609912458,1898695.534203803,7635951.651766734,9534647.185970537,980,51f3c6760f42acbe76dda42ed2ccfac04f744e32c97d93a446ea51b9438ecc8f,True
M0981,86,59,33,2,12802.038545593818,53529.28823482685,755320.2741900352,1766466.511749286,2521786.785939321,981,51f3c6760f42acbe76dda42ed2ccfac04f744e32c97d93a446ea51b9438ecc8f,True
M0982,100,77,42,6,13501.11245220921,107629.99143080124,1039585.6588201092,4520459.640093652,5560045.298913761,982,51f3c6760f42acbe76dda42ed2ccfac04f744e32c97d93a446ea51b9438ecc8f,True
M0983,100,66,35,11,32524.954975251665,81208.83757484354,2146647.02836661,2842309.3151195236,4988956.343486134,983,51f3c6760f42acbe76dda42ed2ccfac04f744e32c97d93a446ea51b9438ecc8f,True
M0984,93,66,36,4,7907.715661265993,90641.93647108549,521909.23364355555,3263109.7129590777,3785018.946602633,984,51f3c6760f42acbe76dda42ed2ccfac04f744e32c97d93a446ea51b9438ecc8f,True
M0985,98,68,40,0,15513.448068766495,57083.44096546818,1054914.4686761217,2283337.638618727,3338252.107294849,985,51f3c6760f42acbe76dda42ed2ccfac04f744e32c97d93a446ea51b9438ecc8f,True
M0986,116,88,51,7,136545.3636045487,57273.12884247907,12015991.997200286,2920929.5709664323,14936921.568166718,986,51f3c6760f42acbe76dda42ed2ccfac04f744e32c97d93a446ea51b9438ecc8f,True
M0987,103,69,40,5,12322.624244289216,128752.24846797292,850261.0728559559,5150089.938718917,6000351.011574873,987,51f3c6760f42acbe76dda42ed2ccfac04f744e32c97d93a446ea51b9438ecc8f,True
M0988,110,76,48,2,43856.65155208651,59765.75752503992,3333105.5179585745,2868756.361201916,6201861.87916049,988,51f3c6760f42acbe76dda42ed2ccfac04f744e32c97d93a446ea51b9438ecc8f,True
M0989,104,65,48,5,15497.43086883858,51318.86248591391,1007333.0064745077,2463305.3993238676,3470638.4057983756,989,51f3c6760f42acbe76dda42ed2ccfac04f744e32c97d93a446ea51b9438ecc8f,True
M0990,92,59,40,6,29894.41901315988,72178.08350603077,1763770.721776433,2887123.340241231,4650894.062017664,990,51f3c6760f42acbe76dda42ed2ccfac04f744e32c97d93a446ea51b9438ecc8f,True
M0991,103,70,43,2,32617.79946974725,52738.841786452926,2283245.9628823074,2267770.196817476,4551016.159699783,991,51f3c6760f42acbe76dda42ed2ccfac04f744e32c97d93a446ea51b9438ecc8f,True
M0992,86,60,35,9,43363.52986430934,94542.35471348935,2601811.7918585604,3308982.414972127,5910794.206830688,992,51f3c6760f42acbe76dda42ed2ccfac04f744e32c97d93a446ea51b9438ecc8f,True
M0993,99,70,40,3,19532.74767447959,75386.53802356348,1367292.3372135712,3015461.520942539,4382753.85815611,993,51f3c6760f42acbe76dda42ed2ccfac04f744e32c97d93a446ea51b9438ecc8f,True
M0994,86,62,26,8,72644.34182093672,114769.45704201466,4503949.192898077,2984005.883092381,7487955.075990458,994,51f3c6760f42acbe76dda42ed2ccfac04f744e32c97d93a446ea51b9438ecc8f,True
M0995,108,76,49,3,15465.980142904651,92440.688108075,1175414.4908607535,4529593.717295676,5705008.208156429,995,51f3c6760f42acbe76dda42ed2ccfac04f744e32c97d93a446ea51b9438ecc8f,True
M0996,83,58,26,0,25349.955362248627,52435.69784942581,1470297.4110104204,1363328.144085071,2833625.5550954915,996,51f3c6760f42acbe76dda42ed2ccfac04f744e32c97d93a446ea51b9438ecc8f,True
M0997,120,85,51,4,25518.683760114214,60577.81166691408,2169088.1196097084,3089468.395012618,5258556.514622327,997,51f3c6760f42acbe76dda42ed2ccfac04f744e32c97d93a446ea51b9438ecc8f,True
M0998,105,69,45,2,11235.336419258449,90731.44062283232,775238.212928833,4082914.828027454,4858153.040956287,998,51f3c6760f42acbe76dda42ed2ccfac04f744e32c97d93a446ea51b9438ecc8f,True
M0999,103,71,47,5,18554.667377104714,62058.94120805987,1317381.3837744347,2916770.236778814,4234151.620553249,999,51f3c6760f42acbe76dda42ed2ccfac04f744e32c97d93a446ea51b9438ecc8f,True
M1000,104,74,53,5,24267.85950035614,210082.20360633073,1795821.6030263542,11134356.791135529,12930178.394161884,1000,51f3c6760f42acbe76dda42ed2ccfac04f744e32c97d93a446ea51b9438ecc8f,True
