month_id,accident_count,at_fault_own_damage_claim_count,injured_party_excess_own_damage_claim_count,third_party_liability_claim_count,total_claim_count,own_damage_paid_million_toman,third_party_property_paid_million_toman,third_party_bodily_paid_million_toman,total_insurer_paid_loss_million_toman,uncovered_property_excess_million_toman,source_row_number,source_sha256,critical_checks_pass
M0001,104,76,0,41,117,1983.061321595676,2552.731560215711,1398.1250401548054,5933.917921966193,55.54668134365929,1,277b20e8eb55e0c656b9ef524d3b4bfb42d59c20116e83ad6d0b8d2f83e039e6,True
M0002,104,66,0,41,107,1516.3466021195609,2554.0073854467346,443.41822298932004,4513.772210555616,201.39485520417335,2,277b20e8eb55e0c656b9ef524d3b4bfb42d59c20116e83ad6d0b8d2f83e039e6,True
M0003,104,72,0,43,115,1698.76663670237,2428.538973256826,614.9315570204853,4742.237166979681,31.067909554221103,3,277b20e8eb55e0c656b9ef524d3b4bfb42d59c20116e83ad6d0b8d2f83e039e6,True
M0004,98,60,1,40,101,1668.7447097921029,2538.7345364388316,785.7616816224299,4993.240927853364,314.83446774741276,4,277b20e8eb55e0c656b9ef524d3b4bfb42d59c20116e83ad6d0b8d2f83e039e6,True
M0005,106,77,3,32,112,2137.5545717053633,2761.635631439066,113.40719135435167,5012.597394498782,443.81013022421604,5,277b20e8eb55e0c656b9ef524d3b4bfb42d59c20116e83ad6d0b8d2f83e039e6,True
M0006,101,75,0,39,114,2227.804736797689,2440.3372446279213,1047.8176240583261,5715.959605483937,65.89117603313122,6,277b20e8eb55e0c656b9ef524d3b4bfb42d59c20116e83ad6d0b8d2f83e039e6,True
M0007,113,77,0,40,117,2335.1796631753577,2397.942792341466,1105.8426435159347,5838.965099032758,156.44849781351036,7,277b20e8eb55e0c656b9ef524d3b4bfb42d59c20116e83ad6d0b8d2f83e039e6,True
M0008,99,73,0,41,114,1798.6047902873809,2101.8735251067706,1402.4442492758906,5302.922564670042,81.50869874888824,8,277b20e8eb55e0c656b9ef524d3b4bfb42d59c20116e83ad6d0b8d2f83e039e6,True
M0009,89,63,0,40,103,1733.8104936859509,1932.5719221205463,937.7091904458565,4604.091606252354,126.98719166642124,9,277b20e8eb55e0c656b9ef524d3b4bfb42d59c20116e83ad6d0b8d2f83e039e6,True
M0010,87,60,0,37,97,1791.6719923018002,2257.6468598305937,957.159427489881,5006.478279622274,94.36917484721722,10,277b20e8eb55e0c656b9ef524d3b4bfb42d59c20116e83ad6d0b8d2f83e039e6,True
M0011,102,76,1,39,116,1837.1644287339884,1914.0773407919846,1108.376113574212,4859.617883100185,0.0,11,277b20e8eb55e0c656b9ef524d3b4bfb42d59c20116e83ad6d0b8d2f83e039e6,True
M0012,115,83,1,37,121,2170.7323969188337,2894.704568174703,153.61596545256324,5219.0529305461005,335.1784343236074,12,277b20e8eb55e0c656b9ef524d3b4bfb42d59c20116e83ad6d0b8d2f83e039e6,True
M0013,124,84,1,51,136,2366.7179630895757,3388.3403102305474,1045.0329854508648,6800.091258770987,67.18288974892329,13,277b20e8eb55e0c656b9ef524d3b4bfb42d59c20116e83ad6d0b8d2f83e039e6,True
M0014,109,77,1,41,119,1980.293659802942,2505.8495485405374,597.279773739242,5083.422982082721,151.59386579182257,14,277b20e8eb55e0c656b9ef524d3b4bfb42d59c20116e83ad6d0b8d2f83e039e6,True
M0015,91,62,1,41,104,1726.6074790672494,2400.4902121106024,1638.6968500887376,5765.7945412665895,7.626806320090552,15,277b20e8eb55e0c656b9ef524d3b4bfb42d59c20116e83ad6d0b8d2f83e039e6,True
M0016,103,72,0,41,113,1857.7743908136504,2744.921630359919,1543.9232043802526,6146.619225553823,115.83567557419724,16,277b20e8eb55e0c656b9ef524d3b4bfb42d59c20116e83ad6d0b8d2f83e039e6,True
M0017,112,77,1,50,128,2015.5457813759608,3352.8319940636216,1198.6455401238084,6567.0233155633905,202.32479458760415,17,277b20e8eb55e0c656b9ef524d3b4bfb42d59c20116e83ad6d0b8d2f83e039e6,True
M0018,118,81,0,40,121,2154.999843199023,2720.5704188004547,801.4754014760308,5677.045663475508,198.14931854817823,18,277b20e8eb55e0c656b9ef524d3b4bfb42d59c20116e83ad6d0b8d2f83e039e6,True
M0019,101,67,0,41,108,1867.3912573257091,2268.894338036806,593.2256262822996,4729.511221644814,69.46966958456461,19,277b20e8eb55e0c656b9ef524d3b4bfb42d59c20116e83ad6d0b8d2f83e039e6,True
M0020,96,69,0,41,110,1736.5401032787433,2506.506947813439,841.703705572566,5084.750756664748,88.11635705086401,20,277b20e8eb55e0c656b9ef524d3b4bfb42d59c20116e83ad6d0b8d2f83e039e6,True
M0021,103,70,1,42,113,1812.058505486322,2662.9727417875883,1029.7432453226336,5504.774492596544,0.0,21,277b20e8eb55e0c656b9ef524d3b4bfb42d59c20116e83ad6d0b8d2f83e039e6,True
M0022,83,57,1,24,82,1469.8153094899726,1428.5997188665017,525.0576657485383,3423.472694105012,43.4750562241677,22,277b20e8eb55e0c656b9ef524d3b4bfb42d59c20116e83ad6d0b8d2f83e039e6,True
M0023,92,71,2,37,110,2055.4145833165658,2369.6664521248676,871.5216948905692,5296.6027303320025,97.15554083950144,23,277b20e8eb55e0c656b9ef524d3b4bfb42d59c20116e83ad6d0b8d2f83e039e6,True
M0024,110,79,0,44,123,2137.94921423979,2347.9534280268385,1284.79278791102,5770.695430177649,51.62828471789558,24,277b20e8eb55e0c656b9ef524d3b4bfb42d59c20116e83ad6d0b8d2f83e039e6,True
M0025,108,77,1,48,126,2192.516798354085,3001.0854571476166,1684.0320827598432,6877.634338261545,31.09141156202176,25,277b20e8eb55e0c656b9ef524d3b4bfb42d59c20116e83ad6d0b8d2f83e039e6,True
M0026,107,80,0,43,123,2076.3273523168114,2819.656692433895,386.43934100375327,5282.4233857544605,270.8945633689176,26,277b20e8eb55e0c656b9ef524d3b4bfb42d59c20116e83ad6d0b8d2f83e039e6,True
M0027,93,61,0,40,101,1654.0849387768237,2507.121833064802,1002.829146346875,5164.035918188501,132.2795745424378,27,277b20e8eb55e0c656b9ef524d3b4bfb42d59c20116e83ad6d0b8d2f83e039e6,True
M0028,131,87,1,54,142,2527.24371020384,3545.640994618397,620.6560356090456,6693.540740431283,342.0961127581511,28,277b20e8eb55e0c656b9ef524d3b4bfb42d59c20116e83ad6d0b8d2f83e039e6,True
M0029,92,62,0,34,96,1605.3887812083308,2321.1529416473895,612.11077444526,4538.65249730098,262.2854481303364,29,277b20e8eb55e0c656b9ef524d3b4bfb42d59c20116e83ad6d0b8d2f83e039e6,True
M0030,103,70,0,46,116,2241.8420536739695,2343.930979859774,2623.4970878422596,7209.270121376003,33.23121382507392,30,277b20e8eb55e0c656b9ef524d3b4bfb42d59c20116e83ad6d0b8d2f83e039e6,True
M0031,91,67,2,40,109,2090.1422611842136,2687.8588420890333,1981.6911861385438,6759.692289411791,106.00226177378312,31,277b20e8eb55e0c656b9ef524d3b4bfb42d59c20116e83ad6d0b8d2f83e039e6,True
M0032,110,88,0,44,132,2700.977733147765,2653.167702840132,281.78789474424,5635.933330732138,29.982229933419518,32,277b20e8eb55e0c656b9ef524d3b4bfb42d59c20116e83ad6d0b8d2f83e039e6,True
M0033,92,69,0,45,114,1853.8555927894047,2513.3271195048897,821.9031824065768,5189.085894700871,9.575961789043262,33,277b20e8eb55e0c656b9ef524d3b4bfb42d59c20116e83ad6d0b8d2f83e039e6,True
M0034,84,50,0,37,87,1252.6717126919978,3041.773943744755,627.6613517785037,4922.107008215256,105.51753728642217,34,277b20e8eb55e0c656b9ef524d3b4bfb42d59c20116e83ad6d0b8d2f83e039e6,True
M0035,130,99,0,46,145,2743.33850006527,2401.797327984431,817.3926037131141,5962.528431762815,66.90815966706138,35,277b20e8eb55e0c656b9ef524d3b4bfb42d59c20116e83ad6d0b8d2f83e039e6,True
M0036,99,73,1,49,123,2276.686422851249,3228.0325721006175,597.526710147925,6102.245705099792,98.33197770191602,36,277b20e8eb55e0c656b9ef524d3b4bfb42d59c20116e83ad6d0b8d2f83e039e6,True
M0037,97,68,0,38,106,1725.674245544263,2344.4235543040795,771.256081211618,4841.35388105996,0.0,37,277b20e8eb55e0c656b9ef524d3b4bfb42d59c20116e83ad6d0b8d2f83e039e6,True
M0038,92,61,1,43,105,1768.1953298630044,2754.8446943655745,93.79350209706655,4616.833526325645,332.24385443884773,38,277b20e8eb55e0c656b9ef524d3b4bfb42d59c20116e83ad6d0b8d2f83e039e6,True
M0039,100,71,0,37,108,2223.3800736085295,2311.9947129198895,787.7746582930527,5323.149444821471,324.7287811662529,39,277b20e8eb55e0c656b9ef524d3b4bfb42d59c20116e83ad6d0b8d2f83e039e6,True
M0040,114,81,0,43,124,2110.044815509419,2452.696830559983,613.3447583946547,5176.086404464057,369.81962411303135,40,277b20e8eb55e0c656b9ef524d3b4bfb42d59c20116e83ad6d0b8d2f83e039e6,True
M0041,81,56,0,26,82,1470.114240981713,1851.817231035789,648.0358142731884,3969.9672862906905,176.39995743985406,41,277b20e8eb55e0c656b9ef524d3b4bfb42d59c20116e83ad6d0b8d2f83e039e6,True
M0042,121,82,1,57,140,2608.1308693588917,3844.5970029517985,1359.2127117054683,7811.940584016158,61.39732261426792,42,277b20e8eb55e0c656b9ef524d3b4bfb42d59c20116e83ad6d0b8d2f83e039e6,True
M0043,89,68,0,30,98,1771.1173983625972,2167.858733313739,1452.8159992961773,5391.792130972513,98.57950638583497,43,277b20e8eb55e0c656b9ef524d3b4bfb42d59c20116e83ad6d0b8d2f83e039e6,True
M0044,95,74,0,39,113,1862.3374244921067,2159.732103074166,333.78133566360543,4355.850863229878,37.03742285216347,44,277b20e8eb55e0c656b9ef524d3b4bfb42d59c20116e83ad6d0b8d2f83e039e6,True
M0045,116,79,0,45,124,1857.9412904927938,3284.3973496456756,437.707077709434,5580.045717847904,474.58832045339204,45,277b20e8eb55e0c656b9ef524d3b4bfb42d59c20116e83ad6d0b8d2f83e039e6,True
M0046,92,65,0,45,110,1758.75898763204,2237.2575472975986,1079.0625115573414,5075.07904648698,0.0,46,277b20e8eb55e0c656b9ef524d3b4bfb42d59c20116e83ad6d0b8d2f83e039e6,True
M0047,86,65,1,36,102,1622.5535663583578,1889.1159905802358,1012.6694100577747,4524.338966996369,35.91202255884795,47,277b20e8eb55e0c656b9ef524d3b4bfb42d59c20116e83ad6d0b8d2f83e039e6,True
M0048,105,75,0,40,115,2013.9675168811802,2589.7276173680525,94.80015043853231,4698.495284687765,223.2936895688402,48,277b20e8eb55e0c656b9ef524d3b4bfb42d59c20116e83ad6d0b8d2f83e039e6,True
M0049,80,49,0,26,75,1468.9516439851525,2077.6556818669364,325.5399067608115,3872.1472326129006,51.52041482346851,49,277b20e8eb55e0c656b9ef524d3b4bfb42d59c20116e83ad6d0b8d2f83e039e6,True
M0050,107,75,1,42,118,2359.1042051985332,3029.4314282862483,1479.554914896655,6868.090548381437,661.496527459834,50,277b20e8eb55e0c656b9ef524d3b4bfb42d59c20116e83ad6d0b8d2f83e039e6,True
M0051,120,91,2,56,149,2608.530821666322,3137.063095096149,951.0727854920802,6696.666702254552,5.928596476418363,51,277b20e8eb55e0c656b9ef524d3b4bfb42d59c20116e83ad6d0b8d2f83e039e6,True
M0052,91,68,0,42,110,1595.5913983959736,2409.3432252468297,865.9777636872798,4870.912387330083,73.3154441097609,52,277b20e8eb55e0c656b9ef524d3b4bfb42d59c20116e83ad6d0b8d2f83e039e6,True
M0053,100,66,0,43,109,1854.7963377498006,2582.9823069295985,942.8662164924604,5380.644861171859,0.0,53,277b20e8eb55e0c656b9ef524d3b4bfb42d59c20116e83ad6d0b8d2f83e039e6,True
M0054,97,68,0,42,110,1754.0643783042885,3121.3525055403234,1122.1352898857854,5997.552173730397,77.0116558417503,54,277b20e8eb55e0c656b9ef524d3b4bfb42d59c20116e83ad6d0b8d2f83e039e6,True
M0055,109,76,1,46,123,1900.7283655212216,3558.154803893914,346.4550518376843,5805.33822125282,211.86048124797964,55,277b20e8eb55e0c656b9ef524d3b4bfb42d59c20116e83ad6d0b8d2f83e039e6,True
M0056,104,74,0,48,122,2088.5954608232,3056.7275488777946,1259.7587617771453,6405.08177147814,2.2162078225771467,56,277b20e8eb55e0c656b9ef524d3b4bfb42d59c20116e83ad6d0b8d2f83e039e6,True
M0057,100,69,0,33,102,1984.516216041118,2696.6503451662793,1009.9147441952206,5691.081305402618,270.35381156601443,57,277b20e8eb55e0c656b9ef524d3b4bfb42d59c20116e83ad6d0b8d2f83e039e6,True
M0058,101,70,1,45,116,1973.4481383206717,3299.879707061323,283.94175964417303,5557.2696050261675,298.8885347452782,58,277b20e8eb55e0c656b9ef524d3b4bfb42d59c20116e83ad6d0b8d2f83e039e6,True
M0059,87,55,0,37,92,1217.216822487765,1631.0776657054907,930.9052600236494,3779.1997482169054,55.27247779709134,59,277b20e8eb55e0c656b9ef524d3b4bfb42d59c20116e83ad6d0b8d2f83e039e6,True
M0060,90,70,1,35,106,2209.5812492076107,1846.920710823091,503.1736928439634,4559.675652874665,0.0,60,277b20e8eb55e0c656b9ef524d3b4bfb42d59c20116e83ad6d0b8d2f83e039e6,True
M0061,102,68,1,52,121,1423.8593125211205,3202.408821026275,1454.7644136110919,6081.032547158487,462.6596965818549,61,277b20e8eb55e0c656b9ef524d3b4bfb42d59c20116e83ad6d0b8d2f83e039e6,True
M0062,91,63,0,31,94,1615.624530482673,1612.791959427488,1255.1478102914423,4483.564300201603,0.0,62,277b20e8eb55e0c656b9ef524d3b4bfb42d59c20116e83ad6d0b8d2f83e039e6,True
M0063,95,66,1,36,103,1971.3204642964506,1675.8035287144842,369.3432897070885,4016.4672827180234,37.11070370750218,63,277b20e8eb55e0c656b9ef524d3b4bfb42d59c20116e83ad6d0b8d2f83e039e6,True
M0064,114,83,0,41,124,2133.8822595195375,2481.401548207225,2062.947591922756,6678.231399649519,220.4308929782625,64,277b20e8eb55e0c656b9ef524d3b4bfb42d59c20116e83ad6d0b8d2f83e039e6,True
M0065,103,69,0,43,112,1720.9579515204541,2726.347419009488,999.3942011658031,5446.699571695745,246.56262164559575,65,277b20e8eb55e0c656b9ef524d3b4bfb42d59c20116e83ad6d0b8d2f83e039e6,True
M0066,111,70,0,39,109,1795.7616174230518,2267.5874902944306,530.2444835520952,4593.593591269578,145.7720827612869,66,277b20e8eb55e0c656b9ef524d3b4bfb42d59c20116e83ad6d0b8d2f83e039e6,True
M0067,89,62,0,27,89,1627.0489591314781,1759.0532082380987,989.0330739672655,4375.135241336842,627.6619386315251,67,277b20e8eb55e0c656b9ef524d3b4bfb42d59c20116e83ad6d0b8d2f83e039e6,True
M0068,102,73,0,40,113,1755.3374936216671,2834.6143292115967,143.5936837709943,4733.545506604258,271.1975901620216,68,277b20e8eb55e0c656b9ef524d3b4bfb42d59c20116e83ad6d0b8d2f83e039e6,True
M0069,96,62,0,28,90,1504.2163828366422,1817.4506259096536,497.7406952756461,3819.4077040219418,444.0858597993718,69,277b20e8eb55e0c656b9ef524d3b4bfb42d59c20116e83ad6d0b8d2f83e039e6,True
M0070,93,67,1,41,109,1734.8386581512232,2495.6963111336227,215.173131114312,4445.708100399158,183.44175000610466,70,277b20e8eb55e0c656b9ef524d3b4bfb42d59c20116e83ad6d0b8d2f83e039e6,True
M0071,97,63,0,33,96,1859.758067258069,1910.903514030015,410.3737391199633,4181.0353204080475,216.28288703881316,71,277b20e8eb55e0c656b9ef524d3b4bfb42d59c20116e83ad6d0b8d2f83e039e6,True
M0072,98,77,1,36,114,2117.0195528112117,2146.787765445015,1140.1587902540812,5403.966108510308,0.0,72,277b20e8eb55e0c656b9ef524d3b4bfb42d59c20116e83ad6d0b8d2f83e039e6,True
M0073,87,62,0,33,95,1444.6603652383112,2709.086802638716,645.448400404873,4799.1955682819,869.1827868325836,73,277b20e8eb55e0c656b9ef524d3b4bfb42d59c20116e83ad6d0b8d2f83e039e6,True
M0074,98,62,1,45,108,2030.6552831790927,2776.513653259798,1128.1536397131736,5935.322576152064,256.8534887591976,74,277b20e8eb55e0c656b9ef524d3b4bfb42d59c20116e83ad6d0b8d2f83e039e6,True
M0075,88,56,1,30,87,1597.2512886282893,1735.002078523865,445.0309437385287,3777.2843108906827,0.0,75,277b20e8eb55e0c656b9ef524d3b4bfb42d59c20116e83ad6d0b8d2f83e039e6,True
M0076,103,70,1,41,112,1745.968126875279,2602.189933211526,836.1376552460133,5184.295715332818,55.73739156307299,76,277b20e8eb55e0c656b9ef524d3b4bfb42d59c20116e83ad6d0b8d2f83e039e6,True
M0077,117,86,0,59,145,1976.6256958205956,3828.403390132124,763.155019959516,6568.184105912235,434.01756473277186,77,277b20e8eb55e0c656b9ef524d3b4bfb42d59c20116e83ad6d0b8d2f83e039e6,True
M0078,106,73,0,51,124,2101.7196997352694,3318.718852885427,1145.0457822846406,6565.484334905337,185.64974066806667,78,277b20e8eb55e0c656b9ef524d3b4bfb42d59c20116e83ad6d0b8d2f83e039e6,True
M0079,116,78,0,46,124,2332.695703592756,2672.9774255925645,1047.3920736714035,6053.065202856725,234.45743199833214,79,277b20e8eb55e0c656b9ef524d3b4bfb42d59c20116e83ad6d0b8d2f83e039e6,True
M0080,113,83,1,45,129,2565.5884237813257,2833.694569651451,1254.865606884548,6654.148600317325,275.74050611553275,80,277b20e8eb55e0c656b9ef524d3b4bfb42d59c20116e83ad6d0b8d2f83e039e6,True
M0081,82,52,0,34,86,1450.8716599169418,1997.5765521236392,107.59171137642166,3556.0399234170027,810.0954305315029,81,277b20e8eb55e0c656b9ef524d3b4bfb42d59c20116e83ad6d0b8d2f83e039e6,True
M0082,96,61,0,40,101,1703.5227119691224,2066.638658116105,1477.4822323151868,5247.643602400414,417.96975716633284,82,277b20e8eb55e0c656b9ef524d3b4bfb42d59c20116e83ad6d0b8d2f83e039e6,True
M0083,82,56,0,31,87,1719.3331844288464,1656.1961927264392,543.9802959777219,3919.5096731330077,364.2499254497151,83,277b20e8eb55e0c656b9ef524d3b4bfb42d59c20116e83ad6d0b8d2f83e039e6,True
M0084,88,62,2,42,106,2139.792625702489,2727.7389578929065,1522.110326135964,6389.641909731359,64.17362002152196,84,277b20e8eb55e0c656b9ef524d3b4bfb42d59c20116e83ad6d0b8d2f83e039e6,True
M0085,86,62,0,30,92,1581.092297668595,1757.787601999924,1152.7568599914234,4491.636759659943,13.380055894731427,85,277b20e8eb55e0c656b9ef524d3b4bfb42d59c20116e83ad6d0b8d2f83e039e6,True
M0086,92,72,0,46,118,1728.175996690702,2975.3421374896184,1208.1333425562054,5911.651476736525,280.52418126314103,86,277b20e8eb55e0c656b9ef524d3b4bfb42d59c20116e83ad6d0b8d2f83e039e6,True
M0087,117,92,0,47,139,2430.195075765094,3321.419269673633,681.0309311481683,6432.645276586896,292.11728025612706,87,277b20e8eb55e0c656b9ef524d3b4bfb42d59c20116e83ad6d0b8d2f83e039e6,True
M0088,81,51,0,30,81,1192.609862639846,1605.5750636679034,1170.406204987473,3968.591131295222,16.331155345155963,88,277b20e8eb55e0c656b9ef524d3b4bfb42d59c20116e83ad6d0b8d2f83e039e6,True
M0089,102,75,0,32,107,1925.9649471319667,1824.4083076392242,291.8094717731201,4042.1827265443108,71.26002271553742,89,277b20e8eb55e0c656b9ef524d3b4bfb42d59c20116e83ad6d0b8d2f83e039e6,True
M0090,100,72,0,36,108,1847.275490744858,2570.7770169687133,910.3983996807881,5328.45090739436,0.0,90,277b20e8eb55e0c656b9ef524d3b4bfb42d59c20116e83ad6d0b8d2f83e039e6,True
M0091,101,66,0,39,105,1821.889762930465,2155.1644121700524,443.5319240251813,4420.586099125699,10.275311120013654,91,277b20e8eb55e0c656b9ef524d3b4bfb42d59c20116e83ad6d0b8d2f83e039e6,True
M0092,113,77,0,45,122,2063.321830517113,3192.6504137245693,913.1695480126767,6169.141792254359,44.89678159735227,92,277b20e8eb55e0c656b9ef524d3b4bfb42d59c20116e83ad6d0b8d2f83e039e6,True
M0093,110,80,1,47,128,1899.0956952420013,2353.3250601037744,960.7100820020225,5213.130837347798,51.02822675277568,93,277b20e8eb55e0c656b9ef524d3b4bfb42d59c20116e83ad6d0b8d2f83e039e6,True
M0094,111,80,0,45,125,2392.7477983509834,2639.227347568316,721.3435062989367,5753.318652218236,240.28867938262445,94,277b20e8eb55e0c656b9ef524d3b4bfb42d59c20116e83ad6d0b8d2f83e039e6,True
M0095,97,68,0,35,103,1665.767166522215,2460.448196407699,413.7733393495224,4539.988702279436,400.71583731434544,95,277b20e8eb55e0c656b9ef524d3b4bfb42d59c20116e83ad6d0b8d2f83e039e6,True
M0096,92,62,0,44,106,1526.8148468867355,2565.6971880942833,1632.499515678908,5725.011550659927,390.55871571941066,96,277b20e8eb55e0c656b9ef524d3b4bfb42d59c20116e83ad6d0b8d2f83e039e6,True
M0097,96,65,1,32,98,1905.1641283345307,2335.476233986576,777.8218415104261,5018.462203831532,122.11383106788962,97,277b20e8eb55e0c656b9ef524d3b4bfb42d59c20116e83ad6d0b8d2f83e039e6,True
M0098,111,71,0,50,121,1844.9014526843637,3010.119957456729,1037.128724191313,5892.150134332406,88.23812442913945,98,277b20e8eb55e0c656b9ef524d3b4bfb42d59c20116e83ad6d0b8d2f83e039e6,True
M0099,107,75,0,53,128,2207.795993319694,3672.6393190108674,960.7046574775832,6841.139969808144,653.0043494498341,99,277b20e8eb55e0c656b9ef524d3b4bfb42d59c20116e83ad6d0b8d2f83e039e6,True
M0100,97,66,1,36,103,1777.2740854831202,2501.3780461815527,1122.1151069160514,5400.767238580725,154.4021888100824,100,277b20e8eb55e0c656b9ef524d3b4bfb42d59c20116e83ad6d0b8d2f83e039e6,True
M0101,103,64,1,36,101,2324.9856918528885,2122.77917910394,697.9283794551754,5145.693250412004,237.6199620129524,101,277b20e8eb55e0c656b9ef524d3b4bfb42d59c20116e83ad6d0b8d2f83e039e6,True
M0102,112,78,1,51,130,2263.6932588654176,3642.000340654438,1672.1457824194304,7577.839381939286,356.21197869631646,102,277b20e8eb55e0c656b9ef524d3b4bfb42d59c20116e83ad6d0b8d2f83e039e6,True
M0103,94,72,1,43,116,1965.8620414253226,2887.7855389147526,524.9619347358179,5378.609515075893,25.1782826608722,103,277b20e8eb55e0c656b9ef524d3b4bfb42d59c20116e83ad6d0b8d2f83e039e6,True
M0104,113,86,0,49,135,2269.357283956202,3178.841281752552,1191.1530470352532,6639.351612744007,46.53602215027817,104,277b20e8eb55e0c656b9ef524d3b4bfb42d59c20116e83ad6d0b8d2f83e039e6,True
M0105,105,78,1,38,117,1828.683731233747,2630.3468860569487,730.3648395678832,5189.395456858579,51.55069199363709,105,277b20e8eb55e0c656b9ef524d3b4bfb42d59c20116e83ad6d0b8d2f83e039e6,True
M0106,89,56,0,33,89,1542.5820289844883,1969.7261912574183,143.9363494148702,3656.2445696567765,105.80903993644972,106,277b20e8eb55e0c656b9ef524d3b4bfb42d59c20116e83ad6d0b8d2f83e039e6,True
M0107,99,70,0,39,109,1894.9885493723914,2255.282033569782,496.2159605000488,4646.486543442223,68.3820381197074,107,277b20e8eb55e0c656b9ef524d3b4bfb42d59c20116e83ad6d0b8d2f83e039e6,True
M0108,106,83,0,45,128,1746.5376448409947,2856.5347443856863,500.87012251542217,5103.942511742103,160.6934199082845,108,277b20e8eb55e0c656b9ef524d3b4bfb42d59c20116e83ad6d0b8d2f83e039e6,True
M0109,88,59,0,31,90,1909.8040227635015,1496.3751367952545,537.2863508046079,3943.465510363364,5.034033936504969,109,277b20e8eb55e0c656b9ef524d3b4bfb42d59c20116e83ad6d0b8d2f83e039e6,True
M0110,90,55,0,36,91,1609.9755023938262,2003.4916906683943,608.2604890624644,4221.727682124685,248.84161765790336,110,277b20e8eb55e0c656b9ef524d3b4bfb42d59c20116e83ad6d0b8d2f83e039e6,True
M0111,123,94,0,48,142,2564.972984662618,3310.1978692027405,856.9513806619601,6732.122234527318,227.35928087468807,111,277b20e8eb55e0c656b9ef524d3b4bfb42d59c20116e83ad6d0b8d2f83e039e6,True
M0112,99,70,1,47,118,2099.241166839426,2550.5948744001694,555.9674629565925,5205.803504196188,65.86716475560831,112,277b20e8eb55e0c656b9ef524d3b4bfb42d59c20116e83ad6d0b8d2f83e039e6,True
M0113,89,60,1,33,94,1623.0727706551377,1781.36624323823,641.0335242245677,4045.4725381179355,43.59723767656763,113,277b20e8eb55e0c656b9ef524d3b4bfb42d59c20116e83ad6d0b8d2f83e039e6,True
M0114,98,74,1,43,118,1773.5129201430677,3177.4774860110624,939.6628357274171,5890.653241881548,7.037084309005394,114,277b20e8eb55e0c656b9ef524d3b4bfb42d59c20116e83ad6d0b8d2f83e039e6,True
M0115,104,73,1,38,112,1971.7161305613058,2872.2414195379065,583.5087164776844,5427.4662665768965,63.5263219370558,115,277b20e8eb55e0c656b9ef524d3b4bfb42d59c20116e83ad6d0b8d2f83e039e6,True
M0116,99,76,0,36,112,1964.366892049411,2393.776190500579,655.7943354854428,5013.937418035433,215.99970634582348,116,277b20e8eb55e0c656b9ef524d3b4bfb42d59c20116e83ad6d0b8d2f83e039e6,True
M0117,95,70,0,39,109,1530.8104853536306,2658.115984400598,765.9750795992891,4954.901549353517,280.16547314062575,117,277b20e8eb55e0c656b9ef524d3b4bfb42d59c20116e83ad6d0b8d2f83e039e6,True
M0118,77,52,1,36,89,1548.6319627927032,2111.949877736921,1268.7931843723486,4929.375024901972,122.14035461069071,118,277b20e8eb55e0c656b9ef524d3b4bfb42d59c20116e83ad6d0b8d2f83e039e6,True
M0119,111,79,0,51,130,2377.5371936312863,2967.198316168128,906.1227126765434,6250.8582224759575,227.51075560253327,119,277b20e8eb55e0c656b9ef524d3b4bfb42d59c20116e83ad6d0b8d2f83e039e6,True
M0120,90,69,1,37,107,1814.618799996369,2231.4448674514965,1925.4576746974867,5971.521342145352,20.315299767404298,120,277b20e8eb55e0c656b9ef524d3b4bfb42d59c20116e83ad6d0b8d2f83e039e6,True
M0121,96,67,0,34,101,1751.4025257122405,2159.3946470403225,1271.3319771349488,5182.129149887512,29.895566921525656,121,277b20e8eb55e0c656b9ef524d3b4bfb42d59c20116e83ad6d0b8d2f83e039e6,True
M0122,107,73,0,43,116,1801.548803735508,2316.1406276647153,1198.1202729212673,5315.809704321491,69.14222401407048,122,277b20e8eb55e0c656b9ef524d3b4bfb42d59c20116e83ad6d0b8d2f83e039e6,True
M0123,85,53,1,27,81,1386.9396881522591,2161.5881623470336,315.00940982892314,3863.5372603282162,379.64425576771026,123,277b20e8eb55e0c656b9ef524d3b4bfb42d59c20116e83ad6d0b8d2f83e039e6,True
M0124,109,86,1,47,134,2434.6336044874893,3123.024712276186,464.898067076848,6022.556383840523,31.527306941243836,124,277b20e8eb55e0c656b9ef524d3b4bfb42d59c20116e83ad6d0b8d2f83e039e6,True
M0125,96,66,1,39,106,1744.945753949186,2850.797560993637,1017.0406744037097,5612.783989346533,117.83082389986538,125,277b20e8eb55e0c656b9ef524d3b4bfb42d59c20116e83ad6d0b8d2f83e039e6,True
M0126,97,75,0,41,116,2144.855430154074,2607.8748340599336,813.9213259136246,5566.6515901276325,0.0,126,277b20e8eb55e0c656b9ef524d3b4bfb42d59c20116e83ad6d0b8d2f83e039e6,True
M0127,98,62,0,39,101,1567.0909324170996,2428.639199732076,678.5029642519289,4674.233096401105,53.19063748940053,127,277b20e8eb55e0c656b9ef524d3b4bfb42d59c20116e83ad6d0b8d2f83e039e6,True
M0128,86,63,0,33,96,1784.7963307646176,1759.7718450423429,1397.8368177379452,4942.404993544906,207.67643262597446,128,277b20e8eb55e0c656b9ef524d3b4bfb42d59c20116e83ad6d0b8d2f83e039e6,True
M0129,95,69,0,36,105,1730.9600378471744,2244.4673498718785,693.4774989386195,4668.904886657672,142.09918479320095,129,277b20e8eb55e0c656b9ef524d3b4bfb42d59c20116e83ad6d0b8d2f83e039e6,True
M0130,106,67,0,49,116,1844.7432129016236,3100.9123098174696,921.3639520932637,5867.019474812357,714.2592408303492,130,277b20e8eb55e0c656b9ef524d3b4bfb42d59c20116e83ad6d0b8d2f83e039e6,True
M0131,99,67,1,35,103,1906.0403888612718,2343.7741617886168,876.0637900510947,5125.878340700983,122.12176992655871,131,277b20e8eb55e0c656b9ef524d3b4bfb42d59c20116e83ad6d0b8d2f83e039e6,True
M0132,99,69,0,32,101,1697.3266212064232,2045.9912882338497,454.40646446668575,4197.724373906959,151.48320947058636,132,277b20e8eb55e0c656b9ef524d3b4bfb42d59c20116e83ad6d0b8d2f83e039e6,True
M0133,109,77,0,38,115,1741.5329274613803,2705.334891268806,385.8776635141277,4832.745482244314,268.21167090050454,133,277b20e8eb55e0c656b9ef524d3b4bfb42d59c20116e83ad6d0b8d2f83e039e6,True
M0134,108,76,0,38,114,2221.581098212939,2057.221980756892,1035.8308003970662,5314.633879366897,480.9945130700158,134,277b20e8eb55e0c656b9ef524d3b4bfb42d59c20116e83ad6d0b8d2f83e039e6,True
M0135,101,65,0,37,102,1478.799747716594,2638.773503846749,874.9552585867365,4992.5285101500795,150.36775786351944,135,277b20e8eb55e0c656b9ef524d3b4bfb42d59c20116e83ad6d0b8d2f83e039e6,True
M0136,85,56,0,33,89,1680.4405813197366,1757.874412982787,508.8696411479921,3947.184635450516,456.1462521246945,136,277b20e8eb55e0c656b9ef524d3b4bfb42d59c20116e83ad6d0b8d2f83e039e6,True
M0137,102,74,0,52,126,2184.556924629608,2990.629561368926,1873.8819980112187,7049.068484009753,217.2138698743415,137,277b20e8eb55e0c656b9ef524d3b4bfb42d59c20116e83ad6d0b8d2f83e039e6,True
M0138,107,76,0,43,119,1919.7629095806867,2644.1103389496557,526.28065678113,5090.153905311473,46.13091195404189,138,277b20e8eb55e0c656b9ef524d3b4bfb42d59c20116e83ad6d0b8d2f83e039e6,True
M0139,101,74,0,30,104,2193.3520949026056,1564.3934651369154,353.1688574829528,4110.914417522474,0.0,139,277b20e8eb55e0c656b9ef524d3b4bfb42d59c20116e83ad6d0b8d2f83e039e6,True
M0140,102,72,0,35,107,1948.789712069981,2399.8202682066035,455.9715775778337,4804.581557854419,405.2211627964835,140,277b20e8eb55e0c656b9ef524d3b4bfb42d59c20116e83ad6d0b8d2f83e039e6,True
M0141,106,68,0,43,111,1860.6107284159077,2286.152604093822,1662.8556366939977,5809.618969203727,133.7962916636867,141,277b20e8eb55e0c656b9ef524d3b4bfb42d59c20116e83ad6d0b8d2f83e039e6,True
M0142,103,79,0,35,114,2062.4525335413878,1832.2975077599995,472.66584330050017,4367.415884601887,38.525661081132824,142,277b20e8eb55e0c656b9ef524d3b4bfb42d59c20116e83ad6d0b8d2f83e039e6,True
M0143,95,62,0,45,107,1741.9133434212465,2609.1957907304927,1223.33422520313,5574.443359354869,39.590726813850424,143,277b20e8eb55e0c656b9ef524d3b4bfb42d59c20116e83ad6d0b8d2f83e039e6,True
M0144,107,70,1,36,107,1987.085512132427,2196.9874639315967,647.7798716676195,4831.852847731644,273.53255177166733,144,277b20e8eb55e0c656b9ef524d3b4bfb42d59c20116e83ad6d0b8d2f83e039e6,True
M0145,93,73,0,33,106,1572.854993886594,2112.0101260962465,580.2805021862023,4265.145622169042,0.0,145,277b20e8eb55e0c656b9ef524d3b4bfb42d59c20116e83ad6d0b8d2f83e039e6,True
M0146,106,75,2,44,121,2511.615182306816,2623.716085211416,538.017203815882,5673.348471334114,167.99107096091984,146,277b20e8eb55e0c656b9ef524d3b4bfb42d59c20116e83ad6d0b8d2f83e039e6,True
M0147,89,66,0,30,96,1684.968267490235,2213.535669558251,426.6282766456481,4325.1322136941335,54.05377504122497,147,277b20e8eb55e0c656b9ef524d3b4bfb42d59c20116e83ad6d0b8d2f83e039e6,True
M0148,119,72,1,49,122,2042.820077473037,3016.1380195655734,1066.8805711525417,6125.8386681911525,159.35659290229484,148,277b20e8eb55e0c656b9ef524d3b4bfb42d59c20116e83ad6d0b8d2f83e039e6,True
M0149,114,80,1,41,122,2126.225528218007,2618.046382809973,616.4171216933852,5360.689032721365,197.85555525085618,149,277b20e8eb55e0c656b9ef524d3b4bfb42d59c20116e83ad6d0b8d2f83e039e6,True
M0150,91,65,0,31,96,1580.118036305777,2265.724406685841,295.4121676032289,4141.254610594847,237.36492638305054,150,277b20e8eb55e0c656b9ef524d3b4bfb42d59c20116e83ad6d0b8d2f83e039e6,True
M0151,96,70,1,47,118,1855.882837417659,3280.8865926616554,1288.4781608810406,6425.247590960355,36.16502759292419,151,277b20e8eb55e0c656b9ef524d3b4bfb42d59c20116e83ad6d0b8d2f83e039e6,True
M0152,103,73,0,44,117,1802.9059692586557,2529.699855173288,1367.5418655257947,5700.147689957738,155.98959091073849,152,277b20e8eb55e0c656b9ef524d3b4bfb42d59c20116e83ad6d0b8d2f83e039e6,True
M0153,97,71,1,30,102,1897.898812600181,2190.902766625616,710.8253187003536,4799.62689792615,1100.152157328401,153,277b20e8eb55e0c656b9ef524d3b4bfb42d59c20116e83ad6d0b8d2f83e039e6,True
M0154,99,60,0,32,92,1386.6686538208833,1655.795200517382,1048.5802886138908,4091.044142952156,0.0,154,277b20e8eb55e0c656b9ef524d3b4bfb42d59c20116e83ad6d0b8d2f83e039e6,True
M0155,106,78,0,44,122,2101.540033591716,3074.5476526194134,1192.9440584687313,6369.03174467986,81.30762685578227,155,277b20e8eb55e0c656b9ef524d3b4bfb42d59c20116e83ad6d0b8d2f83e039e6,True
M0156,92,74,0,27,101,1700.709995791409,1691.931448825292,193.7524016477933,3586.393846264494,34.93505522605102,156,277b20e8eb55e0c656b9ef524d3b4bfb42d59c20116e83ad6d0b8d2f83e039e6,True
M0157,119,85,0,41,126,2209.6865879331212,2560.394711132773,911.0121006201531,5681.093399686048,296.80079572345596,157,277b20e8eb55e0c656b9ef524d3b4bfb42d59c20116e83ad6d0b8d2f83e039e6,True
M0158,88,56,0,31,87,1369.160966296723,2244.0656442094773,577.8381368881369,4191.064747394337,102.18845990400766,158,277b20e8eb55e0c656b9ef524d3b4bfb42d59c20116e83ad6d0b8d2f83e039e6,True
M0159,107,72,2,47,121,2309.7059302990006,3733.1973356804015,978.8481659465799,7021.751431925982,574.3768086208726,159,277b20e8eb55e0c656b9ef524d3b4bfb42d59c20116e83ad6d0b8d2f83e039e6,True
M0160,101,67,0,45,112,1826.8316092625123,2881.394241798033,1498.5466346638802,6206.772485724426,294.56503839435356,160,277b20e8eb55e0c656b9ef524d3b4bfb42d59c20116e83ad6d0b8d2f83e039e6,True
M0161,104,70,0,47,117,1660.249879588887,2629.092170779765,1397.6567972412815,5686.998847609933,43.61591904023524,161,277b20e8eb55e0c656b9ef524d3b4bfb42d59c20116e83ad6d0b8d2f83e039e6,True
M0162,108,68,0,42,110,1869.0631587989917,2278.708009861892,775.9197811526983,4923.690949813582,11.922289969728425,162,277b20e8eb55e0c656b9ef524d3b4bfb42d59c20116e83ad6d0b8d2f83e039e6,True
M0163,92,75,0,35,110,1990.2110537853341,1942.7594586172193,1135.8797981595233,5068.850310562077,1.2363373587736248,163,277b20e8eb55e0c656b9ef524d3b4bfb42d59c20116e83ad6d0b8d2f83e039e6,True
M0164,97,71,0,32,103,2006.151519175603,1916.6775324374896,678.193144919305,4601.022196532398,51.58140796281273,164,277b20e8eb55e0c656b9ef524d3b4bfb42d59c20116e83ad6d0b8d2f83e039e6,True
M0165,109,77,0,49,126,1979.1103010681943,3619.4850206802253,1289.5359714382087,6888.131293186628,622.4740434939777,165,277b20e8eb55e0c656b9ef524d3b4bfb42d59c20116e83ad6d0b8d2f83e039e6,True
M0166,103,65,0,44,109,1705.7118725492453,2783.31254166694,1261.7502123625136,5750.774626578699,115.87304016253589,166,277b20e8eb55e0c656b9ef524d3b4bfb42d59c20116e83ad6d0b8d2f83e039e6,True
M0167,112,80,1,46,127,2026.3282473547727,2550.024190683923,1138.7613948140263,5715.113832852721,193.17885232077572,167,277b20e8eb55e0c656b9ef524d3b4bfb42d59c20116e83ad6d0b8d2f83e039e6,True
M0168,97,70,0,49,119,1687.7615535668706,2975.989748823525,780.7413677688744,5444.49267015927,815.8299848912686,168,277b20e8eb55e0c656b9ef524d3b4bfb42d59c20116e83ad6d0b8d2f83e039e6,True
M0169,105,75,0,38,113,1721.8764227165511,2722.801218048876,542.1406619739823,4986.81830273941,9.549016750020485,169,277b20e8eb55e0c656b9ef524d3b4bfb42d59c20116e83ad6d0b8d2f83e039e6,True
M0170,103,80,1,44,125,2034.948472309264,2880.781264041822,1186.9190272509761,6102.648763602062,5.6592316179903435,170,277b20e8eb55e0c656b9ef524d3b4bfb42d59c20116e83ad6d0b8d2f83e039e6,True
M0171,112,81,0,47,128,2028.544505278288,2603.0713785967523,785.2229456783415,5416.838829553381,0.0,171,277b20e8eb55e0c656b9ef524d3b4bfb42d59c20116e83ad6d0b8d2f83e039e6,True
M0172,85,62,0,37,99,1706.3005999415525,2327.3210649503512,618.8188384926307,4652.440503384534,70.24340103693395,172,277b20e8eb55e0c656b9ef524d3b4bfb42d59c20116e83ad6d0b8d2f83e039e6,True
M0173,100,70,0,39,109,1625.8551994171498,2606.7177984420114,1292.9461867568225,5525.519184615983,114.92964488305142,173,277b20e8eb55e0c656b9ef524d3b4bfb42d59c20116e83ad6d0b8d2f83e039e6,True
M0174,114,82,1,49,132,2294.6428196371826,2945.6478787982965,1328.3820892806677,6568.6727877161475,378.4648409880813,174,277b20e8eb55e0c656b9ef524d3b4bfb42d59c20116e83ad6d0b8d2f83e039e6,True
M0175,96,59,0,38,97,1510.9022015928185,2586.5665312132774,1016.602446903468,5114.071179709564,20.097653974471825,175,277b20e8eb55e0c656b9ef524d3b4bfb42d59c20116e83ad6d0b8d2f83e039e6,True
M0176,101,77,1,41,119,2025.4853720840931,2575.5287896682935,862.3092554981512,5463.323417250538,242.89917303512024,176,277b20e8eb55e0c656b9ef524d3b4bfb42d59c20116e83ad6d0b8d2f83e039e6,True
M0177,108,82,0,43,125,1920.7059947290795,2673.1435732020364,727.3701818039764,5321.219749735093,25.192405926219976,177,277b20e8eb55e0c656b9ef524d3b4bfb42d59c20116e83ad6d0b8d2f83e039e6,True
M0178,93,60,1,42,103,1847.5852551304256,2757.3237704041926,630.5347224214356,5235.443747956054,52.36500497850335,178,277b20e8eb55e0c656b9ef524d3b4bfb42d59c20116e83ad6d0b8d2f83e039e6,True
M0179,126,90,0,46,136,2252.9775224155505,2613.9542564760804,1400.5062340790735,6267.438012970704,0.0,179,277b20e8eb55e0c656b9ef524d3b4bfb42d59c20116e83ad6d0b8d2f83e039e6,True
M0180,114,83,0,45,128,2344.1689252319366,2581.717574072911,906.4443233649394,5832.330822669786,434.15172610205985,180,277b20e8eb55e0c656b9ef524d3b4bfb42d59c20116e83ad6d0b8d2f83e039e6,True
M0181,93,65,0,35,100,2070.6178587197833,2677.445176103012,1299.3566266548614,6047.4196614776565,55.70862754009738,181,277b20e8eb55e0c656b9ef524d3b4bfb42d59c20116e83ad6d0b8d2f83e039e6,True
M0182,94,71,0,38,109,2074.360482994644,2077.369781728751,1876.5185816536111,6028.248846377007,49.7389919571944,182,277b20e8eb55e0c656b9ef524d3b4bfb42d59c20116e83ad6d0b8d2f83e039e6,True
M0183,99,71,1,43,115,1838.4260652573623,3237.3864570878854,582.038144495822,5657.85066684107,157.76197653563025,183,277b20e8eb55e0c656b9ef524d3b4bfb42d59c20116e83ad6d0b8d2f83e039e6,True
M0184,96,72,0,35,107,1704.4151460820992,2149.7077157451054,672.1791650862801,4526.302026913485,127.87571784662818,184,277b20e8eb55e0c656b9ef524d3b4bfb42d59c20116e83ad6d0b8d2f83e039e6,True
M0185,96,65,0,42,107,1750.9570890934765,2452.834841864815,544.3269314257224,4748.118862384014,0.0,185,277b20e8eb55e0c656b9ef524d3b4bfb42d59c20116e83ad6d0b8d2f83e039e6,True
M0186,93,70,1,48,119,2266.2490361843584,3672.768904216497,1384.6182755125776,7323.636215913433,554.956495478111,186,277b20e8eb55e0c656b9ef524d3b4bfb42d59c20116e83ad6d0b8d2f83e039e6,True
M0187,114,80,0,45,125,2332.993964113999,2739.8474068801092,1350.696306985761,6423.53767797987,47.97161690071489,187,277b20e8eb55e0c656b9ef524d3b4bfb42d59c20116e83ad6d0b8d2f83e039e6,True
M0188,94,64,0,35,99,1786.1944871423566,1590.5382990749613,981.8200372716718,4358.55282348899,180.4173709278864,188,277b20e8eb55e0c656b9ef524d3b4bfb42d59c20116e83ad6d0b8d2f83e039e6,True
M0189,102,68,0,44,112,1775.661475225333,2405.472190664088,1441.3078622081011,5622.441528097523,16.70019685446225,189,277b20e8eb55e0c656b9ef524d3b4bfb42d59c20116e83ad6d0b8d2f83e039e6,True
M0190,89,66,0,25,91,1592.032381306805,1185.3576255361158,637.2673476157357,3414.6573544586568,0.0,190,277b20e8eb55e0c656b9ef524d3b4bfb42d59c20116e83ad6d0b8d2f83e039e6,True
M0191,96,63,1,44,108,1842.599820033587,2865.927340044241,1035.2071931492762,5743.734353227105,424.81766462899617,191,277b20e8eb55e0c656b9ef524d3b4bfb42d59c20116e83ad6d0b8d2f83e039e6,True
M0192,110,67,1,33,101,2000.577673889286,1740.293560874982,866.4631397066934,4607.334374470961,3.687018157952835,192,277b20e8eb55e0c656b9ef524d3b4bfb42d59c20116e83ad6d0b8d2f83e039e6,True
M0193,103,76,2,33,111,2092.493784060689,1947.062503055005,457.48973479480196,4497.046021910496,180.90083735727467,193,277b20e8eb55e0c656b9ef524d3b4bfb42d59c20116e83ad6d0b8d2f83e039e6,True
M0194,99,71,2,31,104,2111.7296390662614,2320.9413955370287,861.9076873648377,5294.578721968128,53.17117282100608,194,277b20e8eb55e0c656b9ef524d3b4bfb42d59c20116e83ad6d0b8d2f83e039e6,True
M0195,93,67,0,49,116,1753.4398028633293,2916.022721425336,582.1897229404625,5251.652247229127,231.86620565604193,195,277b20e8eb55e0c656b9ef524d3b4bfb42d59c20116e83ad6d0b8d2f83e039e6,True
M0196,105,73,0,53,126,1832.2132067277737,3672.4666302471014,1395.511524012968,6900.191360987843,73.39064644078371,196,277b20e8eb55e0c656b9ef524d3b4bfb42d59c20116e83ad6d0b8d2f83e039e6,True
M0197,90,62,0,33,95,1928.7233227305146,1628.516940871507,895.1083608241034,4452.348624426125,0.0,197,277b20e8eb55e0c656b9ef524d3b4bfb42d59c20116e83ad6d0b8d2f83e039e6,True
M0198,96,70,0,44,114,2041.5332381272037,2785.907064052823,765.894390283578,5593.334692463604,789.6521960160528,198,277b20e8eb55e0c656b9ef524d3b4bfb42d59c20116e83ad6d0b8d2f83e039e6,True
M0199,103,79,0,41,120,1989.1242094238735,2691.3441346462932,420.48291665824985,5100.951260728416,345.8764088517074,199,277b20e8eb55e0c656b9ef524d3b4bfb42d59c20116e83ad6d0b8d2f83e039e6,True
M0200,104,79,0,41,120,2330.723728512481,3265.345728518591,294.6498643338781,5890.71932136495,47.13020959233836,200,277b20e8eb55e0c656b9ef524d3b4bfb42d59c20116e83ad6d0b8d2f83e039e6,True
M0201,91,65,1,38,104,1958.109684149922,2749.740807280512,642.0355510258822,5349.886042456316,490.5805208909209,201,277b20e8eb55e0c656b9ef524d3b4bfb42d59c20116e83ad6d0b8d2f83e039e6,True
M0202,92,64,0,32,96,1767.3784393942863,1838.884028127201,497.98894418916865,4104.251411710656,115.73949067669652,202,277b20e8eb55e0c656b9ef524d3b4bfb42d59c20116e83ad6d0b8d2f83e039e6,True
M0203,109,70,1,38,109,2000.6878821149494,2325.057320660829,1280.457632436872,5606.202835212651,308.5002196747863,203,277b20e8eb55e0c656b9ef524d3b4bfb42d59c20116e83ad6d0b8d2f83e039e6,True
M0204,89,63,0,44,107,1741.042523548084,2411.33379480938,1267.1417759453088,5419.518094302773,211.88193891220914,204,277b20e8eb55e0c656b9ef524d3b4bfb42d59c20116e83ad6d0b8d2f83e039e6,True
M0205,119,86,1,54,141,2535.277127495794,3687.8819652037364,764.0576166270678,6987.216709326598,366.1732550951325,205,277b20e8eb55e0c656b9ef524d3b4bfb42d59c20116e83ad6d0b8d2f83e039e6,True
M0206,102,72,1,35,108,2653.255099734944,2030.0214295457954,796.0161732315694,5479.292702512309,389.7288376298449,206,277b20e8eb55e0c656b9ef524d3b4bfb42d59c20116e83ad6d0b8d2f83e039e6,True
M0207,104,73,0,40,113,2274.552193796835,2260.4685981459725,557.8888878391105,5092.909679781918,444.7173421219143,207,277b20e8eb55e0c656b9ef524d3b4bfb42d59c20116e83ad6d0b8d2f83e039e6,True
M0208,110,77,0,42,119,1964.2042907754228,2642.335461275385,1082.9865650123206,5689.526317063128,58.10215402176593,208,277b20e8eb55e0c656b9ef524d3b4bfb42d59c20116e83ad6d0b8d2f83e039e6,True
M0209,110,75,0,37,112,1853.3306627226889,3179.9473718400773,741.4709496981993,5774.748984260966,107.05520408650256,209,277b20e8eb55e0c656b9ef524d3b4bfb42d59c20116e83ad6d0b8d2f83e039e6,True
M0210,93,67,0,28,95,2044.5293033462622,1439.3961781784537,881.9019758641516,4365.8274573888675,181.00645233703278,210,277b20e8eb55e0c656b9ef524d3b4bfb42d59c20116e83ad6d0b8d2f83e039e6,True
M0211,111,69,0,47,116,1775.8897434539222,3147.488907874495,710.9050602139096,5634.283711542327,305.029683975412,211,277b20e8eb55e0c656b9ef524d3b4bfb42d59c20116e83ad6d0b8d2f83e039e6,True
M0212,79,49,0,31,80,1411.330676746437,1928.133756208678,732.1215893909331,4071.5860223460477,4.436579429898458,212,277b20e8eb55e0c656b9ef524d3b4bfb42d59c20116e83ad6d0b8d2f83e039e6,True
M0213,99,59,0,39,98,1714.4701421270493,2271.9720231200877,339.8795186014134,4326.3216838485505,45.52913342703195,213,277b20e8eb55e0c656b9ef524d3b4bfb42d59c20116e83ad6d0b8d2f83e039e6,True
M0214,100,69,0,48,117,1662.3280051432964,2805.876409906733,1318.3167275788671,5786.521142628897,390.4127888846289,214,277b20e8eb55e0c656b9ef524d3b4bfb42d59c20116e83ad6d0b8d2f83e039e6,True
M0215,102,67,1,40,108,2110.026818708016,2672.323665574288,789.5777818292804,5571.928266111585,285.0431623425134,215,277b20e8eb55e0c656b9ef524d3b4bfb42d59c20116e83ad6d0b8d2f83e039e6,True
M0216,97,68,0,49,117,1727.2373170318353,3539.1001870133655,1014.890092792184,6281.227596837385,406.1674030466868,216,277b20e8eb55e0c656b9ef524d3b4bfb42d59c20116e83ad6d0b8d2f83e039e6,True
M0217,110,80,0,42,122,2199.778620286172,2762.0518513220213,1059.1618578061175,6020.99232941431,308.12763704434064,217,277b20e8eb55e0c656b9ef524d3b4bfb42d59c20116e83ad6d0b8d2f83e039e6,True
M0218,88,55,1,36,92,1436.2182155297144,2088.0968975335186,2480.797315692775,6005.112428756009,125.07363352000547,218,277b20e8eb55e0c656b9ef524d3b4bfb42d59c20116e83ad6d0b8d2f83e039e6,True
M0219,87,61,0,31,92,1758.8655895979603,1876.6704023209807,139.05523102531134,3774.5912229442524,0.0,219,277b20e8eb55e0c656b9ef524d3b4bfb42d59c20116e83ad6d0b8d2f83e039e6,True
M0220,104,74,0,33,107,2019.8239683389834,1623.4089912990464,658.9263608487432,4302.159320486773,45.13217072229635,220,277b20e8eb55e0c656b9ef524d3b4bfb42d59c20116e83ad6d0b8d2f83e039e6,True
M0221,105,61,2,43,106,1402.3892895443707,3073.193834019832,758.0926505095274,5233.67577407373,52.47432433496334,221,277b20e8eb55e0c656b9ef524d3b4bfb42d59c20116e83ad6d0b8d2f83e039e6,True
M0222,94,66,0,38,104,1741.9960083051683,3125.9286698570086,1741.799196552483,6609.72387471466,200.0740999278036,222,277b20e8eb55e0c656b9ef524d3b4bfb42d59c20116e83ad6d0b8d2f83e039e6,True
M0223,89,56,1,40,97,1625.0816496792122,2320.244878558858,424.5395941739201,4369.866122411991,448.4645805937752,223,277b20e8eb55e0c656b9ef524d3b4bfb42d59c20116e83ad6d0b8d2f83e039e6,True
M0224,102,76,0,45,121,2029.0520459975742,3817.1504962774275,1460.6742763192528,7306.876818594254,229.5892660412518,224,277b20e8eb55e0c656b9ef524d3b4bfb42d59c20116e83ad6d0b8d2f83e039e6,True
M0225,105,74,0,42,116,1797.8210961230768,2511.924880659666,761.5483644785267,5071.294341261269,32.474523538383266,225,277b20e8eb55e0c656b9ef524d3b4bfb42d59c20116e83ad6d0b8d2f83e039e6,True
M0226,103,65,0,50,115,1813.8237278332351,2959.449338434399,1000.3903150647359,5773.66338133237,90.69623784990716,226,277b20e8eb55e0c656b9ef524d3b4bfb42d59c20116e83ad6d0b8d2f83e039e6,True
M0227,96,68,0,41,109,2057.2077234587346,3089.606787795631,0,5146.814511254366,93.27567501347349,227,277b20e8eb55e0c656b9ef524d3b4bfb42d59c20116e83ad6d0b8d2f83e039e6,True
M0228,114,74,0,50,124,2000.3149844447557,2725.842826599919,811.4460006424752,5537.6038116871505,128.47664172076173,228,277b20e8eb55e0c656b9ef524d3b4bfb42d59c20116e83ad6d0b8d2f83e039e6,True
M0229,114,76,0,49,125,2193.7276264130496,3084.2232959629637,544.2361874340476,5822.187109810061,147.72331929449996,229,277b20e8eb55e0c656b9ef524d3b4bfb42d59c20116e83ad6d0b8d2f83e039e6,True
M0230,97,70,0,37,107,1967.6449887243018,2542.365210554726,1483.965593967306,5993.9757932463335,40.80560908759662,230,277b20e8eb55e0c656b9ef524d3b4bfb42d59c20116e83ad6d0b8d2f83e039e6,True
M0231,110,80,1,42,123,1938.1636713994992,2471.0203959559776,546.9462700092636,4956.130337364741,12.44791705111524,231,277b20e8eb55e0c656b9ef524d3b4bfb42d59c20116e83ad6d0b8d2f83e039e6,True
M0232,91,68,0,46,114,2092.363339519848,2706.401184153617,356.8358083320409,5155.600332005506,640.3984763447959,232,277b20e8eb55e0c656b9ef524d3b4bfb42d59c20116e83ad6d0b8d2f83e039e6,True
M0233,97,74,0,36,110,1681.2791558126698,2201.9573317853688,463.78897545582123,4347.025463053859,17.000219937047532,233,277b20e8eb55e0c656b9ef524d3b4bfb42d59c20116e83ad6d0b8d2f83e039e6,True
M0234,100,77,0,41,118,2163.1604674054165,2467.356052779658,1543.268393705788,6173.784913890862,263.0719805317406,234,277b20e8eb55e0c656b9ef524d3b4bfb42d59c20116e83ad6d0b8d2f83e039e6,True
M0235,111,81,1,45,127,2098.572895559166,3311.562676985412,670.9085170519409,6081.044089596519,104.44990254443928,235,277b20e8eb55e0c656b9ef524d3b4bfb42d59c20116e83ad6d0b8d2f83e039e6,True
M0236,92,67,0,35,102,1808.5351317755124,1885.1886017065628,874.2678579007437,4567.991591382819,0.188245662497593,236,277b20e8eb55e0c656b9ef524d3b4bfb42d59c20116e83ad6d0b8d2f83e039e6,True
M0237,97,67,0,44,111,1545.6866582155267,3054.761177449412,743.9781728076028,5344.426008472542,438.4590403491319,237,277b20e8eb55e0c656b9ef524d3b4bfb42d59c20116e83ad6d0b8d2f83e039e6,True
M0238,106,71,0,47,118,1866.8159525702001,2833.3854494154402,1473.2587412391558,6173.460143224796,75.97388565221775,238,277b20e8eb55e0c656b9ef524d3b4bfb42d59c20116e83ad6d0b8d2f83e039e6,True
M0239,109,66,1,40,107,1864.4375607703507,2891.7257599105287,581.2755488763582,5337.438869557238,326.0702692739811,239,277b20e8eb55e0c656b9ef524d3b4bfb42d59c20116e83ad6d0b8d2f83e039e6,True
M0240,92,65,0,34,99,1788.5264683971757,2784.1426631153736,1373.3334593132395,5946.0025908257885,643.154331096198,240,277b20e8eb55e0c656b9ef524d3b4bfb42d59c20116e83ad6d0b8d2f83e039e6,True
M0241,93,63,0,39,102,1911.0066527339754,3330.4372320965276,871.0363809945358,6112.480265825039,44.791094815833105,241,277b20e8eb55e0c656b9ef524d3b4bfb42d59c20116e83ad6d0b8d2f83e039e6,True
M0242,81,60,1,27,88,1533.3357868702942,1558.3482895604955,0,3091.68407643079,212.0976441921294,242,277b20e8eb55e0c656b9ef524d3b4bfb42d59c20116e83ad6d0b8d2f83e039e6,True
M0243,95,65,1,32,98,1910.7074581223062,1911.9947211597553,1108.8900260892974,4931.592205371358,155.66498359085222,243,277b20e8eb55e0c656b9ef524d3b4bfb42d59c20116e83ad6d0b8d2f83e039e6,True
M0244,100,73,0,38,111,1733.8479105642905,2536.065649506362,708.9954001013948,4978.908960172047,54.183695650319095,244,277b20e8eb55e0c656b9ef524d3b4bfb42d59c20116e83ad6d0b8d2f83e039e6,True
M0245,111,76,0,44,120,2302.0719585112333,3286.17525979054,770.8474240522783,6359.094642354052,251.93542177384467,245,277b20e8eb55e0c656b9ef524d3b4bfb42d59c20116e83ad6d0b8d2f83e039e6,True
M0246,86,59,0,36,95,1539.0794636051855,1968.7583497885287,457.11587468650447,3964.9536880802184,72.46570415931487,246,277b20e8eb55e0c656b9ef524d3b4bfb42d59c20116e83ad6d0b8d2f83e039e6,True
M0247,117,90,0,52,142,2333.4195647869915,3593.8938016587654,954.5269955042024,6881.840361949959,98.80482878022448,247,277b20e8eb55e0c656b9ef524d3b4bfb42d59c20116e83ad6d0b8d2f83e039e6,True
M0248,105,82,0,37,119,2431.811716893811,2109.6910665204077,612.9544846682326,5154.457268082451,228.79374800207796,248,277b20e8eb55e0c656b9ef524d3b4bfb42d59c20116e83ad6d0b8d2f83e039e6,True
M0249,100,67,0,45,112,1657.7513486461733,2822.675798059436,1528.5678298542787,6008.9949765598885,42.46163440586015,249,277b20e8eb55e0c656b9ef524d3b4bfb42d59c20116e83ad6d0b8d2f83e039e6,True
M0250,95,66,1,41,108,1935.1311450376543,2832.6654364833275,988.8475574123073,5756.6441389332895,33.37787213822196,250,277b20e8eb55e0c656b9ef524d3b4bfb42d59c20116e83ad6d0b8d2f83e039e6,True
M0251,80,60,2,40,102,1491.628086235097,2614.1237763352856,476.60096482203596,4582.3528273924185,452.35908108135993,251,277b20e8eb55e0c656b9ef524d3b4bfb42d59c20116e83ad6d0b8d2f83e039e6,True
M0252,108,80,0,36,116,2214.426236458009,1858.9368669411506,833.8036170480617,4907.166720447221,132.52361223961358,252,277b20e8eb55e0c656b9ef524d3b4bfb42d59c20116e83ad6d0b8d2f83e039e6,True
M0253,94,65,0,40,105,1392.14143736452,2579.567557098766,1252.6517118367756,5224.360706300062,51.612820067086986,253,277b20e8eb55e0c656b9ef524d3b4bfb42d59c20116e83ad6d0b8d2f83e039e6,True
M0254,100,66,0,38,104,1850.9009175908238,2667.656675513672,242.07656843488942,4760.634161539386,171.5874317024577,254,277b20e8eb55e0c656b9ef524d3b4bfb42d59c20116e83ad6d0b8d2f83e039e6,True
M0255,87,57,0,27,84,1570.693226685785,1673.6335527910426,1019.9584028096583,4264.285182286486,279.21047715613764,255,277b20e8eb55e0c656b9ef524d3b4bfb42d59c20116e83ad6d0b8d2f83e039e6,True
M0256,91,65,0,34,99,1693.3562598674046,2232.9362819274984,654.9593071958215,4581.251848990724,172.09582212855895,256,277b20e8eb55e0c656b9ef524d3b4bfb42d59c20116e83ad6d0b8d2f83e039e6,True
M0257,114,83,2,43,128,2192.9308531203915,2553.5122226287426,882.47946280467,5628.922538553804,178.8009914147037,257,277b20e8eb55e0c656b9ef524d3b4bfb42d59c20116e83ad6d0b8d2f83e039e6,True
M0258,93,62,0,36,98,1584.3093209478761,2244.651660638228,866.2206024930972,4695.1815840792015,93.70703088253515,258,277b20e8eb55e0c656b9ef524d3b4bfb42d59c20116e83ad6d0b8d2f83e039e6,True
M0259,94,73,0,43,116,1962.4373305352424,2527.200346310715,1195.6391406559278,5685.2768175018855,71.26158042630902,259,277b20e8eb55e0c656b9ef524d3b4bfb42d59c20116e83ad6d0b8d2f83e039e6,True
M0260,106,72,1,42,115,2123.454097940609,1953.781081513356,1312.7007925274268,5389.935971981391,113.91985205739854,260,277b20e8eb55e0c656b9ef524d3b4bfb42d59c20116e83ad6d0b8d2f83e039e6,True
M0261,91,69,0,40,109,2099.910762772783,2425.9861170407876,972.6111790848167,5498.508058898387,46.58754360437058,261,277b20e8eb55e0c656b9ef524d3b4bfb42d59c20116e83ad6d0b8d2f83e039e6,True
M0262,87,62,0,30,92,1563.4041906026462,2281.9711690603817,533.3617850402653,4378.737144703293,54.60787676684109,262,277b20e8eb55e0c656b9ef524d3b4bfb42d59c20116e83ad6d0b8d2f83e039e6,True
M0263,100,69,0,38,107,2152.054134438256,2749.509771987239,584.1269164613475,5485.690822886843,431.54838914238877,263,277b20e8eb55e0c656b9ef524d3b4bfb42d59c20116e83ad6d0b8d2f83e039e6,True
M0264,107,67,1,37,105,1987.2898796309755,2473.3706225236,782.495372710823,5243.155874865399,881.2747197711676,264,277b20e8eb55e0c656b9ef524d3b4bfb42d59c20116e83ad6d0b8d2f83e039e6,True
M0265,99,62,0,40,102,1598.3167171269522,2746.2783013649414,930.1298894868673,5274.724907978762,10.875319293447532,265,277b20e8eb55e0c656b9ef524d3b4bfb42d59c20116e83ad6d0b8d2f83e039e6,True
M0266,101,70,0,33,103,2050.18176213319,2098.9092520789554,1076.7407420692055,5225.831756281351,80.14375250940942,266,277b20e8eb55e0c656b9ef524d3b4bfb42d59c20116e83ad6d0b8d2f83e039e6,True
M0267,95,69,0,47,116,2167.158495686263,2661.639809408303,1193.457443482152,6022.255748576717,87.12201185830057,267,277b20e8eb55e0c656b9ef524d3b4bfb42d59c20116e83ad6d0b8d2f83e039e6,True
M0268,105,74,0,40,114,1881.5791395906283,2268.827689813244,476.78244200534846,4627.189271409221,48.666284199068656,268,277b20e8eb55e0c656b9ef524d3b4bfb42d59c20116e83ad6d0b8d2f83e039e6,True
M0269,88,64,0,33,97,1947.1968733208953,1911.8803508530189,568.1262762276906,4427.203500401605,59.34262081849903,269,277b20e8eb55e0c656b9ef524d3b4bfb42d59c20116e83ad6d0b8d2f83e039e6,True
M0270,110,83,0,42,125,2253.5056765295753,2641.1281363114467,1019.5239990865456,5914.157811927568,223.01391066024362,270,277b20e8eb55e0c656b9ef524d3b4bfb42d59c20116e83ad6d0b8d2f83e039e6,True
M0271,118,84,1,54,139,2596.4785301008724,2798.6373640045495,931.9372054378392,6327.053099543261,140.79075080832337,271,277b20e8eb55e0c656b9ef524d3b4bfb42d59c20116e83ad6d0b8d2f83e039e6,True
M0272,111,75,0,55,130,2527.6787788652086,3016.5405695194295,1234.5676387683181,6778.7869871529565,266.93173574323686,272,277b20e8eb55e0c656b9ef524d3b4bfb42d59c20116e83ad6d0b8d2f83e039e6,True
M0273,103,69,0,42,111,2018.0558045429862,2532.81856089854,277.51260041355346,4828.38696585508,326.1938789355067,273,277b20e8eb55e0c656b9ef524d3b4bfb42d59c20116e83ad6d0b8d2f83e039e6,True
M0274,111,80,2,43,125,2871.7012420011133,2677.6912525497614,308.8017500398432,5858.194244590719,110.74216020037221,274,277b20e8eb55e0c656b9ef524d3b4bfb42d59c20116e83ad6d0b8d2f83e039e6,True
M0275,97,61,0,45,106,2075.1034955045393,2545.085179375084,615.6659320945254,5235.854606974149,15.588481511534468,275,277b20e8eb55e0c656b9ef524d3b4bfb42d59c20116e83ad6d0b8d2f83e039e6,True
M0276,104,78,0,34,112,1862.8556571779864,2028.6433736365339,1559.2909156701226,5450.789946484643,0.0,276,277b20e8eb55e0c656b9ef524d3b4bfb42d59c20116e83ad6d0b8d2f83e039e6,True
M0277,94,66,0,36,102,1635.511696081779,1843.4697841194704,830.8458332186859,4309.827313419935,27.526602557928967,277,277b20e8eb55e0c656b9ef524d3b4bfb42d59c20116e83ad6d0b8d2f83e039e6,True
M0278,105,71,1,54,126,1822.507875761837,2981.3113118604683,554.4085220642144,5358.22770968652,148.51320189179717,278,277b20e8eb55e0c656b9ef524d3b4bfb42d59c20116e83ad6d0b8d2f83e039e6,True
M0279,106,79,1,35,115,2152.168707483679,1874.1515851354861,205.9247688427394,4232.245061461905,17.580072209777924,279,277b20e8eb55e0c656b9ef524d3b4bfb42d59c20116e83ad6d0b8d2f83e039e6,True
M0280,104,79,0,38,117,1878.0506965332763,1968.2619312617294,1016.6076788062207,4862.920306601227,359.3524214011113,280,277b20e8eb55e0c656b9ef524d3b4bfb42d59c20116e83ad6d0b8d2f83e039e6,True
M0281,107,80,0,47,127,2149.9897571117644,2584.8460774205982,1046.181264530047,5781.01709906241,152.90622446012796,281,277b20e8eb55e0c656b9ef524d3b4bfb42d59c20116e83ad6d0b8d2f83e039e6,True
M0282,100,81,1,41,123,1833.9194231258712,2596.3715451958715,1452.0684556066017,5882.359423928344,114.76884524228579,282,277b20e8eb55e0c656b9ef524d3b4bfb42d59c20116e83ad6d0b8d2f83e039e6,True
M0283,87,55,1,43,99,1443.3904918034048,2575.088652764789,1474.0263672490853,5492.5055118172795,124.06108229223537,283,277b20e8eb55e0c656b9ef524d3b4bfb42d59c20116e83ad6d0b8d2f83e039e6,True
M0284,85,55,1,29,85,1258.7313749687476,1779.710049983645,459.43509229917436,3497.876517251567,140.60198074460368,284,277b20e8eb55e0c656b9ef524d3b4bfb42d59c20116e83ad6d0b8d2f83e039e6,True
M0285,90,63,0,35,98,1712.6155234918995,2050.1610207549966,502.03364895739594,4264.810193204292,131.99542401325195,285,277b20e8eb55e0c656b9ef524d3b4bfb42d59c20116e83ad6d0b8d2f83e039e6,True
M0286,96,65,1,50,116,1679.512239889477,2938.0812441449257,1442.867155630203,6060.460639664605,211.63877584313508,286,277b20e8eb55e0c656b9ef524d3b4bfb42d59c20116e83ad6d0b8d2f83e039e6,True
M0287,99,71,0,42,113,2065.1936129726323,2166.081169382475,707.2832020807023,4938.557984435809,130.36852761837963,287,277b20e8eb55e0c656b9ef524d3b4bfb42d59c20116e83ad6d0b8d2f83e039e6,True
M0288,92,65,0,47,112,2117.460672968241,3211.7249996365395,1413.5913509534323,6742.777023558213,482.3096720107604,288,277b20e8eb55e0c656b9ef524d3b4bfb42d59c20116e83ad6d0b8d2f83e039e6,True
M0289,90,67,0,33,100,1980.865789262007,1654.0712714289393,610.2836381681796,4245.220698859126,0.0,289,277b20e8eb55e0c656b9ef524d3b4bfb42d59c20116e83ad6d0b8d2f83e039e6,True
M0290,97,70,0,32,102,1787.0034316617985,2109.14188079378,1410.6670983334525,5306.812410789031,278.1901444069839,290,277b20e8eb55e0c656b9ef524d3b4bfb42d59c20116e83ad6d0b8d2f83e039e6,True
M0291,102,78,0,43,121,1818.340398066813,2642.490834696103,1340.559994205806,5801.391226968722,176.48854166082305,291,277b20e8eb55e0c656b9ef524d3b4bfb42d59c20116e83ad6d0b8d2f83e039e6,True
M0292,95,57,0,45,102,1574.4168411987278,2885.4211972908583,344.3844474696835,4804.22248595927,177.06480577566063,292,277b20e8eb55e0c656b9ef524d3b4bfb42d59c20116e83ad6d0b8d2f83e039e6,True
M0293,114,72,0,46,118,2055.0329332917686,3654.3766010836803,829.2270970039317,6538.636631379381,330.1751273410576,293,277b20e8eb55e0c656b9ef524d3b4bfb42d59c20116e83ad6d0b8d2f83e039e6,True
M0294,108,75,0,46,121,1844.226996129073,2814.1939091941717,747.1201150248006,5405.541020348045,278.89709717707694,294,277b20e8eb55e0c656b9ef524d3b4bfb42d59c20116e83ad6d0b8d2f83e039e6,True
M0295,95,66,1,42,109,1657.4490142154466,2857.7649278981467,1589.3459183977595,6104.559860511353,170.15340068128492,295,277b20e8eb55e0c656b9ef524d3b4bfb42d59c20116e83ad6d0b8d2f83e039e6,True
M0296,97,76,2,37,115,2254.536343681736,2431.5972012775983,622.0608052768872,5308.194350236222,712.8582877823039,296,277b20e8eb55e0c656b9ef524d3b4bfb42d59c20116e83ad6d0b8d2f83e039e6,True
M0297,115,79,0,56,135,2206.8011897660926,3514.194561834001,1511.7314954266824,7232.727247026776,348.3896294926316,297,277b20e8eb55e0c656b9ef524d3b4bfb42d59c20116e83ad6d0b8d2f83e039e6,True
M0298,100,70,2,41,113,2192.904527604587,2026.7598243976552,672.2524378316638,4891.9167898339065,0.0,298,277b20e8eb55e0c656b9ef524d3b4bfb42d59c20116e83ad6d0b8d2f83e039e6,True
M0299,116,86,0,49,135,2171.1287677530204,3820.5868145852633,622.8266587842239,6614.542241122507,212.6775043015454,299,277b20e8eb55e0c656b9ef524d3b4bfb42d59c20116e83ad6d0b8d2f83e039e6,True
M0300,105,73,0,33,106,2253.499978710939,2644.1039393278656,840.2295892853773,5737.833507324182,28.299243749388296,300,277b20e8eb55e0c656b9ef524d3b4bfb42d59c20116e83ad6d0b8d2f83e039e6,True
M0301,99,73,0,39,112,1923.4802050063663,2495.0564455230397,792.852979008474,5211.38962953788,1079.1886586686214,301,277b20e8eb55e0c656b9ef524d3b4bfb42d59c20116e83ad6d0b8d2f83e039e6,True
M0302,90,65,0,35,100,1852.8994837736589,2645.0482764368858,728.1676883435038,5226.115448554048,3.993207205536123,302,277b20e8eb55e0c656b9ef524d3b4bfb42d59c20116e83ad6d0b8d2f83e039e6,True
M0303,115,83,0,38,121,2318.196358399434,2766.0122908054163,881.5575226574651,5965.766171862315,359.0672895435437,303,277b20e8eb55e0c656b9ef524d3b4bfb42d59c20116e83ad6d0b8d2f83e039e6,True
M0304,68,50,0,28,78,1369.7803171159483,1448.1295882748439,715.4480301548651,3533.3579355456573,8.276429636342101,304,277b20e8eb55e0c656b9ef524d3b4bfb42d59c20116e83ad6d0b8d2f83e039e6,True
M0305,111,86,1,45,132,3334.4423118902346,2888.5595528426697,552.5561894537174,6775.558054186622,285.63857941722483,305,277b20e8eb55e0c656b9ef524d3b4bfb42d59c20116e83ad6d0b8d2f83e039e6,True
M0306,103,72,0,52,124,2086.50614149603,2757.6171987161424,629.1264451213417,5473.249785333514,33.68710516776747,306,277b20e8eb55e0c656b9ef524d3b4bfb42d59c20116e83ad6d0b8d2f83e039e6,True
M0307,108,83,1,48,132,2520.795220242851,3469.5162836301834,881.4010635232271,6871.712567396261,890.8451385631461,307,277b20e8eb55e0c656b9ef524d3b4bfb42d59c20116e83ad6d0b8d2f83e039e6,True
M0308,102,68,0,47,115,1620.3871957062192,2731.9238237677105,1100.18263980558,5452.493659279509,65.39013348818675,308,277b20e8eb55e0c656b9ef524d3b4bfb42d59c20116e83ad6d0b8d2f83e039e6,True
M0309,96,68,0,40,108,1987.5717332792258,2896.3374149163474,1196.8070982673403,6080.716246462913,210.1855190507764,309,277b20e8eb55e0c656b9ef524d3b4bfb42d59c20116e83ad6d0b8d2f83e039e6,True
M0310,102,75,0,41,116,2260.7606386375314,2954.654340742449,593.1926150042184,5808.607594384199,230.09645517598648,310,277b20e8eb55e0c656b9ef524d3b4bfb42d59c20116e83ad6d0b8d2f83e039e6,True
M0311,108,81,0,49,130,2173.5844426525186,3024.0411327709853,1426.1352388290509,6623.760814252555,54.730211967509234,311,277b20e8eb55e0c656b9ef524d3b4bfb42d59c20116e83ad6d0b8d2f83e039e6,True
M0312,111,69,0,48,117,1864.585848478163,2636.18257802869,1280.1281997190065,5780.896626225859,50.673879706802836,312,277b20e8eb55e0c656b9ef524d3b4bfb42d59c20116e83ad6d0b8d2f83e039e6,True
M0313,98,61,0,32,93,1654.1387683573805,2220.2660640949475,313.09615255436734,4187.500985006695,123.88214023013785,313,277b20e8eb55e0c656b9ef524d3b4bfb42d59c20116e83ad6d0b8d2f83e039e6,True
M0314,101,72,0,42,114,1771.4474866752653,2818.067082775915,1118.9004629876788,5708.415032438859,0.0,314,277b20e8eb55e0c656b9ef524d3b4bfb42d59c20116e83ad6d0b8d2f83e039e6,True
M0315,116,84,0,52,136,2207.352803988493,3431.003903937981,1016.8374594191095,6655.194167345583,496.5308023468962,315,277b20e8eb55e0c656b9ef524d3b4bfb42d59c20116e83ad6d0b8d2f83e039e6,True
M0316,86,58,2,40,100,1409.2153166492153,2746.078477266616,725.4198582417572,4880.7136521575885,342.6758602347427,316,277b20e8eb55e0c656b9ef524d3b4bfb42d59c20116e83ad6d0b8d2f83e039e6,True
M0317,110,85,1,40,126,2073.8248068088387,2703.6003274543223,1234.5143861835575,6011.939520446719,410.67192831529417,317,277b20e8eb55e0c656b9ef524d3b4bfb42d59c20116e83ad6d0b8d2f83e039e6,True
M0318,104,71,1,34,106,2317.2747956052003,1978.4785211802252,991.6609068776363,5287.414223663061,97.77052522323905,318,277b20e8eb55e0c656b9ef524d3b4bfb42d59c20116e83ad6d0b8d2f83e039e6,True
M0319,93,68,0,32,100,1993.671587673727,2337.910926626818,801.7081758992097,5133.290690199755,118.08189586584211,319,277b20e8eb55e0c656b9ef524d3b4bfb42d59c20116e83ad6d0b8d2f83e039e6,True
M0320,87,55,0,31,86,1230.3595734214405,1926.0966929438891,351.3285232279128,3507.7847895932423,179.9364929016974,320,277b20e8eb55e0c656b9ef524d3b4bfb42d59c20116e83ad6d0b8d2f83e039e6,True
M0321,109,68,0,50,118,2047.5658119671846,2743.794590695504,1006.211433329665,5797.571835992354,207.38938223866145,321,277b20e8eb55e0c656b9ef524d3b4bfb42d59c20116e83ad6d0b8d2f83e039e6,True
M0322,88,65,0,41,106,1856.6289496386987,2967.1199021096145,723.8644266264166,5547.61327837473,554.3847054932041,322,277b20e8eb55e0c656b9ef524d3b4bfb42d59c20116e83ad6d0b8d2f83e039e6,True
M0323,100,67,0,39,106,1554.6511995718374,1951.0753621412357,957.2957436537843,4463.022305366858,254.83618798612974,323,277b20e8eb55e0c656b9ef524d3b4bfb42d59c20116e83ad6d0b8d2f83e039e6,True
M0324,97,76,0,43,119,1917.319620736083,3167.0763715360913,682.0924940230493,5766.488486295224,377.2199552939578,324,277b20e8eb55e0c656b9ef524d3b4bfb42d59c20116e83ad6d0b8d2f83e039e6,True
M0325,106,74,0,44,118,1944.048188937945,2833.9355173877566,954.1982322755956,5732.181938601298,230.41573761184264,325,277b20e8eb55e0c656b9ef524d3b4bfb42d59c20116e83ad6d0b8d2f83e039e6,True
M0326,92,62,0,39,101,1634.115771111855,2508.332032466044,462.03501256468905,4604.4828161425885,118.6040695323112,326,277b20e8eb55e0c656b9ef524d3b4bfb42d59c20116e83ad6d0b8d2f83e039e6,True
M0327,98,67,0,34,101,1816.0861839701108,1910.5958278938485,1238.2129446922584,4964.894956556218,553.3548259527054,327,277b20e8eb55e0c656b9ef524d3b4bfb42d59c20116e83ad6d0b8d2f83e039e6,True
M0328,83,63,0,41,104,1561.7592686421801,3018.006607921737,379.7516869620407,4959.5175635259575,66.48504517775429,328,277b20e8eb55e0c656b9ef524d3b4bfb42d59c20116e83ad6d0b8d2f83e039e6,True
M0329,111,66,0,43,109,1623.1712609554977,2338.2162417018026,1855.0030084402488,5816.390511097549,0.0,329,277b20e8eb55e0c656b9ef524d3b4bfb42d59c20116e83ad6d0b8d2f83e039e6,True
M0330,92,60,0,41,101,1520.5743422244636,2923.293277851915,761.5428795520342,5205.410499628412,610.8964750337389,330,277b20e8eb55e0c656b9ef524d3b4bfb42d59c20116e83ad6d0b8d2f83e039e6,True
M0331,112,82,0,41,123,2158.434162000209,2537.113423372717,589.1878651715779,5284.735450544504,36.80733061743487,331,277b20e8eb55e0c656b9ef524d3b4bfb42d59c20116e83ad6d0b8d2f83e039e6,True
M0332,86,66,0,38,104,1926.6367977000737,2495.0877144152823,1123.089002902009,5544.813515017365,139.57934880752364,332,277b20e8eb55e0c656b9ef524d3b4bfb42d59c20116e83ad6d0b8d2f83e039e6,True
M0333,97,65,0,37,102,1685.2594346289075,2447.138534873799,555.0985551435067,4687.496524646213,96.90894729343592,333,277b20e8eb55e0c656b9ef524d3b4bfb42d59c20116e83ad6d0b8d2f83e039e6,True
M0334,95,63,0,46,109,1758.989431584804,3241.25935853394,289.1332452447584,5289.382035363503,402.59044583716053,334,277b20e8eb55e0c656b9ef524d3b4bfb42d59c20116e83ad6d0b8d2f83e039e6,True
M0335,99,74,0,38,112,1780.9093783613966,2120.3050492820507,849.483049504339,4750.697477147786,47.541132639797524,335,277b20e8eb55e0c656b9ef524d3b4bfb42d59c20116e83ad6d0b8d2f83e039e6,True
M0336,109,90,0,43,133,2231.2178235047295,2387.479048911543,1324.9178680149926,5943.614740431265,17.04700533169104,336,277b20e8eb55e0c656b9ef524d3b4bfb42d59c20116e83ad6d0b8d2f83e039e6,True
M0337,105,78,1,37,116,2400.052279707481,2243.0622791248065,553.2030719866117,5196.317630818899,8.540150052521838,337,277b20e8eb55e0c656b9ef524d3b4bfb42d59c20116e83ad6d0b8d2f83e039e6,True
M0338,101,72,0,42,114,1984.4125271025791,2916.269750030029,720.1311946590617,5620.813471791669,445.8711397060617,338,277b20e8eb55e0c656b9ef524d3b4bfb42d59c20116e83ad6d0b8d2f83e039e6,True
M0339,101,66,1,41,108,1931.957425254118,2644.1150568608564,211.75797509373717,4787.830457208712,59.31398135842136,339,277b20e8eb55e0c656b9ef524d3b4bfb42d59c20116e83ad6d0b8d2f83e039e6,True
M0340,86,63,2,33,98,1863.1305371371188,2342.1587970504897,714.104966060605,4919.394300248214,177.73922367029965,340,277b20e8eb55e0c656b9ef524d3b4bfb42d59c20116e83ad6d0b8d2f83e039e6,True
M0341,122,83,1,49,133,2095.6611038953274,3201.067181548236,707.7543562505632,6004.482641694127,250.26481195387862,341,277b20e8eb55e0c656b9ef524d3b4bfb42d59c20116e83ad6d0b8d2f83e039e6,True
M0342,91,66,0,27,93,1867.5254749024366,1469.81360434037,917.4989065232555,4254.837985766062,141.78644415367015,342,277b20e8eb55e0c656b9ef524d3b4bfb42d59c20116e83ad6d0b8d2f83e039e6,True
M0343,95,68,0,42,110,1851.7014736681242,2913.180920116391,489.7022687593856,5254.584662543901,43.409497479869785,343,277b20e8eb55e0c656b9ef524d3b4bfb42d59c20116e83ad6d0b8d2f83e039e6,True
M0344,93,63,0,35,98,1855.9048853485483,2197.9256851182645,859.988535230867,4913.819105697679,494.3766457344607,344,277b20e8eb55e0c656b9ef524d3b4bfb42d59c20116e83ad6d0b8d2f83e039e6,True
M0345,98,74,1,36,111,1868.2802056555433,2162.092011942382,681.0012951201452,4711.373512718071,2.0262442911812713,345,277b20e8eb55e0c656b9ef524d3b4bfb42d59c20116e83ad6d0b8d2f83e039e6,True
M0346,101,74,0,32,106,1854.0942524562777,1568.6351319549326,896.6615027796003,4319.390887190811,75.83066188839325,346,277b20e8eb55e0c656b9ef524d3b4bfb42d59c20116e83ad6d0b8d2f83e039e6,True
M0347,114,79,1,44,124,2356.2514102761575,3700.734381336372,1165.5012809865707,7222.4870725991,57.684398399658676,347,277b20e8eb55e0c656b9ef524d3b4bfb42d59c20116e83ad6d0b8d2f83e039e6,True
M0348,105,67,2,38,107,1825.7624122568227,2918.625166670389,937.5223386381819,5681.909917565394,43.884948079915986,348,277b20e8eb55e0c656b9ef524d3b4bfb42d59c20116e83ad6d0b8d2f83e039e6,True
M0349,91,55,2,39,96,1663.1653284785846,2777.491186777358,1191.846536318156,5632.503051574098,43.48600033964631,349,277b20e8eb55e0c656b9ef524d3b4bfb42d59c20116e83ad6d0b8d2f83e039e6,True
M0350,115,79,0,45,124,2261.8288547728002,2340.0728869135796,861.3374046993802,5463.23914638576,468.36090522336684,350,277b20e8eb55e0c656b9ef524d3b4bfb42d59c20116e83ad6d0b8d2f83e039e6,True
M0351,105,64,0,46,110,1750.8946830291932,2840.3853146356823,1575.2796102985462,6166.5596079634215,18.87795338285939,351,277b20e8eb55e0c656b9ef524d3b4bfb42d59c20116e83ad6d0b8d2f83e039e6,True
M0352,103,71,0,38,109,2048.5708633009417,2281.292168643564,918.063857693936,5247.926889638442,2.662167905277073,352,277b20e8eb55e0c656b9ef524d3b4bfb42d59c20116e83ad6d0b8d2f83e039e6,True
M0353,93,69,0,40,109,1921.3618451933316,2778.4012651532767,1159.484159844771,5859.247270191379,136.335893953457,353,277b20e8eb55e0c656b9ef524d3b4bfb42d59c20116e83ad6d0b8d2f83e039e6,True
M0354,86,52,2,35,89,1659.1704150088274,2019.3151455378863,1459.5793827323494,5138.064943279063,253.83962718769988,354,277b20e8eb55e0c656b9ef524d3b4bfb42d59c20116e83ad6d0b8d2f83e039e6,True
M0355,98,63,0,40,103,1634.9490643828417,2509.062195464371,1072.735432615651,5216.746692462864,0.0,355,277b20e8eb55e0c656b9ef524d3b4bfb42d59c20116e83ad6d0b8d2f83e039e6,True
M0356,106,79,3,50,132,2479.2789066455284,3422.252851579624,1297.580586223716,7199.112344448868,461.34538376484545,356,277b20e8eb55e0c656b9ef524d3b4bfb42d59c20116e83ad6d0b8d2f83e039e6,True
M0357,109,82,0,40,122,2354.985688882155,2400.1961930912553,874.1155064328448,5629.297388406256,372.9741567199011,357,277b20e8eb55e0c656b9ef524d3b4bfb42d59c20116e83ad6d0b8d2f83e039e6,True
M0358,104,75,0,43,118,1992.3480280872432,2344.9795575759604,1259.8825105386709,5597.210096201874,285.3988293767933,358,277b20e8eb55e0c656b9ef524d3b4bfb42d59c20116e83ad6d0b8d2f83e039e6,True
M0359,92,66,0,45,111,1973.081899283112,3064.610948946299,666.2356921300034,5703.928540359414,39.71215464493085,359,277b20e8eb55e0c656b9ef524d3b4bfb42d59c20116e83ad6d0b8d2f83e039e6,True
M0360,99,76,0,37,113,2056.095780448983,2908.244353088577,710.8574149045521,5675.197548442113,238.12783973502215,360,277b20e8eb55e0c656b9ef524d3b4bfb42d59c20116e83ad6d0b8d2f83e039e6,True
M0361,80,54,0,32,86,1216.4926830012073,2375.138252163362,1032.8278344000998,4624.458769564669,275.6278352089544,361,277b20e8eb55e0c656b9ef524d3b4bfb42d59c20116e83ad6d0b8d2f83e039e6,True
M0362,86,69,0,33,102,1956.155365416567,1757.0008238028374,1406.6644845745554,5119.82067379396,0.0,362,277b20e8eb55e0c656b9ef524d3b4bfb42d59c20116e83ad6d0b8d2f83e039e6,True
M0363,110,78,0,44,122,1763.7275928778447,2591.8862349653377,664.2586511486187,5019.8724789918015,15.849681105324109,363,277b20e8eb55e0c656b9ef524d3b4bfb42d59c20116e83ad6d0b8d2f83e039e6,True
M0364,99,62,0,35,97,1486.6726584954804,2133.5867710895973,1508.434915984522,5128.6943455696,332.96379779210974,364,277b20e8eb55e0c656b9ef524d3b4bfb42d59c20116e83ad6d0b8d2f83e039e6,True
M0365,93,71,0,39,110,1990.5698759667557,2721.484484415999,667.4052081599729,5379.4595685427275,0.0,365,277b20e8eb55e0c656b9ef524d3b4bfb42d59c20116e83ad6d0b8d2f83e039e6,True
M0366,89,65,1,32,98,2004.0477456386095,2062.7265493935506,1103.0709871073,5169.84528213946,95.90064924974186,366,277b20e8eb55e0c656b9ef524d3b4bfb42d59c20116e83ad6d0b8d2f83e039e6,True
M0367,108,68,1,45,114,1712.9007539537286,3212.7212861450485,1968.49385755101,6894.115897649786,226.97593608306153,367,277b20e8eb55e0c656b9ef524d3b4bfb42d59c20116e83ad6d0b8d2f83e039e6,True
M0368,105,70,0,49,119,1939.1476634355836,3425.882948197505,717.3038683009753,6082.334479934064,836.103764953775,368,277b20e8eb55e0c656b9ef524d3b4bfb42d59c20116e83ad6d0b8d2f83e039e6,True
M0369,90,64,0,41,105,1760.5752811592372,2579.873896785178,596.7636006705334,4937.212778614949,105.76700121277207,369,277b20e8eb55e0c656b9ef524d3b4bfb42d59c20116e83ad6d0b8d2f83e039e6,True
M0370,84,63,1,27,91,1673.0976024428574,1794.2966684375574,288.0112702589387,3755.4055411393533,244.1879606454462,370,277b20e8eb55e0c656b9ef524d3b4bfb42d59c20116e83ad6d0b8d2f83e039e6,True
M0371,93,62,0,38,100,1467.6493338722291,2401.6864945310626,857.1394567902092,4726.475285193501,453.74477410429444,371,277b20e8eb55e0c656b9ef524d3b4bfb42d59c20116e83ad6d0b8d2f83e039e6,True
M0372,101,78,0,51,129,2137.0140330041595,3249.353515965881,797.4777610187224,6183.845309988762,368.39484304371524,372,277b20e8eb55e0c656b9ef524d3b4bfb42d59c20116e83ad6d0b8d2f83e039e6,True
M0373,109,81,0,46,127,2111.4721419861175,2803.971773243348,965.2864034944604,5880.730318723926,485.9732726610635,373,277b20e8eb55e0c656b9ef524d3b4bfb42d59c20116e83ad6d0b8d2f83e039e6,True
M0374,106,81,1,47,129,2017.6007920647946,2934.9396488818365,594.648343083958,5547.188784030589,199.3131899574778,374,277b20e8eb55e0c656b9ef524d3b4bfb42d59c20116e83ad6d0b8d2f83e039e6,True
M0375,111,78,1,46,125,2042.0768650880277,3071.923115716001,1529.4845166041903,6643.484497408219,330.6580703655434,375,277b20e8eb55e0c656b9ef524d3b4bfb42d59c20116e83ad6d0b8d2f83e039e6,True
M0376,99,66,0,43,109,1688.2912241553722,3106.333806766516,1177.5137325513401,5972.138763473229,365.67776219431767,376,277b20e8eb55e0c656b9ef524d3b4bfb42d59c20116e83ad6d0b8d2f83e039e6,True
M0377,92,57,0,45,102,1736.0650623598333,2752.9941338750637,951.3992802649882,5440.458476499885,82.9581324164045,377,277b20e8eb55e0c656b9ef524d3b4bfb42d59c20116e83ad6d0b8d2f83e039e6,True
M0378,104,62,1,42,105,1874.280389695207,2471.7701009241982,1612.67743831685,5958.727928936256,32.96704223085837,378,277b20e8eb55e0c656b9ef524d3b4bfb42d59c20116e83ad6d0b8d2f83e039e6,True
M0379,98,68,1,39,108,1853.8596237606896,2391.0600527017264,801.774275074859,5046.693951537275,0.0,379,277b20e8eb55e0c656b9ef524d3b4bfb42d59c20116e83ad6d0b8d2f83e039e6,True
M0380,95,61,0,36,97,1589.1462786126524,2276.8086999568595,504.02917494844473,4369.984153517957,143.83774962243433,380,277b20e8eb55e0c656b9ef524d3b4bfb42d59c20116e83ad6d0b8d2f83e039e6,True
M0381,111,79,1,43,123,2109.5702960286467,2728.868160719597,1489.589349646149,6328.027806394393,51.76494901059348,381,277b20e8eb55e0c656b9ef524d3b4bfb42d59c20116e83ad6d0b8d2f83e039e6,True
M0382,98,65,0,36,101,1566.6294786403087,2264.0341906501417,830.1242390232511,4660.787908313701,63.06836109168822,382,277b20e8eb55e0c656b9ef524d3b4bfb42d59c20116e83ad6d0b8d2f83e039e6,True
M0383,92,60,0,40,100,1633.0776666465829,2654.9207307568004,92.24515573963323,4380.2435531430165,259.7357790813709,383,277b20e8eb55e0c656b9ef524d3b4bfb42d59c20116e83ad6d0b8d2f83e039e6,True
M0384,89,70,0,34,104,1689.2897675310082,2030.781007309416,479.9388503962225,4200.009625236647,55.016035694009645,384,277b20e8eb55e0c656b9ef524d3b4bfb42d59c20116e83ad6d0b8d2f83e039e6,True
M0385,105,74,0,44,118,1944.1493231554382,2265.8191773634508,782.3816147534019,4992.350115272291,51.636818294069,385,277b20e8eb55e0c656b9ef524d3b4bfb42d59c20116e83ad6d0b8d2f83e039e6,True
M0386,117,75,1,50,126,2124.6899490128976,3009.802423960477,650.5468264515316,5785.039199424906,80.04878121113549,386,277b20e8eb55e0c656b9ef524d3b4bfb42d59c20116e83ad6d0b8d2f83e039e6,True
M0387,90,58,0,36,94,1572.522006627141,2363.7197225022405,1369.7088867443608,5305.950615873742,369.7000851582022,387,277b20e8eb55e0c656b9ef524d3b4bfb42d59c20116e83ad6d0b8d2f83e039e6,True
M0388,92,64,0,36,100,1942.5735065098959,2610.629940558058,411.95939851688865,4965.162845584842,204.67334663535124,388,277b20e8eb55e0c656b9ef524d3b4bfb42d59c20116e83ad6d0b8d2f83e039e6,True
M0389,107,74,2,43,119,2244.661471449788,2735.6610175290757,1311.5036339476808,6291.8261229265445,337.5086980732726,389,277b20e8eb55e0c656b9ef524d3b4bfb42d59c20116e83ad6d0b8d2f83e039e6,True
M0390,93,66,0,38,104,1642.088382527569,2865.1013366838606,616.7899193697119,5123.979638581141,264.1480203178323,390,277b20e8eb55e0c656b9ef524d3b4bfb42d59c20116e83ad6d0b8d2f83e039e6,True
M0391,86,63,0,45,108,1732.914372330288,2459.2538149297898,926.451161335049,5118.619348595126,0.0,391,277b20e8eb55e0c656b9ef524d3b4bfb42d59c20116e83ad6d0b8d2f83e039e6,True
M0392,101,74,0,41,115,2060.878108838941,2690.7666812635703,533.1573787502894,5284.802168852801,185.72778511493337,392,277b20e8eb55e0c656b9ef524d3b4bfb42d59c20116e83ad6d0b8d2f83e039e6,True
M0393,81,54,0,28,82,1304.875790154465,2861.259867620822,0,4166.135657775287,784.221608819407,393,277b20e8eb55e0c656b9ef524d3b4bfb42d59c20116e83ad6d0b8d2f83e039e6,True
M0394,118,79,0,49,128,2094.024641902867,3210.516492620124,1606.1683670414188,6910.70950156441,756.184940369808,394,277b20e8eb55e0c656b9ef524d3b4bfb42d59c20116e83ad6d0b8d2f83e039e6,True
M0395,109,74,0,40,114,2006.605003295891,1992.0558853513894,1070.1129207665851,5068.773809413866,4.559438553498325,395,277b20e8eb55e0c656b9ef524d3b4bfb42d59c20116e83ad6d0b8d2f83e039e6,True
M0396,98,72,2,40,114,2071.7928140792455,2169.592172041223,421.4644532298783,4662.849439350347,186.22337689914244,396,277b20e8eb55e0c656b9ef524d3b4bfb42d59c20116e83ad6d0b8d2f83e039e6,True
M0397,105,70,1,47,118,2311.418412170661,2926.1831146832014,756.6800963255596,5994.281623179422,166.71216635508313,397,277b20e8eb55e0c656b9ef524d3b4bfb42d59c20116e83ad6d0b8d2f83e039e6,True
M0398,101,71,0,44,115,2030.060964044019,2622.8747539370684,917.059171596453,5569.994889577541,1321.6635478799767,398,277b20e8eb55e0c656b9ef524d3b4bfb42d59c20116e83ad6d0b8d2f83e039e6,True
M0399,106,80,0,43,123,1980.581328889792,2501.7207195734954,1744.576746581961,6226.878795045248,171.45385946793633,399,277b20e8eb55e0c656b9ef524d3b4bfb42d59c20116e83ad6d0b8d2f83e039e6,True
M0400,90,54,0,42,96,1478.6506272423865,2633.6506702190145,366.37710926184695,4478.678406723248,87.43127964562332,400,277b20e8eb55e0c656b9ef524d3b4bfb42d59c20116e83ad6d0b8d2f83e039e6,True
M0401,82,55,1,38,94,1449.024976151973,2081.931482853226,443.504051003934,3974.460510009133,149.81567982879542,401,277b20e8eb55e0c656b9ef524d3b4bfb42d59c20116e83ad6d0b8d2f83e039e6,True
M0402,112,81,0,41,122,1971.4516956369644,2406.699135080993,1049.1198922214994,5427.270722939456,121.60224058319396,402,277b20e8eb55e0c656b9ef524d3b4bfb42d59c20116e83ad6d0b8d2f83e039e6,True
M0403,109,80,1,43,124,2085.654915356509,2516.1873430594515,797.2549868236079,5399.097245239567,123.6631208047366,403,277b20e8eb55e0c656b9ef524d3b4bfb42d59c20116e83ad6d0b8d2f83e039e6,True
M0404,95,69,0,35,104,1905.5677214849559,2497.2356704709737,1089.6463002356975,5492.449692191627,59.75030896579649,404,277b20e8eb55e0c656b9ef524d3b4bfb42d59c20116e83ad6d0b8d2f83e039e6,True
M0405,106,75,0,37,112,2143.8615914812212,2229.535443273091,878.8147867563805,5252.211821510693,0.0,405,277b20e8eb55e0c656b9ef524d3b4bfb42d59c20116e83ad6d0b8d2f83e039e6,True
M0406,107,71,0,32,103,1845.9178762319682,1846.7581667044387,191.4783330234893,3884.1543759598962,25.004922276816743,406,277b20e8eb55e0c656b9ef524d3b4bfb42d59c20116e83ad6d0b8d2f83e039e6,True
M0407,107,81,0,40,121,1871.830766584284,2474.0078258094254,212.98128874488356,4558.819881138593,325.36671258485785,407,277b20e8eb55e0c656b9ef524d3b4bfb42d59c20116e83ad6d0b8d2f83e039e6,True
M0408,111,82,2,44,128,2438.8630595604827,2646.427380678959,731.6049466819725,5816.895386921414,38.039783303294655,408,277b20e8eb55e0c656b9ef524d3b4bfb42d59c20116e83ad6d0b8d2f83e039e6,True
M0409,107,81,0,40,121,2046.5785144892152,2524.0206173445995,890.5225679268736,5461.121699760688,357.12148220442106,409,277b20e8eb55e0c656b9ef524d3b4bfb42d59c20116e83ad6d0b8d2f83e039e6,True
M0410,98,65,0,43,108,1520.4165202091153,3146.94960854828,888.4991963153233,5555.865325072719,133.33625192921284,410,277b20e8eb55e0c656b9ef524d3b4bfb42d59c20116e83ad6d0b8d2f83e039e6,True
M0411,108,75,1,42,118,2173.9764599923556,2483.828439570903,353.5884706538559,5011.393370217114,267.32414546731013,411,277b20e8eb55e0c656b9ef524d3b4bfb42d59c20116e83ad6d0b8d2f83e039e6,True
M0412,85,61,0,32,93,1474.396204800896,2003.7759568802778,1664.6356700088825,5142.807831690056,206.67867460251642,412,277b20e8eb55e0c656b9ef524d3b4bfb42d59c20116e83ad6d0b8d2f83e039e6,True
M0413,88,65,0,37,102,1833.2900348666237,2207.0984785781334,887.9551509170661,4928.343664361823,225.4419287910344,413,277b20e8eb55e0c656b9ef524d3b4bfb42d59c20116e83ad6d0b8d2f83e039e6,True
M0414,90,66,0,28,94,1712.2443025718994,1760.121091779371,572.0419764372776,4044.407370788548,287.58416442052976,414,277b20e8eb55e0c656b9ef524d3b4bfb42d59c20116e83ad6d0b8d2f83e039e6,True
M0415,82,59,0,30,89,1649.6075796108314,1685.3703809388194,891.3036335001411,4226.281594049791,241.30067936253784,415,277b20e8eb55e0c656b9ef524d3b4bfb42d59c20116e83ad6d0b8d2f83e039e6,True
M0416,92,66,1,37,104,1648.59952177496,2088.548757856439,793.9112789923387,4531.059558623738,133.89952631215053,416,277b20e8eb55e0c656b9ef524d3b4bfb42d59c20116e83ad6d0b8d2f83e039e6,True
M0417,93,62,0,35,97,1433.1513479956025,1822.8340713441723,298.3941841032037,3554.379603442979,135.64925954724447,417,277b20e8eb55e0c656b9ef524d3b4bfb42d59c20116e83ad6d0b8d2f83e039e6,True
M0418,110,76,0,49,125,1903.9732266398246,2933.3859558521767,779.4628663083431,5616.822048800344,203.75726379665397,418,277b20e8eb55e0c656b9ef524d3b4bfb42d59c20116e83ad6d0b8d2f83e039e6,True
M0419,113,73,0,40,113,1840.086905525876,3011.9253182148364,1914.7434578173293,6766.755681558041,243.4723774549261,419,277b20e8eb55e0c656b9ef524d3b4bfb42d59c20116e83ad6d0b8d2f83e039e6,True
M0420,96,61,0,36,97,1478.4117486517725,2225.464389581061,1247.488715455689,4951.364853688523,179.91996898895997,420,277b20e8eb55e0c656b9ef524d3b4bfb42d59c20116e83ad6d0b8d2f83e039e6,True
M0421,112,70,1,40,111,1931.0672416253105,3109.5454447450034,192.27788353532196,5232.890569905636,331.31009313691925,421,277b20e8eb55e0c656b9ef524d3b4bfb42d59c20116e83ad6d0b8d2f83e039e6,True
M0422,92,63,0,37,100,1857.9051928098108,2145.1213346041677,967.3238745258684,4970.350401939847,11.88226519396035,422,277b20e8eb55e0c656b9ef524d3b4bfb42d59c20116e83ad6d0b8d2f83e039e6,True
M0423,105,66,0,54,120,1864.5714562678465,3231.403737693771,513.3382870235978,5609.3134809852145,338.5680103651354,423,277b20e8eb55e0c656b9ef524d3b4bfb42d59c20116e83ad6d0b8d2f83e039e6,True
M0424,92,58,1,44,103,1398.8320104280335,3459.2022872268544,457.6098922223038,5315.644189877192,361.71880129533037,424,277b20e8eb55e0c656b9ef524d3b4bfb42d59c20116e83ad6d0b8d2f83e039e6,True
M0425,107,79,1,49,129,2352.3302449398498,2642.0666168754424,1339.7916990005597,6334.188560815852,0.0,425,277b20e8eb55e0c656b9ef524d3b4bfb42d59c20116e83ad6d0b8d2f83e039e6,True
M0426,100,67,0,39,106,1720.669576196121,2360.072452290973,834.215353262931,4914.957381750025,350.7431051343061,426,277b20e8eb55e0c656b9ef524d3b4bfb42d59c20116e83ad6d0b8d2f83e039e6,True
M0427,96,61,1,46,108,1809.1630663600176,2603.743996449647,956.7456711078053,5369.65273391747,141.2388765760017,427,277b20e8eb55e0c656b9ef524d3b4bfb42d59c20116e83ad6d0b8d2f83e039e6,True
M0428,98,69,0,39,108,2007.481010055451,2235.1558374981487,726.8477601792001,4969.4846077328,645.5455359836513,428,277b20e8eb55e0c656b9ef524d3b4bfb42d59c20116e83ad6d0b8d2f83e039e6,True
M0429,106,65,0,46,111,1734.1415441512704,2547.1523522677844,1598.6505207462108,5879.944417165265,39.12560906926704,429,277b20e8eb55e0c656b9ef524d3b4bfb42d59c20116e83ad6d0b8d2f83e039e6,True
M0430,97,68,1,42,111,1637.5810560459474,3028.188108691664,737.8747438700344,5403.643908607646,306.3430168840151,430,277b20e8eb55e0c656b9ef524d3b4bfb42d59c20116e83ad6d0b8d2f83e039e6,True
M0431,82,54,1,23,78,1462.3395245323632,1576.3828713605028,389.8446652298298,3428.567061122696,2.327191925596125,431,277b20e8eb55e0c656b9ef524d3b4bfb42d59c20116e83ad6d0b8d2f83e039e6,True
M0432,102,70,1,48,119,1962.4051387084062,2622.165392787494,941.6052065920028,5526.1757380879035,116.77969926287747,432,277b20e8eb55e0c656b9ef524d3b4bfb42d59c20116e83ad6d0b8d2f83e039e6,True
M0433,113,73,2,38,113,2205.6753321587626,2710.2650600086554,917.2209193729018,5833.16131154032,157.18056435282483,433,277b20e8eb55e0c656b9ef524d3b4bfb42d59c20116e83ad6d0b8d2f83e039e6,True
M0434,82,61,0,36,97,1777.081320919908,2647.0739920640026,655.0369838045086,5079.192296788419,38.11451212550131,434,277b20e8eb55e0c656b9ef524d3b4bfb42d59c20116e83ad6d0b8d2f83e039e6,True
M0435,96,63,0,33,96,1689.3674575649497,2215.363822565728,92.57193701609384,3997.303217146771,79.39068050379643,435,277b20e8eb55e0c656b9ef524d3b4bfb42d59c20116e83ad6d0b8d2f83e039e6,True
M0436,103,71,2,38,111,1939.543588050668,2847.414287340029,307.59745764505374,5094.555333035751,71.03194668241477,436,277b20e8eb55e0c656b9ef524d3b4bfb42d59c20116e83ad6d0b8d2f83e039e6,True
M0437,92,67,0,37,104,1826.4023575344902,2464.530976312966,841.9657906650749,5132.899124512531,64.83375436111488,437,277b20e8eb55e0c656b9ef524d3b4bfb42d59c20116e83ad6d0b8d2f83e039e6,True
M0438,81,50,0,36,86,1261.1901203637474,2138.7509363059644,586.2980177787049,3986.2390744484164,57.77009768066293,438,277b20e8eb55e0c656b9ef524d3b4bfb42d59c20116e83ad6d0b8d2f83e039e6,True
M0439,106,74,0,51,125,1964.6425779816861,2631.860989636059,1697.2654245561785,6293.768992173924,17.7079762636304,439,277b20e8eb55e0c656b9ef524d3b4bfb42d59c20116e83ad6d0b8d2f83e039e6,True
M0440,109,85,0,42,127,2527.8242234748914,2994.729735649607,1123.7642364335666,6646.318195558064,412.1260867269307,440,277b20e8eb55e0c656b9ef524d3b4bfb42d59c20116e83ad6d0b8d2f83e039e6,True
M0441,97,69,0,46,115,1820.2073510215969,2663.162697984916,2230.9112202490933,6714.281269255606,468.85421745035353,441,277b20e8eb55e0c656b9ef524d3b4bfb42d59c20116e83ad6d0b8d2f83e039e6,True
M0442,109,73,0,40,113,1795.192255683318,2666.9473134714585,646.257135779008,5108.396704933784,306.02479154916875,442,277b20e8eb55e0c656b9ef524d3b4bfb42d59c20116e83ad6d0b8d2f83e039e6,True
M0443,106,71,0,45,116,1860.9385631608388,3041.4810427264574,557.0677693573457,5459.487375244642,80.43227739543201,443,277b20e8eb55e0c656b9ef524d3b4bfb42d59c20116e83ad6d0b8d2f83e039e6,True
M0444,94,61,2,36,99,1995.143434234204,2473.8987199235253,1590.1199602757408,6059.1621144334695,280.35681114381447,444,277b20e8eb55e0c656b9ef524d3b4bfb42d59c20116e83ad6d0b8d2f83e039e6,True
M0445,102,72,0,37,109,1932.8020515449925,2445.403418576338,1183.502377885761,5561.707848007092,381.79665699080783,445,277b20e8eb55e0c656b9ef524d3b4bfb42d59c20116e83ad6d0b8d2f83e039e6,True
M0446,88,60,1,37,98,1451.7586154882513,2668.1749219690587,681.5504594775714,4801.483996934881,374.33755313687664,446,277b20e8eb55e0c656b9ef524d3b4bfb42d59c20116e83ad6d0b8d2f83e039e6,True
M0447,93,61,0,37,98,1564.9839645257043,2919.6371083744802,484.81689232511854,4969.437965225304,325.310371625621,447,277b20e8eb55e0c656b9ef524d3b4bfb42d59c20116e83ad6d0b8d2f83e039e6,True
M0448,95,69,1,37,107,1811.6003888084083,2365.6649920903524,873.1804657957927,5050.445846694553,73.90726192572252,448,277b20e8eb55e0c656b9ef524d3b4bfb42d59c20116e83ad6d0b8d2f83e039e6,True
M0449,95,68,0,38,106,1488.6286972723194,1983.4314014234224,830.271509665682,4302.331608361424,275.41766136484364,449,277b20e8eb55e0c656b9ef524d3b4bfb42d59c20116e83ad6d0b8d2f83e039e6,True
M0450,91,60,0,44,104,2234.281872774185,2841.5368616926257,1268.530825673958,6344.349560140769,507.0902327752535,450,277b20e8eb55e0c656b9ef524d3b4bfb42d59c20116e83ad6d0b8d2f83e039e6,True
M0451,97,68,0,36,104,1460.759604044611,2562.4980448116826,913.819888489004,4937.077537345298,242.41742612642906,451,277b20e8eb55e0c656b9ef524d3b4bfb42d59c20116e83ad6d0b8d2f83e039e6,True
M0452,108,76,0,35,111,2222.9796943845686,2137.7174589644346,1133.8536305084485,5494.550783857452,255.88925421105085,452,277b20e8eb55e0c656b9ef524d3b4bfb42d59c20116e83ad6d0b8d2f83e039e6,True
M0453,88,51,0,37,88,1402.0034020609473,2084.8266608221356,911.9742605697509,4398.804323452834,27.003987011214093,453,277b20e8eb55e0c656b9ef524d3b4bfb42d59c20116e83ad6d0b8d2f83e039e6,True
M0454,98,67,0,39,106,1825.537754922057,2464.4214663106522,743.361039918795,5033.320261151504,86.51482260103636,454,277b20e8eb55e0c656b9ef524d3b4bfb42d59c20116e83ad6d0b8d2f83e039e6,True
M0455,95,68,0,34,102,1584.8699281188256,1520.2661492998009,835.6555118022527,3940.7915892208794,42.699857447395004,455,277b20e8eb55e0c656b9ef524d3b4bfb42d59c20116e83ad6d0b8d2f83e039e6,True
M0456,100,65,0,50,115,1682.7610658792619,2967.7817276044702,1373.511462785623,6024.0542562693545,459.60687984000634,456,277b20e8eb55e0c656b9ef524d3b4bfb42d59c20116e83ad6d0b8d2f83e039e6,True
M0457,101,76,0,39,115,1953.0329669047699,2683.2870485149483,643.3694995876033,5279.6895150073215,56.448705300292204,457,277b20e8eb55e0c656b9ef524d3b4bfb42d59c20116e83ad6d0b8d2f83e039e6,True
M0458,108,87,1,42,130,2568.7804548590343,2677.7930333483255,1411.9720882668482,6658.545576474207,108.71459364048147,458,277b20e8eb55e0c656b9ef524d3b4bfb42d59c20116e83ad6d0b8d2f83e039e6,True
M0459,108,72,0,42,114,2013.127341030453,3302.122099001704,861.7999730649293,6177.0494130970865,132.22356079958848,459,277b20e8eb55e0c656b9ef524d3b4bfb42d59c20116e83ad6d0b8d2f83e039e6,True
M0460,94,66,1,44,111,2003.2464838925303,2810.211875973909,329.169090728907,5142.627450595346,63.12975906477203,460,277b20e8eb55e0c656b9ef524d3b4bfb42d59c20116e83ad6d0b8d2f83e039e6,True
M0461,113,80,0,42,122,2419.8172766337334,2305.134122824728,428.59486941360865,5153.54626887207,67.76802687464271,461,277b20e8eb55e0c656b9ef524d3b4bfb42d59c20116e83ad6d0b8d2f83e039e6,True
M0462,122,84,0,48,132,2541.61355175091,2695.489012475252,645.4414730204687,5882.544037246631,110.44346123865685,462,277b20e8eb55e0c656b9ef524d3b4bfb42d59c20116e83ad6d0b8d2f83e039e6,True
M0463,95,73,0,43,116,1851.4396923918382,2917.0996211017286,655.7347419428366,5424.274055436404,438.0033163392476,463,277b20e8eb55e0c656b9ef524d3b4bfb42d59c20116e83ad6d0b8d2f83e039e6,True
M0464,84,59,0,29,88,1556.3825247039347,1761.8557744182485,407.67975972103864,3725.918058843222,277.14378085551095,464,277b20e8eb55e0c656b9ef524d3b4bfb42d59c20116e83ad6d0b8d2f83e039e6,True
M0465,90,68,0,32,100,2020.3098323731058,1982.3180685144919,549.0585250300211,4551.686425917619,602.3823344900542,465,277b20e8eb55e0c656b9ef524d3b4bfb42d59c20116e83ad6d0b8d2f83e039e6,True
M0466,100,70,1,46,117,1855.2376149300694,3153.980672604199,359.7641191796336,5368.982406713902,513.8310089817435,466,277b20e8eb55e0c656b9ef524d3b4bfb42d59c20116e83ad6d0b8d2f83e039e6,True
M0467,94,69,0,39,108,1933.8922203546788,2276.9966248396586,1073.6081803007037,5284.497025495041,271.76298094860755,467,277b20e8eb55e0c656b9ef524d3b4bfb42d59c20116e83ad6d0b8d2f83e039e6,True
M0468,113,72,0,40,112,1977.319972598812,2398.6134578689876,920.2356349980481,5296.169065465848,260.1881044661048,468,277b20e8eb55e0c656b9ef524d3b4bfb42d59c20116e83ad6d0b8d2f83e039e6,True
M0469,93,71,1,32,104,1892.012675886342,2225.058500009791,424.68451079417457,4541.755686690308,104.73660032799691,469,277b20e8eb55e0c656b9ef524d3b4bfb42d59c20116e83ad6d0b8d2f83e039e6,True
M0470,114,77,1,41,119,1781.908344577687,2472.0417073026115,1421.7407956761162,5675.690847556415,240.88312034868613,470,277b20e8eb55e0c656b9ef524d3b4bfb42d59c20116e83ad6d0b8d2f83e039e6,True
M0471,95,61,1,42,104,1647.8164862793153,2555.9802103011375,1388.3893594704903,5592.186056050943,152.30432484759456,471,277b20e8eb55e0c656b9ef524d3b4bfb42d59c20116e83ad6d0b8d2f83e039e6,True
M0472,85,66,0,29,95,1916.9603751446223,1833.0511046867875,411.0819928979562,4161.093472729366,0.0,472,277b20e8eb55e0c656b9ef524d3b4bfb42d59c20116e83ad6d0b8d2f83e039e6,True
M0473,103,68,0,32,100,1760.851420265907,2018.896525978348,278.69162825666206,4058.4395745009174,0.0,473,277b20e8eb55e0c656b9ef524d3b4bfb42d59c20116e83ad6d0b8d2f83e039e6,True
M0474,113,78,0,52,130,1814.4403882504569,3548.7576705451056,1232.3925886016866,6595.590647397249,13.630111154439945,474,277b20e8eb55e0c656b9ef524d3b4bfb42d59c20116e83ad6d0b8d2f83e039e6,True
M0475,94,65,0,41,106,1823.012129006115,2359.0820338358512,1213.1056410909891,5395.199803932956,0.0,475,277b20e8eb55e0c656b9ef524d3b4bfb42d59c20116e83ad6d0b8d2f83e039e6,True
M0476,101,70,0,48,118,2033.376547856937,3053.491102889203,712.2280439332449,5799.095694679385,4.3566395323354925,476,277b20e8eb55e0c656b9ef524d3b4bfb42d59c20116e83ad6d0b8d2f83e039e6,True
M0477,105,73,0,46,119,1994.2431249089548,2768.8370073166516,733.6301531925869,5496.710285418194,252.0294465639759,477,277b20e8eb55e0c656b9ef524d3b4bfb42d59c20116e83ad6d0b8d2f83e039e6,True
M0478,93,65,1,40,106,1932.9579928214687,2482.2072771622593,1248.4732013065147,5663.638471290243,121.56827178165466,478,277b20e8eb55e0c656b9ef524d3b4bfb42d59c20116e83ad6d0b8d2f83e039e6,True
M0479,113,79,0,49,128,2232.0864172231304,2731.3653427410504,1718.3154862984811,6681.7672462626615,279.5658781455549,479,277b20e8eb55e0c656b9ef524d3b4bfb42d59c20116e83ad6d0b8d2f83e039e6,True
M0480,116,82,0,48,130,2341.466823396752,2937.861517442362,1919.7321336948914,7199.060474534006,174.63662939090932,480,277b20e8eb55e0c656b9ef524d3b4bfb42d59c20116e83ad6d0b8d2f83e039e6,True
M0481,104,74,1,51,126,2928.0061782846515,4276.295623316065,956.5694764822606,8160.871278082977,1406.1760484909119,481,277b20e8eb55e0c656b9ef524d3b4bfb42d59c20116e83ad6d0b8d2f83e039e6,True
M0482,98,67,0,51,118,1961.4590584175291,3243.217017408585,1122.0086922559085,6326.684768082023,245.33362984113379,482,277b20e8eb55e0c656b9ef524d3b4bfb42d59c20116e83ad6d0b8d2f83e039e6,True
M0483,92,69,0,41,110,1817.552765548518,2746.025165349998,277.04705418132124,4840.624985079838,124.78198173950437,483,277b20e8eb55e0c656b9ef524d3b4bfb42d59c20116e83ad6d0b8d2f83e039e6,True
M0484,91,65,1,31,97,1700.9845508690016,1889.3646813285773,836.6610169898454,4427.010249187424,43.38234377873815,484,277b20e8eb55e0c656b9ef524d3b4bfb42d59c20116e83ad6d0b8d2f83e039e6,True
M0485,102,72,2,55,129,2197.4506094311682,3548.509689779035,838.1190689292807,6584.079368139483,252.1586469357441,485,277b20e8eb55e0c656b9ef524d3b4bfb42d59c20116e83ad6d0b8d2f83e039e6,True
M0486,86,56,0,33,89,2027.5099848064533,2425.064847212926,345.97306897383373,4798.547900993213,205.92221028659122,486,277b20e8eb55e0c656b9ef524d3b4bfb42d59c20116e83ad6d0b8d2f83e039e6,True
M0487,88,61,0,41,102,1760.9990929988335,2557.052057945634,1112.1898793197645,5430.241030264232,261.5838210232446,487,277b20e8eb55e0c656b9ef524d3b4bfb42d59c20116e83ad6d0b8d2f83e039e6,True
M0488,97,68,1,42,111,1959.1979875662375,2865.5158801555153,1950.871723884298,6775.585591606051,223.71701689943882,488,277b20e8eb55e0c656b9ef524d3b4bfb42d59c20116e83ad6d0b8d2f83e039e6,True
M0489,96,70,1,39,110,1928.5689085014637,2146.14159346795,1478.3924060711431,5553.102908040557,185.25548251687354,489,277b20e8eb55e0c656b9ef524d3b4bfb42d59c20116e83ad6d0b8d2f83e039e6,True
M0490,101,68,1,34,103,1715.9729418069019,1945.3359077250468,753.7374312195561,4415.046280751505,216.16137579890386,490,277b20e8eb55e0c656b9ef524d3b4bfb42d59c20116e83ad6d0b8d2f83e039e6,True
M0491,84,53,1,42,96,1603.4751674188715,2437.0731299165,599.4788804298585,4640.02717776523,134.43388369773112,491,277b20e8eb55e0c656b9ef524d3b4bfb42d59c20116e83ad6d0b8d2f83e039e6,True
M0492,107,67,0,35,102,1993.529209530384,2451.410802720764,103.79233702288845,4548.732349274036,151.4450732438522,492,277b20e8eb55e0c656b9ef524d3b4bfb42d59c20116e83ad6d0b8d2f83e039e6,True
M0493,88,65,2,39,106,2084.5250744253094,2468.192627474377,1528.2407840974372,6080.958485997124,306.76830654575525,493,277b20e8eb55e0c656b9ef524d3b4bfb42d59c20116e83ad6d0b8d2f83e039e6,True
M0494,98,61,0,39,100,1966.9657881260182,2577.5980635243573,913.4697578596137,5458.033609509988,328.10072222087786,494,277b20e8eb55e0c656b9ef524d3b4bfb42d59c20116e83ad6d0b8d2f83e039e6,True
M0495,101,78,0,41,119,1878.196016676393,2904.148452881456,1163.3347314655941,5945.679201023443,437.4088292164353,495,277b20e8eb55e0c656b9ef524d3b4bfb42d59c20116e83ad6d0b8d2f83e039e6,True
M0496,101,77,0,40,117,1630.3010005587312,2349.1944309229325,884.2471592389788,4863.7425907206425,186.39117301404335,496,277b20e8eb55e0c656b9ef524d3b4bfb42d59c20116e83ad6d0b8d2f83e039e6,True
M0497,96,64,1,35,100,2329.9173683729764,2626.151282609627,424.7458854369565,5380.814536419559,67.01211824458483,497,277b20e8eb55e0c656b9ef524d3b4bfb42d59c20116e83ad6d0b8d2f83e039e6,True
M0498,95,70,0,30,100,1823.4777994459862,1446.3134761398078,1221.3485076681643,4491.139783253959,5.247114373598393,498,277b20e8eb55e0c656b9ef524d3b4bfb42d59c20116e83ad6d0b8d2f83e039e6,True
M0499,99,75,0,36,111,1989.4626728685216,1961.004357386483,1128.9888128802452,5079.45584313525,0.9607807899819534,499,277b20e8eb55e0c656b9ef524d3b4bfb42d59c20116e83ad6d0b8d2f83e039e6,True
M0500,98,68,0,39,107,1834.3673071302087,2460.7866879195176,667.4656009437707,4962.619595993497,567.324404111302,500,277b20e8eb55e0c656b9ef524d3b4bfb42d59c20116e83ad6d0b8d2f83e039e6,True
M0501,127,94,0,53,147,2625.215836267667,2968.8890543328507,755.0883891382664,6349.193279738784,331.5136759523191,501,277b20e8eb55e0c656b9ef524d3b4bfb42d59c20116e83ad6d0b8d2f83e039e6,True
M0502,100,67,0,49,116,2226.3295124339515,3230.0830307700867,1307.5593196691177,6763.971862873156,332.5970945586856,502,277b20e8eb55e0c656b9ef524d3b4bfb42d59c20116e83ad6d0b8d2f83e039e6,True
M0503,88,55,0,28,83,1635.3466183831083,1637.8635548427635,240.9509432577245,3514.1611164835963,27.664546122319848,503,277b20e8eb55e0c656b9ef524d3b4bfb42d59c20116e83ad6d0b8d2f83e039e6,True
M0504,110,79,0,61,140,2188.1542773618394,3715.252783291414,2405.413722610508,8308.820783263762,0.0,504,277b20e8eb55e0c656b9ef524d3b4bfb42d59c20116e83ad6d0b8d2f83e039e6,True
M0505,85,57,0,31,88,1726.6451787485491,1817.4948553916747,1433.2265655882666,4977.366599728491,166.9635279042881,505,277b20e8eb55e0c656b9ef524d3b4bfb42d59c20116e83ad6d0b8d2f83e039e6,True
M0506,95,73,1,35,109,2036.1779109271629,2010.695512185393,432.91967904399485,4479.793102156551,33.185436152453406,506,277b20e8eb55e0c656b9ef524d3b4bfb42d59c20116e83ad6d0b8d2f83e039e6,True
M0507,105,79,1,43,123,2095.6011458639728,2789.971302005108,684.0897928464278,5569.662240715508,402.31489690851265,507,277b20e8eb55e0c656b9ef524d3b4bfb42d59c20116e83ad6d0b8d2f83e039e6,True
M0508,98,80,1,36,117,2177.6558388103026,2164.8191657559328,557.3803686077381,4899.855373173973,182.0082459755019,508,277b20e8eb55e0c656b9ef524d3b4bfb42d59c20116e83ad6d0b8d2f83e039e6,True
M0509,118,96,0,46,142,2826.745893732153,2128.7099083572803,1506.313355244927,6461.76915733436,31.908906780804045,509,277b20e8eb55e0c656b9ef524d3b4bfb42d59c20116e83ad6d0b8d2f83e039e6,True
M0510,117,85,0,44,129,2171.1972900798864,2902.0338522379325,763.8523800792019,5837.083522397021,79.2312603343351,510,277b20e8eb55e0c656b9ef524d3b4bfb42d59c20116e83ad6d0b8d2f83e039e6,True
M0511,117,79,1,44,124,1992.1043619278878,2878.891631494,283.1109600948178,5154.106953516705,75.020164791887,511,277b20e8eb55e0c656b9ef524d3b4bfb42d59c20116e83ad6d0b8d2f83e039e6,True
M0512,118,70,1,51,122,1897.7030663239632,4019.021997486691,1439.09722587533,7355.822289685984,217.54323322272862,512,277b20e8eb55e0c656b9ef524d3b4bfb42d59c20116e83ad6d0b8d2f83e039e6,True
M0513,125,82,0,57,139,2027.7145768134862,3390.957955680656,758.4834188842657,6177.155951378409,315.41159025978936,513,277b20e8eb55e0c656b9ef524d3b4bfb42d59c20116e83ad6d0b8d2f83e039e6,True
M0514,105,80,0,45,125,2151.7626679376253,2933.2479924237086,965.5446276693865,6050.5552880307205,170.61584286350245,514,277b20e8eb55e0c656b9ef524d3b4bfb42d59c20116e83ad6d0b8d2f83e039e6,True
M0515,117,78,1,39,118,1729.193702576483,2418.406979889465,298.8380724186344,4446.4387548845825,8.230604231566815,515,277b20e8eb55e0c656b9ef524d3b4bfb42d59c20116e83ad6d0b8d2f83e039e6,True
M0516,97,66,0,45,111,1757.7102122833278,3255.8960498659376,1170.2809614758244,6183.88722362509,113.72420343762337,516,277b20e8eb55e0c656b9ef524d3b4bfb42d59c20116e83ad6d0b8d2f83e039e6,True
M0517,109,78,0,40,118,2427.573638384792,2246.2867759888213,835.1614704259323,5509.021884799546,247.47583009510276,517,277b20e8eb55e0c656b9ef524d3b4bfb42d59c20116e83ad6d0b8d2f83e039e6,True
M0518,99,75,0,46,121,2020.4888519862436,2818.424608110868,689.5663301938459,5528.479790290958,143.5766286634946,518,277b20e8eb55e0c656b9ef524d3b4bfb42d59c20116e83ad6d0b8d2f83e039e6,True
M0519,104,70,1,41,112,2009.6460019580438,2394.032005817228,1120.7442649163881,5524.42227269166,24.241474993577782,519,277b20e8eb55e0c656b9ef524d3b4bfb42d59c20116e83ad6d0b8d2f83e039e6,True
M0520,111,76,1,50,127,2057.6153556615272,3219.0759643610145,1336.7451338261333,6613.436453848675,68.73949145377142,520,277b20e8eb55e0c656b9ef524d3b4bfb42d59c20116e83ad6d0b8d2f83e039e6,True
M0521,116,77,0,56,133,2346.552197568375,3743.4804259739567,854.4730241471027,6944.505647689434,135.85724964278484,521,277b20e8eb55e0c656b9ef524d3b4bfb42d59c20116e83ad6d0b8d2f83e039e6,True
M0522,110,82,1,41,124,2137.5706798319034,2386.8012061360755,862.7916303825602,5387.16351635054,368.17201288831427,522,277b20e8eb55e0c656b9ef524d3b4bfb42d59c20116e83ad6d0b8d2f83e039e6,True
M0523,106,71,0,35,106,2204.6327609659006,2108.278625658226,857.4899811854737,5170.4013678096,639.2450340627563,523,277b20e8eb55e0c656b9ef524d3b4bfb42d59c20116e83ad6d0b8d2f83e039e6,True
M0524,123,79,0,56,135,2121.912169811829,3376.2893359944683,1020.9916214526988,6519.193127258995,143.78785953725816,524,277b20e8eb55e0c656b9ef524d3b4bfb42d59c20116e83ad6d0b8d2f83e039e6,True
M0525,99,71,0,39,110,1991.0863409511728,2838.3436523115165,1464.2958247088707,6293.72581797156,133.74515391157811,525,277b20e8eb55e0c656b9ef524d3b4bfb42d59c20116e83ad6d0b8d2f83e039e6,True
M0526,105,72,1,48,121,1909.1763876114935,3333.0215869026247,2399.2726144274843,7641.470588941602,563.2524446473752,526,277b20e8eb55e0c656b9ef524d3b4bfb42d59c20116e83ad6d0b8d2f83e039e6,True
M0527,87,64,0,34,98,1644.9895163743531,2748.41487737936,387.4795624541448,4780.883956207858,55.10849444537378,527,277b20e8eb55e0c656b9ef524d3b4bfb42d59c20116e83ad6d0b8d2f83e039e6,True
M0528,103,77,1,50,128,2053.2939586601283,3770.1365240650175,1654.6593644626316,7478.089847187777,172.68440255439046,528,277b20e8eb55e0c656b9ef524d3b4bfb42d59c20116e83ad6d0b8d2f83e039e6,True
M0529,102,71,1,46,118,2357.0021926224076,2359.267906471454,493.35395642119164,5209.6240555150525,0.0,529,277b20e8eb55e0c656b9ef524d3b4bfb42d59c20116e83ad6d0b8d2f83e039e6,True
M0530,115,78,0,53,131,2432.8431226531193,3428.8387304185394,1813.3658011896803,7675.04765426134,320.79200956108855,530,277b20e8eb55e0c656b9ef524d3b4bfb42d59c20116e83ad6d0b8d2f83e039e6,True
M0531,102,69,1,43,113,2147.086761957756,2508.4032926736454,989.6447843052224,5645.134838936625,38.36243911679989,531,277b20e8eb55e0c656b9ef524d3b4bfb42d59c20116e83ad6d0b8d2f83e039e6,True
M0532,103,80,0,51,131,1823.973905356081,2953.209466401513,1045.6747783692144,5822.858150126808,178.84165564823223,532,277b20e8eb55e0c656b9ef524d3b4bfb42d59c20116e83ad6d0b8d2f83e039e6,True
M0533,93,61,0,25,86,1549.5430205760224,1654.423237358781,430.02308179629495,3633.989339731098,0.0,533,277b20e8eb55e0c656b9ef524d3b4bfb42d59c20116e83ad6d0b8d2f83e039e6,True
M0534,103,71,1,46,118,1747.4557689343471,3246.274858364387,941.7884417386929,5935.5190690374275,178.91588916734395,534,277b20e8eb55e0c656b9ef524d3b4bfb42d59c20116e83ad6d0b8d2f83e039e6,True
M0535,106,71,1,38,110,1820.266151634115,2680.011245596426,755.0803740194773,5255.357771250017,114.28377452012604,535,277b20e8eb55e0c656b9ef524d3b4bfb42d59c20116e83ad6d0b8d2f83e039e6,True
M0536,81,59,0,32,91,1523.4333066196314,1616.4138818184788,892.3178960830146,4032.1650845211248,311.4402648621031,536,277b20e8eb55e0c656b9ef524d3b4bfb42d59c20116e83ad6d0b8d2f83e039e6,True
M0537,87,67,1,34,102,2097.623492033779,1862.6064075500767,562.6262680840695,4522.856167667925,84.85020788288486,537,277b20e8eb55e0c656b9ef524d3b4bfb42d59c20116e83ad6d0b8d2f83e039e6,True
M0538,113,80,1,36,117,2661.0907471943183,1934.171323568165,1129.009741756689,5724.271812519171,58.60569014908836,538,277b20e8eb55e0c656b9ef524d3b4bfb42d59c20116e83ad6d0b8d2f83e039e6,True
M0539,101,73,0,40,113,1999.8614145010322,2605.6160471624353,1579.2644338225064,6184.741895485974,68.5973212171953,539,277b20e8eb55e0c656b9ef524d3b4bfb42d59c20116e83ad6d0b8d2f83e039e6,True
M0540,105,71,1,41,113,1993.2613417838395,2065.4517159909815,1237.905535310891,5296.618593085712,0.0,540,277b20e8eb55e0c656b9ef524d3b4bfb42d59c20116e83ad6d0b8d2f83e039e6,True
M0541,109,69,0,50,119,1991.847745268719,3529.0532950511165,775.1667968389648,6296.0678371588,593.4409194179004,541,277b20e8eb55e0c656b9ef524d3b4bfb42d59c20116e83ad6d0b8d2f83e039e6,True
M0542,97,60,0,43,103,1367.2690780696048,3082.0005663143206,1856.5481189246932,6305.817763308618,177.07953543713995,542,277b20e8eb55e0c656b9ef524d3b4bfb42d59c20116e83ad6d0b8d2f83e039e6,True
M0543,107,78,0,41,119,2371.2083294524396,2562.6765111123877,779.0757612193738,5712.960601784202,702.7041268517503,543,277b20e8eb55e0c656b9ef524d3b4bfb42d59c20116e83ad6d0b8d2f83e039e6,True
M0544,97,72,0,39,111,1958.5117828054472,2407.9680111917673,738.7108807937334,5105.190674790947,128.21521188252137,544,277b20e8eb55e0c656b9ef524d3b4bfb42d59c20116e83ad6d0b8d2f83e039e6,True
M0545,105,79,0,44,123,2174.647983745866,2642.396954739848,1155.8271253348128,5972.872063820527,0.0,545,277b20e8eb55e0c656b9ef524d3b4bfb42d59c20116e83ad6d0b8d2f83e039e6,True
M0546,111,82,1,47,130,2194.5121006998866,3137.475728508787,1461.2251032125941,6793.212932421268,426.04406834669317,546,277b20e8eb55e0c656b9ef524d3b4bfb42d59c20116e83ad6d0b8d2f83e039e6,True
M0547,103,74,1,36,111,1839.4241127055611,1991.3132740937199,1519.437667411426,5350.1750542107075,175.81968830331815,547,277b20e8eb55e0c656b9ef524d3b4bfb42d59c20116e83ad6d0b8d2f83e039e6,True
M0548,88,64,0,38,102,1558.934252290135,2181.475345531701,643.0277157944597,4383.437313616296,69.99579196971122,548,277b20e8eb55e0c656b9ef524d3b4bfb42d59c20116e83ad6d0b8d2f83e039e6,True
M0549,105,77,0,39,116,2199.638761240142,2582.57751613152,862.9654487069845,5645.1817260786465,175.9996007866711,549,277b20e8eb55e0c656b9ef524d3b4bfb42d59c20116e83ad6d0b8d2f83e039e6,True
M0550,104,72,0,42,114,1914.3423489020959,2526.3544183119084,348.0559159343487,4788.752683148353,54.498801414366355,550,277b20e8eb55e0c656b9ef524d3b4bfb42d59c20116e83ad6d0b8d2f83e039e6,True
M0551,96,73,0,40,113,1680.8631958854273,2410.816482580547,1332.5705376455155,5424.25021611149,129.38014007591255,551,277b20e8eb55e0c656b9ef524d3b4bfb42d59c20116e83ad6d0b8d2f83e039e6,True
M0552,108,70,1,45,116,1676.8329867249822,3296.5255871567483,1280.7667879447442,6254.1253618264755,231.86406499378018,552,277b20e8eb55e0c656b9ef524d3b4bfb42d59c20116e83ad6d0b8d2f83e039e6,True
M0553,83,58,1,31,90,1751.4091686504705,1759.3842952092668,778.2986713397801,4289.0921351995175,81.11636748957588,553,277b20e8eb55e0c656b9ef524d3b4bfb42d59c20116e83ad6d0b8d2f83e039e6,True
M0554,97,66,0,39,105,1633.9059144947435,2112.8030501383832,237.98107886368564,3984.6900434968125,7.875355660027196,554,277b20e8eb55e0c656b9ef524d3b4bfb42d59c20116e83ad6d0b8d2f83e039e6,True
M0555,100,73,0,47,120,1982.024053274887,2794.3920438618734,1423.2466384334853,6199.662735570246,213.98657755630646,555,277b20e8eb55e0c656b9ef524d3b4bfb42d59c20116e83ad6d0b8d2f83e039e6,True
M0556,87,62,2,44,108,1727.9788475931143,3069.857456284789,1158.8227506206335,5956.659054498537,322.27882566705347,556,277b20e8eb55e0c656b9ef524d3b4bfb42d59c20116e83ad6d0b8d2f83e039e6,True
M0557,90,72,0,32,104,1819.457641389601,1606.1809826190574,602.566046535334,4028.2046705439925,73.2016963967796,557,277b20e8eb55e0c656b9ef524d3b4bfb42d59c20116e83ad6d0b8d2f83e039e6,True
M0558,111,82,0,36,118,2412.875840891119,1907.8480052016632,217.8054872515204,4538.529333344302,70.4675184946145,558,277b20e8eb55e0c656b9ef524d3b4bfb42d59c20116e83ad6d0b8d2f83e039e6,True
M0559,105,73,0,35,108,2019.4139865851932,2040.744391899377,889.4147734502596,4949.57315193483,138.5178987910822,559,277b20e8eb55e0c656b9ef524d3b4bfb42d59c20116e83ad6d0b8d2f83e039e6,True
M0560,99,64,0,40,104,1471.0503089604372,2505.4769552724815,541.1390784668629,4517.666342699782,316.5125063717479,560,277b20e8eb55e0c656b9ef524d3b4bfb42d59c20116e83ad6d0b8d2f83e039e6,True
M0561,99,77,0,38,115,1912.1772315933515,2046.2384693527874,710.9222710228862,4669.337971969025,162.75242394935174,561,277b20e8eb55e0c656b9ef524d3b4bfb42d59c20116e83ad6d0b8d2f83e039e6,True
M0562,108,75,2,40,117,2437.6549139999224,2560.3782102020623,869.2581743294097,5867.291298531394,53.30023308063218,562,277b20e8eb55e0c656b9ef524d3b4bfb42d59c20116e83ad6d0b8d2f83e039e6,True
M0563,90,70,1,40,111,1591.7317624060217,2948.167774679656,1113.8726359150883,5653.772173000765,95.2277531937803,563,277b20e8eb55e0c656b9ef524d3b4bfb42d59c20116e83ad6d0b8d2f83e039e6,True
M0564,100,75,0,49,124,1638.6933754612962,3257.3816838025473,521.2158140907992,5417.290873354643,447.6707810460813,564,277b20e8eb55e0c656b9ef524d3b4bfb42d59c20116e83ad6d0b8d2f83e039e6,True
M0565,114,73,0,50,123,1703.0471246238812,3109.2841434225443,1342.883657308538,6155.214925354964,335.0316008074732,565,277b20e8eb55e0c656b9ef524d3b4bfb42d59c20116e83ad6d0b8d2f83e039e6,True
M0566,97,68,0,29,97,1607.514969942897,1726.4491230093995,869.9344373827529,4203.898530335049,283.7590348938512,566,277b20e8eb55e0c656b9ef524d3b4bfb42d59c20116e83ad6d0b8d2f83e039e6,True
M0567,91,69,0,33,102,1721.9666991874867,2303.527633978137,652.5656576262254,4678.0599907918495,279.48347951549874,567,277b20e8eb55e0c656b9ef524d3b4bfb42d59c20116e83ad6d0b8d2f83e039e6,True
M0568,107,73,0,47,120,1911.3466336129648,3237.387795351339,1784.6120699569362,6933.34649892124,122.20785040419835,568,277b20e8eb55e0c656b9ef524d3b4bfb42d59c20116e83ad6d0b8d2f83e039e6,True
M0569,102,73,0,50,123,1941.2630370795273,3179.225789486869,1238.824119981647,6359.312946548043,129.6731014469624,569,277b20e8eb55e0c656b9ef524d3b4bfb42d59c20116e83ad6d0b8d2f83e039e6,True
M0570,95,69,1,43,113,1901.6139403167099,2326.39553275519,1177.1835586695383,5405.193031741437,49.010695398965,570,277b20e8eb55e0c656b9ef524d3b4bfb42d59c20116e83ad6d0b8d2f83e039e6,True
M0571,102,72,1,42,115,2196.7777620521206,2879.006641904553,843.4051191501298,5919.189523106803,99.88627050595159,571,277b20e8eb55e0c656b9ef524d3b4bfb42d59c20116e83ad6d0b8d2f83e039e6,True
M0572,90,64,1,42,107,1821.247732000979,2587.9801734009943,439.5857149030014,4848.813620304975,375.4728747894525,572,277b20e8eb55e0c656b9ef524d3b4bfb42d59c20116e83ad6d0b8d2f83e039e6,True
M0573,110,77,0,45,122,2039.2367658776518,2861.123300456512,549.0605168877415,5449.420583221906,127.44444854203618,573,277b20e8eb55e0c656b9ef524d3b4bfb42d59c20116e83ad6d0b8d2f83e039e6,True
M0574,89,59,0,40,99,1833.7738315108018,2726.9880701289044,777.9421062270201,5338.704007866726,381.5604483384974,574,277b20e8eb55e0c656b9ef524d3b4bfb42d59c20116e83ad6d0b8d2f83e039e6,True
M0575,115,83,0,44,127,1927.1899371615057,2607.16679706514,672.2058651880003,5206.562599414647,28.95634850497777,575,277b20e8eb55e0c656b9ef524d3b4bfb42d59c20116e83ad6d0b8d2f83e039e6,True
M0576,100,65,0,35,100,1567.9708450742276,2075.5274247231537,1421.0302133495059,5064.528483146887,199.66772627961078,576,277b20e8eb55e0c656b9ef524d3b4bfb42d59c20116e83ad6d0b8d2f83e039e6,True
M0577,105,72,1,45,118,1983.9543542736023,3333.909717126275,386.26557114810987,5704.129642547988,297.12855284143205,577,277b20e8eb55e0c656b9ef524d3b4bfb42d59c20116e83ad6d0b8d2f83e039e6,True
M0578,83,48,0,35,83,1273.8205986258658,2376.9973503182955,1136.2641116652449,4787.082060609406,131.07111535145853,578,277b20e8eb55e0c656b9ef524d3b4bfb42d59c20116e83ad6d0b8d2f83e039e6,True
M0579,103,70,1,42,113,2189.6104507386754,2822.8971441439776,692.2983902549663,5704.805985137618,72.02377462540974,579,277b20e8eb55e0c656b9ef524d3b4bfb42d59c20116e83ad6d0b8d2f83e039e6,True
M0580,106,64,0,41,105,1446.1641579496963,2702.8232140354817,551.9758173937907,4700.963189378969,46.52314472213092,580,277b20e8eb55e0c656b9ef524d3b4bfb42d59c20116e83ad6d0b8d2f83e039e6,True
M0581,84,61,0,32,93,1844.1861062048886,1683.3762897313193,1122.4873010545678,4650.049696990775,86.98921894273826,581,277b20e8eb55e0c656b9ef524d3b4bfb42d59c20116e83ad6d0b8d2f83e039e6,True
M0582,112,76,0,46,122,2472.4278382756406,2783.8819083484386,699.2734784904156,5955.583225114496,726.2753275214635,582,277b20e8eb55e0c656b9ef524d3b4bfb42d59c20116e83ad6d0b8d2f83e039e6,True
M0583,113,79,1,35,115,2257.879320253243,1925.5958364116852,680.046881111847,4863.5220377767755,15.484256198832483,583,277b20e8eb55e0c656b9ef524d3b4bfb42d59c20116e83ad6d0b8d2f83e039e6,True
M0584,93,68,0,36,104,1468.205458686278,2211.670998167891,1234.1337012374574,4914.010158091627,26.37541391329421,584,277b20e8eb55e0c656b9ef524d3b4bfb42d59c20116e83ad6d0b8d2f83e039e6,True
M0585,98,66,0,45,111,1802.0062918343401,2919.4124346795174,376.0550855683565,5097.473812082214,299.7147646631072,585,277b20e8eb55e0c656b9ef524d3b4bfb42d59c20116e83ad6d0b8d2f83e039e6,True
M0586,113,75,0,54,129,1921.5454228413948,4510.283308919733,903.9599439096236,7335.788675670751,336.00797563378063,586,277b20e8eb55e0c656b9ef524d3b4bfb42d59c20116e83ad6d0b8d2f83e039e6,True
M0587,95,71,0,31,102,1898.0024312323537,1707.8895001837855,398.0702573248577,4003.962188740997,72.46863885478277,587,277b20e8eb55e0c656b9ef524d3b4bfb42d59c20116e83ad6d0b8d2f83e039e6,True
M0588,89,59,1,30,90,1805.3693252931546,2097.709959299852,437.9447022871699,4341.023986880176,67.8430868586496,588,277b20e8eb55e0c656b9ef524d3b4bfb42d59c20116e83ad6d0b8d2f83e039e6,True
M0589,97,72,1,33,106,2422.4562050097925,2257.249125531155,559.9334310066872,5239.638761547635,118.64188247498521,589,277b20e8eb55e0c656b9ef524d3b4bfb42d59c20116e83ad6d0b8d2f83e039e6,True
M0590,106,81,0,47,128,2551.8079683546107,2620.1861829473983,2109.3697023298455,7281.363853631855,38.45753770202339,590,277b20e8eb55e0c656b9ef524d3b4bfb42d59c20116e83ad6d0b8d2f83e039e6,True
M0591,92,69,0,33,102,2155.181226208457,2190.3025363482884,817.0217269962016,5162.5054895529465,164.78382101594343,591,277b20e8eb55e0c656b9ef524d3b4bfb42d59c20116e83ad6d0b8d2f83e039e6,True
M0592,115,80,0,53,133,1961.4913015084192,3603.3809492078535,708.564927044882,6273.437177761155,387.71245426500667,592,277b20e8eb55e0c656b9ef524d3b4bfb42d59c20116e83ad6d0b8d2f83e039e6,True
M0593,98,63,0,39,102,1783.5336291210456,2471.8543162119586,2165.9344132194283,6421.322358552433,265.0705489492685,593,277b20e8eb55e0c656b9ef524d3b4bfb42d59c20116e83ad6d0b8d2f83e039e6,True
M0594,106,82,0,49,131,2030.4193931004004,3362.6793128951444,1375.9555317445895,6769.054237740134,300.8374486744761,594,277b20e8eb55e0c656b9ef524d3b4bfb42d59c20116e83ad6d0b8d2f83e039e6,True
M0595,94,64,2,39,105,1916.3905854900079,2707.7261809715565,403.19742552369627,5027.314191985261,278.9187558092135,595,277b20e8eb55e0c656b9ef524d3b4bfb42d59c20116e83ad6d0b8d2f83e039e6,True
M0596,82,60,0,36,96,1680.8083758142427,2532.6889865981143,1776.6607132623312,5990.158075674688,100.85901501209688,596,277b20e8eb55e0c656b9ef524d3b4bfb42d59c20116e83ad6d0b8d2f83e039e6,True
M0597,101,76,0,37,113,2087.9651993529533,1877.414143512839,1226.766844321902,5192.1461871876945,61.49339160687265,597,277b20e8eb55e0c656b9ef524d3b4bfb42d59c20116e83ad6d0b8d2f83e039e6,True
M0598,102,72,0,51,123,1838.2990609582268,3091.536915247754,1147.4811989781613,6077.317175184142,643.4619569487727,598,277b20e8eb55e0c656b9ef524d3b4bfb42d59c20116e83ad6d0b8d2f83e039e6,True
M0599,101,74,1,42,117,2074.3502121578044,2843.296777115895,619.1433244018588,5536.7903136755585,35.813837011388756,599,277b20e8eb55e0c656b9ef524d3b4bfb42d59c20116e83ad6d0b8d2f83e039e6,True
M0600,96,67,0,35,102,1574.0026409575846,2186.1187512066,1423.2075834867683,5183.328975650953,354.49081159603617,600,277b20e8eb55e0c656b9ef524d3b4bfb42d59c20116e83ad6d0b8d2f83e039e6,True
M0601,123,90,3,56,149,2381.1820151939583,4465.801337035247,1812.4298421348071,8659.413194364013,377.5569429128668,601,277b20e8eb55e0c656b9ef524d3b4bfb42d59c20116e83ad6d0b8d2f83e039e6,True
M0602,105,61,0,44,105,1710.451026876873,2853.0295264251854,362.9007643149152,4926.381317616973,241.73375144143677,602,277b20e8eb55e0c656b9ef524d3b4bfb42d59c20116e83ad6d0b8d2f83e039e6,True
M0603,97,68,0,35,103,1688.3197839213958,2417.1481287759975,696.6888611183695,4802.156773815763,375.78489198968293,603,277b20e8eb55e0c656b9ef524d3b4bfb42d59c20116e83ad6d0b8d2f83e039e6,True
M0604,84,54,1,38,93,1661.858522010786,2554.4215337146525,579.1806410324411,4795.46069675788,370.67717878418466,604,277b20e8eb55e0c656b9ef524d3b4bfb42d59c20116e83ad6d0b8d2f83e039e6,True
M0605,117,73,0,49,122,2193.459247274851,2735.545767664862,2205.4577918423315,7134.462806782045,0.24194521214351994,605,277b20e8eb55e0c656b9ef524d3b4bfb42d59c20116e83ad6d0b8d2f83e039e6,True
M0606,115,77,0,42,119,2235.8819806143247,2746.9511635040417,1077.6674927024746,6060.5006368208415,174.86205097976472,606,277b20e8eb55e0c656b9ef524d3b4bfb42d59c20116e83ad6d0b8d2f83e039e6,True
M0607,100,73,2,32,107,1941.4742521011067,2178.515215828865,301.17565213936564,4421.165120069338,0.9593785389168659,607,277b20e8eb55e0c656b9ef524d3b4bfb42d59c20116e83ad6d0b8d2f83e039e6,True
M0608,93,65,0,32,97,1477.1476315692803,2155.3067444401586,546.8244206045848,4179.278796614024,247.17499057689122,608,277b20e8eb55e0c656b9ef524d3b4bfb42d59c20116e83ad6d0b8d2f83e039e6,True
M0609,123,83,0,48,131,2112.9863685829896,3515.348620535598,1747.7937618296792,7376.128750948267,669.9815765067317,609,277b20e8eb55e0c656b9ef524d3b4bfb42d59c20116e83ad6d0b8d2f83e039e6,True
M0610,102,68,1,44,113,1933.6482176355064,3496.832896286499,842.2872511925391,6272.768365114544,174.99634305166958,610,277b20e8eb55e0c656b9ef524d3b4bfb42d59c20116e83ad6d0b8d2f83e039e6,True
M0611,95,67,1,39,107,1668.7003540785774,2203.4391239681663,792.4991475115003,4664.638625558244,73.0692910736802,611,277b20e8eb55e0c656b9ef524d3b4bfb42d59c20116e83ad6d0b8d2f83e039e6,True
M0612,88,68,0,44,112,2034.2342379094625,2933.664729687765,1049.1448909786252,6017.043858575853,110.86481969962372,612,277b20e8eb55e0c656b9ef524d3b4bfb42d59c20116e83ad6d0b8d2f83e039e6,True
M0613,86,61,0,31,92,1563.5533650470306,2078.914951072636,338.06715217630665,3980.5354682959733,326.14014705312604,613,277b20e8eb55e0c656b9ef524d3b4bfb42d59c20116e83ad6d0b8d2f83e039e6,True
M0614,100,71,0,37,108,2013.806657426258,2788.514639262512,511.20017102310635,5313.521467711876,1633.5267060543163,614,277b20e8eb55e0c656b9ef524d3b4bfb42d59c20116e83ad6d0b8d2f83e039e6,True
M0615,94,67,0,30,97,1714.246500013172,2048.5253069451583,527.3989846490114,4290.170791607342,187.91778508761325,615,277b20e8eb55e0c656b9ef524d3b4bfb42d59c20116e83ad6d0b8d2f83e039e6,True
M0616,94,64,1,39,104,1915.6140665860055,2226.1883916909087,864.6423377589598,5006.444796035874,163.9731590632531,616,277b20e8eb55e0c656b9ef524d3b4bfb42d59c20116e83ad6d0b8d2f83e039e6,True
M0617,101,68,0,29,97,1859.6430305319282,1600.909471585625,562.9945594787796,4023.5470615963327,64.71588687139678,617,277b20e8eb55e0c656b9ef524d3b4bfb42d59c20116e83ad6d0b8d2f83e039e6,True
M0618,120,87,0,40,127,2067.0371034559857,2876.8904189193922,1082.0779846609178,6026.005507036295,135.43076099191956,618,277b20e8eb55e0c656b9ef524d3b4bfb42d59c20116e83ad6d0b8d2f83e039e6,True
M0619,92,60,1,31,92,1506.7947584207534,1965.0238525804114,1545.980846127424,5017.799457128589,108.15207866980629,619,277b20e8eb55e0c656b9ef524d3b4bfb42d59c20116e83ad6d0b8d2f83e039e6,True
M0620,108,75,0,44,119,2241.585343726056,3162.9726645960777,1317.8052594165063,6722.36326773864,59.03612682863624,620,277b20e8eb55e0c656b9ef524d3b4bfb42d59c20116e83ad6d0b8d2f83e039e6,True
M0621,102,74,0,43,117,2169.1466850761117,2711.152959211456,652.115888652769,5532.4155329403375,471.9779821473484,621,277b20e8eb55e0c656b9ef524d3b4bfb42d59c20116e83ad6d0b8d2f83e039e6,True
M0622,112,75,0,59,134,2089.7278923707536,3464.4901429148063,1435.8542807750532,6990.072316060612,392.6119024558336,622,277b20e8eb55e0c656b9ef524d3b4bfb42d59c20116e83ad6d0b8d2f83e039e6,True
M0623,83,53,0,30,83,1381.70096495777,2236.809482068014,376.327249870512,3994.8376968962957,55.61958842238798,623,277b20e8eb55e0c656b9ef524d3b4bfb42d59c20116e83ad6d0b8d2f83e039e6,True
M0624,87,62,1,37,100,1575.6963345241427,2538.458871555895,842.7542495824365,4956.909455662474,105.47310895444636,624,277b20e8eb55e0c656b9ef524d3b4bfb42d59c20116e83ad6d0b8d2f83e039e6,True
M0625,103,65,0,45,110,1725.2914253170022,3206.5809670669246,842.9679937758023,5774.840386159729,58.10695298258912,625,277b20e8eb55e0c656b9ef524d3b4bfb42d59c20116e83ad6d0b8d2f83e039e6,True
M0626,102,71,3,31,105,2536.790049663272,2497.5435762611396,271.2017605369275,5305.535386461339,210.5552551173163,626,277b20e8eb55e0c656b9ef524d3b4bfb42d59c20116e83ad6d0b8d2f83e039e6,True
M0627,109,71,0,48,119,2072.154586666811,3179.6741765300767,566.3043935358393,5818.133156732727,348.2883563595148,627,277b20e8eb55e0c656b9ef524d3b4bfb42d59c20116e83ad6d0b8d2f83e039e6,True
M0628,104,78,0,45,123,1975.6465661329921,2680.0339214528285,1598.391872726452,6254.072360312272,364.79580194757335,628,277b20e8eb55e0c656b9ef524d3b4bfb42d59c20116e83ad6d0b8d2f83e039e6,True
M0629,106,77,1,46,124,1813.2680757511803,2539.5382966377265,1330.3389384252366,5683.145310814143,73.65162450338772,629,277b20e8eb55e0c656b9ef524d3b4bfb42d59c20116e83ad6d0b8d2f83e039e6,True
M0630,109,81,0,46,127,1844.9477464133145,2743.5374116987996,877.9595842507471,5466.444742362861,110.38071620352356,630,277b20e8eb55e0c656b9ef524d3b4bfb42d59c20116e83ad6d0b8d2f83e039e6,True
M0631,102,66,0,31,97,1458.9516468973304,1445.7289114679174,746.7959480701138,3651.4765064353614,90.63296515832015,631,277b20e8eb55e0c656b9ef524d3b4bfb42d59c20116e83ad6d0b8d2f83e039e6,True
M0632,118,81,0,48,129,1778.1108952117354,3479.544752797992,915.8241515460045,6173.479799555731,293.19472833797875,632,277b20e8eb55e0c656b9ef524d3b4bfb42d59c20116e83ad6d0b8d2f83e039e6,True
M0633,92,68,1,41,110,2339.9304401598893,2621.7780303190566,608.1692789858622,5569.877749464808,251.11732317075405,633,277b20e8eb55e0c656b9ef524d3b4bfb42d59c20116e83ad6d0b8d2f83e039e6,True
M0634,93,59,0,37,96,1603.013059974671,2452.8360423471663,727.5208249930106,4783.369927314849,137.00628967078424,634,277b20e8eb55e0c656b9ef524d3b4bfb42d59c20116e83ad6d0b8d2f83e039e6,True
M0635,105,76,2,40,118,2080.7971382473856,2662.6341632813205,712.6996150743144,5456.1309166030205,310.34456459980294,635,277b20e8eb55e0c656b9ef524d3b4bfb42d59c20116e83ad6d0b8d2f83e039e6,True
M0636,100,61,0,35,96,2055.7666062357107,2490.555259994364,748.1554254724081,5294.477291702483,200.34930542015542,636,277b20e8eb55e0c656b9ef524d3b4bfb42d59c20116e83ad6d0b8d2f83e039e6,True
M0637,85,53,0,36,89,1512.1755765817666,2802.485558566828,884.971362796472,5199.6324979450665,623.9877623130576,637,277b20e8eb55e0c656b9ef524d3b4bfb42d59c20116e83ad6d0b8d2f83e039e6,True
M0638,107,74,1,46,121,2095.3546851682922,2928.330759994976,858.8980372509036,5882.583482414171,315.0599915728516,638,277b20e8eb55e0c656b9ef524d3b4bfb42d59c20116e83ad6d0b8d2f83e039e6,True
M0639,117,82,1,45,128,2524.611489503273,2778.1427439586937,1035.099663234319,6337.853896696286,167.80774500154084,639,277b20e8eb55e0c656b9ef524d3b4bfb42d59c20116e83ad6d0b8d2f83e039e6,True
M0640,111,72,1,43,116,2161.6969535750886,2690.292377362077,1612.1380627181838,6464.12739365535,107.38884523387435,640,277b20e8eb55e0c656b9ef524d3b4bfb42d59c20116e83ad6d0b8d2f83e039e6,True
M0641,106,73,0,38,111,1495.483098497404,2268.782019533382,699.4754527114202,4463.740570742206,163.59058382261304,641,277b20e8eb55e0c656b9ef524d3b4bfb42d59c20116e83ad6d0b8d2f83e039e6,True
M0642,111,76,0,54,130,2041.4069126287488,3967.4465627939026,878.2380937181576,6887.091569140809,352.9754556380542,642,277b20e8eb55e0c656b9ef524d3b4bfb42d59c20116e83ad6d0b8d2f83e039e6,True
M0643,91,68,0,33,101,1894.751124111473,2050.173535700096,0,3944.924659811569,0.0,643,277b20e8eb55e0c656b9ef524d3b4bfb42d59c20116e83ad6d0b8d2f83e039e6,True
M0644,117,78,0,58,136,1831.9059979768524,3635.895414925537,417.99074424539657,5885.792157147786,137.94987425607235,644,277b20e8eb55e0c656b9ef524d3b4bfb42d59c20116e83ad6d0b8d2f83e039e6,True
M0645,98,74,0,38,112,2015.5774849597744,2492.7802725050838,1110.738504167511,5619.096261632369,185.501105420816,645,277b20e8eb55e0c656b9ef524d3b4bfb42d59c20116e83ad6d0b8d2f83e039e6,True
M0646,103,71,0,38,109,1750.91732212477,2568.0645450028546,591.6293679799338,4910.611235107558,286.28435589286516,646,277b20e8eb55e0c656b9ef524d3b4bfb42d59c20116e83ad6d0b8d2f83e039e6,True
M0647,99,68,0,39,107,1664.0414143245673,2710.127743292538,946.0612662078873,5320.230423824993,13.412033363231956,647,277b20e8eb55e0c656b9ef524d3b4bfb42d59c20116e83ad6d0b8d2f83e039e6,True
M0648,99,70,0,39,109,1974.8825469336255,2598.370839058039,1515.1228171851549,6088.37620317682,14.00706205198074,648,277b20e8eb55e0c656b9ef524d3b4bfb42d59c20116e83ad6d0b8d2f83e039e6,True
M0649,93,62,3,33,98,1985.3597941864136,2165.007784880929,604.7733500261293,4755.140929093472,218.18106943588487,649,277b20e8eb55e0c656b9ef524d3b4bfb42d59c20116e83ad6d0b8d2f83e039e6,True
M0650,101,69,0,44,113,2020.487918964885,2667.9785464143006,853.4530953472639,5541.91956072645,109.31918927024901,650,277b20e8eb55e0c656b9ef524d3b4bfb42d59c20116e83ad6d0b8d2f83e039e6,True
M0651,109,78,0,52,130,1985.458822886823,3279.8840252670725,1470.497924531117,6735.840772685013,329.01210391810935,651,277b20e8eb55e0c656b9ef524d3b4bfb42d59c20116e83ad6d0b8d2f83e039e6,True
M0652,95,65,0,35,100,1648.7668614395957,2528.2836512233703,911.9746307404785,5089.025143403444,216.6304459083488,652,277b20e8eb55e0c656b9ef524d3b4bfb42d59c20116e83ad6d0b8d2f83e039e6,True
M0653,94,70,0,37,107,1703.1250751588789,1959.3501941449815,763.7009125645734,4426.176181868434,239.47333707151003,653,277b20e8eb55e0c656b9ef524d3b4bfb42d59c20116e83ad6d0b8d2f83e039e6,True
M0654,78,51,1,36,88,1555.3377930949332,2172.447033095267,565.6702400385033,4293.455066228704,149.4236297072187,654,277b20e8eb55e0c656b9ef524d3b4bfb42d59c20116e83ad6d0b8d2f83e039e6,True
M0655,109,82,0,44,126,1982.189891185364,2818.549499045897,930.1692264599975,5730.908616691259,0.0,655,277b20e8eb55e0c656b9ef524d3b4bfb42d59c20116e83ad6d0b8d2f83e039e6,True
M0656,97,69,0,30,99,1828.2575696555816,2042.488013394785,1039.3009554736682,4910.046538524035,124.38147734839143,656,277b20e8eb55e0c656b9ef524d3b4bfb42d59c20116e83ad6d0b8d2f83e039e6,True
M0657,108,70,1,36,107,2194.1711749516307,2045.4262013608509,650.8782678890932,4890.475644201575,0.0,657,277b20e8eb55e0c656b9ef524d3b4bfb42d59c20116e83ad6d0b8d2f83e039e6,True
M0658,98,67,0,40,107,2105.735654146117,2738.711348797777,941.4345514194819,5785.881554363376,37.27478910553302,658,277b20e8eb55e0c656b9ef524d3b4bfb42d59c20116e83ad6d0b8d2f83e039e6,True
M0659,119,83,0,46,129,2247.373499388042,3498.5448302587815,561.8115986557112,6307.729928302535,363.08595013496915,659,277b20e8eb55e0c656b9ef524d3b4bfb42d59c20116e83ad6d0b8d2f83e039e6,True
M0660,103,74,0,42,116,2060.4035851946414,2601.2234426456907,480.56868456876794,5142.1957124090995,200.21182511778636,660,277b20e8eb55e0c656b9ef524d3b4bfb42d59c20116e83ad6d0b8d2f83e039e6,True
M0661,117,84,1,44,129,2172.804120958596,3454.941086376163,1559.7916473194264,7187.536854654186,432.1687689098063,661,277b20e8eb55e0c656b9ef524d3b4bfb42d59c20116e83ad6d0b8d2f83e039e6,True
M0662,105,77,0,36,113,2028.5124632305283,2297.088013962222,201.2758579572826,4526.876335150033,61.599285653222154,662,277b20e8eb55e0c656b9ef524d3b4bfb42d59c20116e83ad6d0b8d2f83e039e6,True
M0663,83,64,3,28,95,1833.44495600683,1740.185566254627,279.50334835399667,3853.133870615454,112.53246443604803,663,277b20e8eb55e0c656b9ef524d3b4bfb42d59c20116e83ad6d0b8d2f83e039e6,True
M0664,92,59,0,42,101,1794.0583569413336,2663.9013628227012,1053.952257824938,5511.911977588973,242.25181549563655,664,277b20e8eb55e0c656b9ef524d3b4bfb42d59c20116e83ad6d0b8d2f83e039e6,True
M0665,88,60,1,41,102,1923.7021353683665,2498.00977226711,792.4799610129536,5214.1918686484305,24.98207705584163,665,277b20e8eb55e0c656b9ef524d3b4bfb42d59c20116e83ad6d0b8d2f83e039e6,True
M0666,122,71,1,52,124,2093.329740033181,2800.1083430200088,1062.4462819408704,5955.884364994061,185.1496088738693,666,277b20e8eb55e0c656b9ef524d3b4bfb42d59c20116e83ad6d0b8d2f83e039e6,True
M0667,96,68,0,32,100,1882.1617065926348,1800.5508261498992,1418.9712064722135,5101.683739214747,98.90530029087512,667,277b20e8eb55e0c656b9ef524d3b4bfb42d59c20116e83ad6d0b8d2f83e039e6,True
M0668,96,62,0,35,97,1481.7845180000904,2129.1133012847163,678.6093451895342,4289.507164474341,57.012933550129276,668,277b20e8eb55e0c656b9ef524d3b4bfb42d59c20116e83ad6d0b8d2f83e039e6,True
M0669,97,74,0,51,125,1915.504108098705,3584.726671693331,1172.0395145345485,6672.270294326584,511.22370338135585,669,277b20e8eb55e0c656b9ef524d3b4bfb42d59c20116e83ad6d0b8d2f83e039e6,True
M0670,95,63,0,39,102,1436.6764301963797,2081.3954364038264,1403.1001156001803,4921.171982200386,103.45948791477969,670,277b20e8eb55e0c656b9ef524d3b4bfb42d59c20116e83ad6d0b8d2f83e039e6,True
M0671,104,79,1,44,124,2085.6633565413686,2854.2071661915948,1159.012938569701,6098.883461302664,0.0,671,277b20e8eb55e0c656b9ef524d3b4bfb42d59c20116e83ad6d0b8d2f83e039e6,True
M0672,112,75,1,49,125,2228.7485215663737,3001.578712220773,1532.6329894256094,6762.960223212756,164.6412559283208,672,277b20e8eb55e0c656b9ef524d3b4bfb42d59c20116e83ad6d0b8d2f83e039e6,True
M0673,89,61,0,33,94,1825.4899149510816,2361.026263915713,700.6433147329974,4887.159493599792,378.011212816461,673,277b20e8eb55e0c656b9ef524d3b4bfb42d59c20116e83ad6d0b8d2f83e039e6,True
M0674,92,65,1,41,107,1618.7838377703297,2128.3995188303343,1041.424544736539,4788.607901337203,11.41406023111361,674,277b20e8eb55e0c656b9ef524d3b4bfb42d59c20116e83ad6d0b8d2f83e039e6,True
M0675,117,80,1,51,132,2146.5842684092163,3663.8451798470796,1577.2425451842696,7387.671993440566,75.87544144778082,675,277b20e8eb55e0c656b9ef524d3b4bfb42d59c20116e83ad6d0b8d2f83e039e6,True
M0676,129,99,0,57,156,2878.3001182251323,3257.8874170261824,1123.4390944465522,7259.6266296978665,143.05902375613732,676,277b20e8eb55e0c656b9ef524d3b4bfb42d59c20116e83ad6d0b8d2f83e039e6,True
M0677,92,62,0,33,95,1749.6635098910888,1751.905979882479,210.6078916505013,3712.1773814240687,0.0,677,277b20e8eb55e0c656b9ef524d3b4bfb42d59c20116e83ad6d0b8d2f83e039e6,True
M0678,91,65,0,26,91,1722.6158469220932,2050.632671312067,359.05144191417287,4132.299960148333,311.59284402918433,678,277b20e8eb55e0c656b9ef524d3b4bfb42d59c20116e83ad6d0b8d2f83e039e6,True
M0679,101,69,0,34,103,2002.2610090881435,1726.1350724384301,590.5035657729435,4318.899647299517,0.0,679,277b20e8eb55e0c656b9ef524d3b4bfb42d59c20116e83ad6d0b8d2f83e039e6,True
M0680,104,65,0,48,113,1817.14388058295,3155.2341429310404,564.6605514681899,5537.03857498218,148.49936569267626,680,277b20e8eb55e0c656b9ef524d3b4bfb42d59c20116e83ad6d0b8d2f83e039e6,True
M0681,102,77,1,40,118,2196.9336771758126,2541.9419035699834,1611.2799945137192,6350.155575259516,118.12708288702808,681,277b20e8eb55e0c656b9ef524d3b4bfb42d59c20116e83ad6d0b8d2f83e039e6,True
M0682,98,73,0,35,108,1798.3219831854785,1759.857396321352,1336.9840794340446,4895.163458940875,18.56977641428469,682,277b20e8eb55e0c656b9ef524d3b4bfb42d59c20116e83ad6d0b8d2f83e039e6,True
M0683,108,76,0,42,118,2093.4183897834764,2468.958103284213,903.8887384302417,5466.265231497931,198.60454251180792,683,277b20e8eb55e0c656b9ef524d3b4bfb42d59c20116e83ad6d0b8d2f83e039e6,True
M0684,98,65,1,39,105,1763.687802585574,2423.625382828101,1985.4144212940873,6172.727606707763,0.16411584464638906,684,277b20e8eb55e0c656b9ef524d3b4bfb42d59c20116e83ad6d0b8d2f83e039e6,True
M0685,105,67,0,45,112,2086.9871875201393,2820.6640753877573,1298.7293158570553,6206.380578764953,0.0,685,277b20e8eb55e0c656b9ef524d3b4bfb42d59c20116e83ad6d0b8d2f83e039e6,True
M0686,111,83,0,46,129,2318.443429032264,2627.1936017176586,1067.9750509636235,6013.612081713545,393.5090536658958,686,277b20e8eb55e0c656b9ef524d3b4bfb42d59c20116e83ad6d0b8d2f83e039e6,True
M0687,110,65,0,43,108,1699.5947753468927,2602.958853320586,1578.8666179301647,5881.420246597643,252.3488803373789,687,277b20e8eb55e0c656b9ef524d3b4bfb42d59c20116e83ad6d0b8d2f83e039e6,True
M0688,82,56,1,34,91,1506.3699551877962,1900.2224868797578,449.7712836110005,3856.363725678554,77.18005616395263,688,277b20e8eb55e0c656b9ef524d3b4bfb42d59c20116e83ad6d0b8d2f83e039e6,True
M0689,108,74,0,53,127,2261.402411029997,3572.531485604637,178.16963535482205,6012.103531989456,327.0126257575722,689,277b20e8eb55e0c656b9ef524d3b4bfb42d59c20116e83ad6d0b8d2f83e039e6,True
M0690,109,78,1,50,129,2067.9828364681666,3004.148814733887,656.8371193662069,5728.96877056826,518.8324441312666,690,277b20e8eb55e0c656b9ef524d3b4bfb42d59c20116e83ad6d0b8d2f83e039e6,True
M0691,101,73,0,45,118,1835.120555259646,3367.180418662904,972.904565531388,6175.205539453938,264.34973591760934,691,277b20e8eb55e0c656b9ef524d3b4bfb42d59c20116e83ad6d0b8d2f83e039e6,True
M0692,116,85,2,50,137,2257.1604804064455,3283.429536985114,1595.1511169877444,7135.741134379305,0.8218201205088889,692,277b20e8eb55e0c656b9ef524d3b4bfb42d59c20116e83ad6d0b8d2f83e039e6,True
M0693,81,52,0,36,88,1330.3372671311115,2360.679368990233,1258.395686454705,4949.412322576049,136.3554207521292,693,277b20e8eb55e0c656b9ef524d3b4bfb42d59c20116e83ad6d0b8d2f83e039e6,True
M0694,113,83,0,48,131,2100.9951451048264,2981.342195906016,1506.3010116466864,6588.638352657529,619.7935589229419,694,277b20e8eb55e0c656b9ef524d3b4bfb42d59c20116e83ad6d0b8d2f83e039e6,True
M0695,90,65,0,30,95,2031.6608530478868,2092.5039778381056,941.213192248106,5065.378023134098,73.65808551235648,695,277b20e8eb55e0c656b9ef524d3b4bfb42d59c20116e83ad6d0b8d2f83e039e6,True
M0696,103,75,1,45,121,2007.0637478120307,2619.8133213406127,976.629154714758,5603.506223867402,94.58901888302073,696,277b20e8eb55e0c656b9ef524d3b4bfb42d59c20116e83ad6d0b8d2f83e039e6,True
M0697,87,62,1,35,98,2153.8836136673035,2031.779711984823,989.4519812714377,5175.115306923564,230.52075842591722,697,277b20e8eb55e0c656b9ef524d3b4bfb42d59c20116e83ad6d0b8d2f83e039e6,True
M0698,106,80,1,41,122,1961.5893807661585,2052.925937090131,643.8110920255793,4658.326409881869,17.743761702550415,698,277b20e8eb55e0c656b9ef524d3b4bfb42d59c20116e83ad6d0b8d2f83e039e6,True
M0699,100,76,0,51,127,2046.0668493604737,4122.10094879196,798.8397226012551,6967.007520753688,256.2920669973022,699,277b20e8eb55e0c656b9ef524d3b4bfb42d59c20116e83ad6d0b8d2f83e039e6,True
M0700,99,67,0,42,109,1686.9198320013272,2435.626182793231,801.1903865389418,4923.736401333499,284.7601266549004,700,277b20e8eb55e0c656b9ef524d3b4bfb42d59c20116e83ad6d0b8d2f83e039e6,True
M0701,103,66,0,43,109,1678.9344062163307,2701.9913854410042,762.9898791424368,5143.915670799772,445.18848395489067,701,277b20e8eb55e0c656b9ef524d3b4bfb42d59c20116e83ad6d0b8d2f83e039e6,True
M0702,98,67,0,44,111,1838.1602201482794,2023.0327583353937,1067.225090907895,4928.418069391568,0.0,702,277b20e8eb55e0c656b9ef524d3b4bfb42d59c20116e83ad6d0b8d2f83e039e6,True
M0703,105,74,0,51,125,2121.858513140761,3323.668767744152,813.3277823593364,6258.855063244249,6.036884633879254,703,277b20e8eb55e0c656b9ef524d3b4bfb42d59c20116e83ad6d0b8d2f83e039e6,True
M0704,110,78,0,47,125,1876.8265975330319,2814.0202265518606,909.5191127253423,5600.365936810234,61.46226828764827,704,277b20e8eb55e0c656b9ef524d3b4bfb42d59c20116e83ad6d0b8d2f83e039e6,True
M0705,111,79,0,50,129,2143.9796299065265,3544.111779017203,1616.1969947334294,7304.288403657159,146.93907941766903,705,277b20e8eb55e0c656b9ef524d3b4bfb42d59c20116e83ad6d0b8d2f83e039e6,True
M0706,103,75,1,44,120,2327.1232930441624,2505.5820968609232,1703.4737676452846,6536.17915755037,224.75578258841554,706,277b20e8eb55e0c656b9ef524d3b4bfb42d59c20116e83ad6d0b8d2f83e039e6,True
M0707,88,56,0,37,93,1376.7490225065424,2390.7351480401758,106.14485794689601,3873.629028493614,0.0,707,277b20e8eb55e0c656b9ef524d3b4bfb42d59c20116e83ad6d0b8d2f83e039e6,True
M0708,98,66,0,48,114,1642.7738353960397,2943.0491820081643,1946.7203925879144,6532.5434099921185,137.7459086681153,708,277b20e8eb55e0c656b9ef524d3b4bfb42d59c20116e83ad6d0b8d2f83e039e6,True
M0709,116,83,0,36,119,2232.5149750702467,2740.588726016838,908.2595008878062,5881.36320197489,456.71900751523816,709,277b20e8eb55e0c656b9ef524d3b4bfb42d59c20116e83ad6d0b8d2f83e039e6,True
M0710,99,69,0,34,103,1859.3346314740709,2098.2110333040428,446.9401951028046,4404.485859880919,28.080739517833024,710,277b20e8eb55e0c656b9ef524d3b4bfb42d59c20116e83ad6d0b8d2f83e039e6,True
M0711,92,59,1,47,107,1681.2508216809813,3470.087382868759,1128.5158628297565,6279.854067379497,206.44295965732096,711,277b20e8eb55e0c656b9ef524d3b4bfb42d59c20116e83ad6d0b8d2f83e039e6,True
M0712,84,57,0,29,86,1480.7536080607993,1765.8005418472103,860.0332661149157,4106.587416022925,0.0,712,277b20e8eb55e0c656b9ef524d3b4bfb42d59c20116e83ad6d0b8d2f83e039e6,True
M0713,98,65,0,42,107,1720.5683121601037,2891.767496102117,790.8511742234008,5403.186982485621,578.4649789647196,713,277b20e8eb55e0c656b9ef524d3b4bfb42d59c20116e83ad6d0b8d2f83e039e6,True
M0714,98,72,0,31,103,1874.3223338612338,2247.498462786489,662.6238577919914,4784.444654439714,132.83485650403847,714,277b20e8eb55e0c656b9ef524d3b4bfb42d59c20116e83ad6d0b8d2f83e039e6,True
M0715,119,84,0,40,124,2283.7903602446363,2085.6435190793973,718.4081977531113,5087.8420770771445,66.86096004382077,715,277b20e8eb55e0c656b9ef524d3b4bfb42d59c20116e83ad6d0b8d2f83e039e6,True
M0716,101,73,0,48,121,2056.4216671095774,3487.515389660508,938.8904011011138,6482.827457871199,342.9705503479445,716,277b20e8eb55e0c656b9ef524d3b4bfb42d59c20116e83ad6d0b8d2f83e039e6,True
M0717,96,75,0,39,114,1793.8715051789216,2677.4863768608593,885.8075952859493,5357.16547732573,95.2413844502895,717,277b20e8eb55e0c656b9ef524d3b4bfb42d59c20116e83ad6d0b8d2f83e039e6,True
M0718,108,77,0,44,121,2109.299876837167,3002.9083381821447,1336.6739438126629,6448.882158831975,258.75508789845844,718,277b20e8eb55e0c656b9ef524d3b4bfb42d59c20116e83ad6d0b8d2f83e039e6,True
M0719,110,74,0,42,116,1998.581286737688,2710.83208868372,198.50839553142748,4907.921770952836,83.86082763386337,719,277b20e8eb55e0c656b9ef524d3b4bfb42d59c20116e83ad6d0b8d2f83e039e6,True
M0720,108,77,0,50,127,2369.7745490390057,2940.50818498371,493.05663836390374,5803.339372386619,840.1740017024446,720,277b20e8eb55e0c656b9ef524d3b4bfb42d59c20116e83ad6d0b8d2f83e039e6,True
M0721,94,64,0,43,107,1769.412180670946,2989.356922948823,1491.8375140463152,6250.606617666084,332.72303827352124,721,277b20e8eb55e0c656b9ef524d3b4bfb42d59c20116e83ad6d0b8d2f83e039e6,True
M0722,92,64,0,39,103,1857.7131856208014,2794.3767793449742,752.6561987526353,5404.7461637184115,0.0,722,277b20e8eb55e0c656b9ef524d3b4bfb42d59c20116e83ad6d0b8d2f83e039e6,True
M0723,105,81,0,47,128,2123.4836819654042,2805.9129540654635,638.2114724364607,5567.608108467329,58.00834135637895,723,277b20e8eb55e0c656b9ef524d3b4bfb42d59c20116e83ad6d0b8d2f83e039e6,True
M0724,87,54,1,40,95,1427.8117997659297,2190.700972399053,1365.951227485106,4984.463999650089,21.155689943073384,724,277b20e8eb55e0c656b9ef524d3b4bfb42d59c20116e83ad6d0b8d2f83e039e6,True
M0725,96,63,0,34,97,1606.0086867085554,2228.475382822986,759.5988114011581,4594.0828809326995,81.52640773947823,725,277b20e8eb55e0c656b9ef524d3b4bfb42d59c20116e83ad6d0b8d2f83e039e6,True
M0726,98,69,0,41,110,1729.227050681669,2819.3647062771634,1452.2001398591424,6000.791896817975,201.23572103127034,726,277b20e8eb55e0c656b9ef524d3b4bfb42d59c20116e83ad6d0b8d2f83e039e6,True
M0727,77,51,0,36,87,1480.6005393401213,2403.0553814088203,810.2319917488727,4693.887912497815,161.4900633785441,727,277b20e8eb55e0c656b9ef524d3b4bfb42d59c20116e83ad6d0b8d2f83e039e6,True
M0728,104,80,1,41,122,2205.0949717865005,2591.5892721514,488.07784998868516,5284.762093926586,0.0,728,277b20e8eb55e0c656b9ef524d3b4bfb42d59c20116e83ad6d0b8d2f83e039e6,True
M0729,90,65,1,32,98,1849.1645890453235,2045.0948536388728,514.5404080489665,4408.799850733162,66.53602391631605,729,277b20e8eb55e0c656b9ef524d3b4bfb42d59c20116e83ad6d0b8d2f83e039e6,True
M0730,92,65,0,39,104,1887.2853436627752,2287.2340114748536,564.5286295841976,4739.047984721827,14.699566653127604,730,277b20e8eb55e0c656b9ef524d3b4bfb42d59c20116e83ad6d0b8d2f83e039e6,True
M0731,106,72,0,41,113,1853.1160479956868,2611.7633773360567,1671.9440826107984,6136.823507942542,44.773037998761254,731,277b20e8eb55e0c656b9ef524d3b4bfb42d59c20116e83ad6d0b8d2f83e039e6,True
M0732,106,78,0,47,125,2005.571758887523,2948.9230351184115,2240.386283104717,7194.881077110652,305.1918544009254,732,277b20e8eb55e0c656b9ef524d3b4bfb42d59c20116e83ad6d0b8d2f83e039e6,True
M0733,114,78,0,45,123,1964.8058550269054,2941.9132765485774,571.7687151936242,5478.487846769107,249.64308095043742,733,277b20e8eb55e0c656b9ef524d3b4bfb42d59c20116e83ad6d0b8d2f83e039e6,True
M0734,80,65,0,36,101,1839.7005895524355,2364.335566087194,567.3243310341711,4771.360486673801,147.0660146342624,734,277b20e8eb55e0c656b9ef524d3b4bfb42d59c20116e83ad6d0b8d2f83e039e6,True
M0735,87,59,2,36,97,1398.200634875847,2515.7053370569024,981.3038251305416,4895.209797063291,21.38527641755246,735,277b20e8eb55e0c656b9ef524d3b4bfb42d59c20116e83ad6d0b8d2f83e039e6,True
M0736,96,60,1,40,101,1644.7570056715851,2480.9113129634443,731.8402815149987,4857.508600150028,139.5030825353875,736,277b20e8eb55e0c656b9ef524d3b4bfb42d59c20116e83ad6d0b8d2f83e039e6,True
M0737,98,66,0,39,105,1782.7284882580184,2203.317938358543,861.2691330608712,4847.315559677432,37.3357197033514,737,277b20e8eb55e0c656b9ef524d3b4bfb42d59c20116e83ad6d0b8d2f83e039e6,True
M0738,101,70,1,46,117,1828.5783232807705,3012.924895138457,1094.470713413191,5935.973931832419,53.267601264762675,738,277b20e8eb55e0c656b9ef524d3b4bfb42d59c20116e83ad6d0b8d2f83e039e6,True
M0739,100,62,1,44,107,1781.500302055382,2702.6710713183998,633.5736379746545,5117.745011348436,22.097540445733145,739,277b20e8eb55e0c656b9ef524d3b4bfb42d59c20116e83ad6d0b8d2f83e039e6,True
M0740,92,61,0,35,96,1773.628761786555,1973.2883639238362,596.9585978879053,4343.875723598297,168.52516296157356,740,277b20e8eb55e0c656b9ef524d3b4bfb42d59c20116e83ad6d0b8d2f83e039e6,True
M0741,121,94,0,41,135,2268.973791009462,2205.1600511595225,900.8782099856217,5375.012052154606,6.326090582330579,741,277b20e8eb55e0c656b9ef524d3b4bfb42d59c20116e83ad6d0b8d2f83e039e6,True
M0742,109,71,0,40,111,2015.1753101259824,2777.1672239361124,1311.0902783233682,6103.432812385463,168.1522116501599,742,277b20e8eb55e0c656b9ef524d3b4bfb42d59c20116e83ad6d0b8d2f83e039e6,True
M0743,93,62,0,44,106,1509.4237803407555,2617.489474816239,765.9465700749831,4892.859825231978,283.8987175792154,743,277b20e8eb55e0c656b9ef524d3b4bfb42d59c20116e83ad6d0b8d2f83e039e6,True
M0744,97,64,0,42,106,2059.0915941976205,3295.835577653971,148.75081794994873,5503.677989801541,125.05184509059268,744,277b20e8eb55e0c656b9ef524d3b4bfb42d59c20116e83ad6d0b8d2f83e039e6,True
M0745,90,69,0,36,105,2030.2638108744775,2576.5673907290015,706.162804910368,5312.994006513847,262.3143227298106,745,277b20e8eb55e0c656b9ef524d3b4bfb42d59c20116e83ad6d0b8d2f83e039e6,True
M0746,91,64,0,38,102,1738.7388770615203,2665.6494061890453,612.3466054693662,5016.734888719932,245.29458576011032,746,277b20e8eb55e0c656b9ef524d3b4bfb42d59c20116e83ad6d0b8d2f83e039e6,True
M0747,83,62,0,33,95,1980.6950207454904,1830.3796335385048,382.7284468401803,4193.803101124176,0.0,747,277b20e8eb55e0c656b9ef524d3b4bfb42d59c20116e83ad6d0b8d2f83e039e6,True
M0748,91,54,0,37,91,1334.356695795199,2801.5748281412366,341.4083778702258,4477.339901806661,646.6471431348078,748,277b20e8eb55e0c656b9ef524d3b4bfb42d59c20116e83ad6d0b8d2f83e039e6,True
M0749,107,72,1,40,113,1755.2820083232457,2917.040763008376,211.93205301426582,4884.254824345888,221.92839953385246,749,277b20e8eb55e0c656b9ef524d3b4bfb42d59c20116e83ad6d0b8d2f83e039e6,True
M0750,88,59,0,41,100,1533.746121609077,3430.060214477772,558.3000559737276,5522.106392060577,232.5298191530534,750,277b20e8eb55e0c656b9ef524d3b4bfb42d59c20116e83ad6d0b8d2f83e039e6,True
M0751,106,77,0,45,122,2607.762967537434,2082.805274721673,902.3681783776916,5592.936420636799,0.0,751,277b20e8eb55e0c656b9ef524d3b4bfb42d59c20116e83ad6d0b8d2f83e039e6,True
M0752,87,64,0,32,96,1821.0590956184728,1522.8278326524048,1069.0842701919016,4412.971198462779,84.72714289674619,752,277b20e8eb55e0c656b9ef524d3b4bfb42d59c20116e83ad6d0b8d2f83e039e6,True
M0753,113,75,1,48,124,2092.997963313419,3091.125864455965,1151.4341184549226,6335.557946224306,275.5825843089858,753,277b20e8eb55e0c656b9ef524d3b4bfb42d59c20116e83ad6d0b8d2f83e039e6,True
M0754,93,62,1,40,103,1706.353543073419,2314.7640010277155,296.746950382326,4317.8644944834605,432.4015562426508,754,277b20e8eb55e0c656b9ef524d3b4bfb42d59c20116e83ad6d0b8d2f83e039e6,True
M0755,93,65,1,32,98,1692.7007653939415,2216.889278704166,735.2777423014692,4644.867786399577,130.5164266177003,755,277b20e8eb55e0c656b9ef524d3b4bfb42d59c20116e83ad6d0b8d2f83e039e6,True
M0756,89,64,0,33,97,1693.1595940831478,2685.839807028022,774.9685537431156,5153.967954854285,240.26596009159636,756,277b20e8eb55e0c656b9ef524d3b4bfb42d59c20116e83ad6d0b8d2f83e039e6,True
M0757,102,70,1,39,110,1846.6158988807942,2792.2874317166124,574.977327312886,5213.880657910292,0.0,757,277b20e8eb55e0c656b9ef524d3b4bfb42d59c20116e83ad6d0b8d2f83e039e6,True
M0758,87,61,2,42,105,2200.4516913754737,2665.802914621358,316.6762255667621,5182.9308315635935,99.34965662088308,758,277b20e8eb55e0c656b9ef524d3b4bfb42d59c20116e83ad6d0b8d2f83e039e6,True
M0759,118,77,0,49,126,1935.6897586086561,2352.0832094651882,1334.86701590003,5622.639983973875,2.5778943301773296,759,277b20e8eb55e0c656b9ef524d3b4bfb42d59c20116e83ad6d0b8d2f83e039e6,True
M0760,101,73,2,37,112,2309.3638370285307,2399.348742258629,1017.6846733740567,5726.397252661216,32.68589467973118,760,277b20e8eb55e0c656b9ef524d3b4bfb42d59c20116e83ad6d0b8d2f83e039e6,True
M0761,108,74,1,51,126,2192.0870811432087,2945.659756832961,1442.0268023652764,6579.7736403414465,69.96015220331975,761,277b20e8eb55e0c656b9ef524d3b4bfb42d59c20116e83ad6d0b8d2f83e039e6,True
M0762,96,70,0,38,108,1827.4687128809303,3047.646553269842,521.9185341474388,5397.033800298211,95.32551226476603,762,277b20e8eb55e0c656b9ef524d3b4bfb42d59c20116e83ad6d0b8d2f83e039e6,True
M0763,88,54,0,37,91,1357.649905853296,1734.435158798777,1292.70651359819,4384.791578250263,347.4283149333602,763,277b20e8eb55e0c656b9ef524d3b4bfb42d59c20116e83ad6d0b8d2f83e039e6,True
M0764,118,77,2,41,120,2017.0092268964622,2058.1246940854103,758.924437843071,4834.058358824944,0.0,764,277b20e8eb55e0c656b9ef524d3b4bfb42d59c20116e83ad6d0b8d2f83e039e6,True
M0765,112,79,0,49,128,1878.1814363966505,3702.293598234298,267.30038997395286,5847.775424604901,55.205540945822094,765,277b20e8eb55e0c656b9ef524d3b4bfb42d59c20116e83ad6d0b8d2f83e039e6,True
M0766,121,81,1,43,125,2100.8600810472353,2761.6129102662503,476.70855196019767,5339.181543273683,52.25642137164809,766,277b20e8eb55e0c656b9ef524d3b4bfb42d59c20116e83ad6d0b8d2f83e039e6,True
M0767,103,68,0,44,112,1717.6210622835163,2742.4260264653026,1574.5494241609786,6034.596512909798,354.98984725522564,767,277b20e8eb55e0c656b9ef524d3b4bfb42d59c20116e83ad6d0b8d2f83e039e6,True
M0768,107,74,0,40,114,1999.5515626125741,2338.057887881793,487.22833677917015,4824.837787273536,329.47346149572815,768,277b20e8eb55e0c656b9ef524d3b4bfb42d59c20116e83ad6d0b8d2f83e039e6,True
M0769,92,57,1,38,96,1631.8656496690605,2667.4738868777854,499.798898182132,4799.138434728978,35.169855627525465,769,277b20e8eb55e0c656b9ef524d3b4bfb42d59c20116e83ad6d0b8d2f83e039e6,True
M0770,126,88,0,43,131,2164.026660416204,2883.2816516086277,381.7588928935792,5429.067204918411,250.4117262779769,770,277b20e8eb55e0c656b9ef524d3b4bfb42d59c20116e83ad6d0b8d2f83e039e6,True
M0771,114,71,0,39,110,1941.9685273055882,2142.7828551003477,501.70228168139437,4586.45366408733,0.0,771,277b20e8eb55e0c656b9ef524d3b4bfb42d59c20116e83ad6d0b8d2f83e039e6,True
M0772,93,63,0,37,100,1600.0425597243943,2632.31009387467,507.14009055935475,4739.492744158419,47.8058262593006,772,277b20e8eb55e0c656b9ef524d3b4bfb42d59c20116e83ad6d0b8d2f83e039e6,True
M0773,87,57,0,42,99,1550.2160004335528,2410.9910138103987,2196.7034636456433,6157.910477889594,275.02825912439914,773,277b20e8eb55e0c656b9ef524d3b4bfb42d59c20116e83ad6d0b8d2f83e039e6,True
M0774,96,69,0,30,99,1599.677919850919,1258.836214082211,534.816983948514,3393.331117881644,0.0,774,277b20e8eb55e0c656b9ef524d3b4bfb42d59c20116e83ad6d0b8d2f83e039e6,True
M0775,112,87,0,43,130,2614.694602594131,2431.594535293412,1263.2828152074187,6309.571953094962,15.496341686337047,775,277b20e8eb55e0c656b9ef524d3b4bfb42d59c20116e83ad6d0b8d2f83e039e6,True
M0776,103,73,0,30,103,2190.8758982890154,1449.4224235883528,284.5797553516471,3924.878077229015,165.95762956914584,776,277b20e8eb55e0c656b9ef524d3b4bfb42d59c20116e83ad6d0b8d2f83e039e6,True
M0777,99,61,1,43,105,1770.1505454213818,2302.922790577005,1603.7041937984932,5676.77752979688,156.28622290569263,777,277b20e8eb55e0c656b9ef524d3b4bfb42d59c20116e83ad6d0b8d2f83e039e6,True
M0778,92,71,0,42,113,2185.0631970543313,2802.308855464007,1080.2667095250658,6067.638762043403,280.3200078550073,778,277b20e8eb55e0c656b9ef524d3b4bfb42d59c20116e83ad6d0b8d2f83e039e6,True
M0779,94,67,1,39,107,2027.6927386748234,2548.781243538262,390.93098745090566,4967.40496966399,72.33743561294293,779,277b20e8eb55e0c656b9ef524d3b4bfb42d59c20116e83ad6d0b8d2f83e039e6,True
M0780,86,64,1,30,95,1707.9518839978675,2003.861234663282,538.4303443047249,4250.243462965875,366.9231944218426,780,277b20e8eb55e0c656b9ef524d3b4bfb42d59c20116e83ad6d0b8d2f83e039e6,True
M0781,93,70,0,47,117,1790.9588664821872,2542.338057429522,1251.821667773239,5585.118591684948,29.98660361403489,781,277b20e8eb55e0c656b9ef524d3b4bfb42d59c20116e83ad6d0b8d2f83e039e6,True
M0782,108,73,0,45,118,1909.6339413015853,2863.420673938987,888.8528073819847,5661.907422622557,128.2986142111639,782,277b20e8eb55e0c656b9ef524d3b4bfb42d59c20116e83ad6d0b8d2f83e039e6,True
M0783,102,77,0,36,113,2196.2864462995376,2408.0373563317553,410.8245943938876,5015.14839702518,24.991850930436996,783,277b20e8eb55e0c656b9ef524d3b4bfb42d59c20116e83ad6d0b8d2f83e039e6,True
M0784,112,80,0,53,133,2278.5568009361878,3814.6843667578723,947.1647068437683,7040.405874537828,770.4420493045546,784,277b20e8eb55e0c656b9ef524d3b4bfb42d59c20116e83ad6d0b8d2f83e039e6,True
M0785,108,79,1,45,125,1863.1441073792062,2752.0314630094326,1572.9008359667332,6188.0764063553725,846.3183691959592,785,277b20e8eb55e0c656b9ef524d3b4bfb42d59c20116e83ad6d0b8d2f83e039e6,True
M0786,90,67,0,33,100,2007.9253766500915,3163.438154448022,565.043693344525,5736.407224442639,153.0504771287173,786,277b20e8eb55e0c656b9ef524d3b4bfb42d59c20116e83ad6d0b8d2f83e039e6,True
M0787,126,89,0,52,141,2511.7661682978396,3313.7436591039996,1235.836716852623,7061.346544254462,353.5134365071085,787,277b20e8eb55e0c656b9ef524d3b4bfb42d59c20116e83ad6d0b8d2f83e039e6,True
M0788,92,70,1,37,108,1978.3860173515602,2518.2168127930204,95.18328381681512,4591.786113961395,173.7593071780606,788,277b20e8eb55e0c656b9ef524d3b4bfb42d59c20116e83ad6d0b8d2f83e039e6,True
M0789,86,58,0,46,104,1459.226564539486,3335.0133246182904,1021.6687207465802,5815.908609904356,79.13673186995399,789,277b20e8eb55e0c656b9ef524d3b4bfb42d59c20116e83ad6d0b8d2f83e039e6,True
M0790,107,74,0,47,121,1974.9360305112198,2861.082731550633,1665.33065042665,6501.349412488503,20.500399672744706,790,277b20e8eb55e0c656b9ef524d3b4bfb42d59c20116e83ad6d0b8d2f83e039e6,True
M0791,87,59,0,35,94,1698.998563748381,1777.472139335744,675.4233699410181,4151.894073025143,297.3676344105157,791,277b20e8eb55e0c656b9ef524d3b4bfb42d59c20116e83ad6d0b8d2f83e039e6,True
M0792,109,75,0,51,126,1937.3136741131775,2901.4375505255107,858.4614903881908,5697.21271502688,272.08353615779,792,277b20e8eb55e0c656b9ef524d3b4bfb42d59c20116e83ad6d0b8d2f83e039e6,True
M0793,105,73,0,42,115,2120.8522831427867,2586.883513932036,683.9145842036572,5391.6503812784795,324.2625853154708,793,277b20e8eb55e0c656b9ef524d3b4bfb42d59c20116e83ad6d0b8d2f83e039e6,True
M0794,109,65,0,39,104,2029.6535239210584,2240.8770727960346,988.1030713123715,5258.633668029465,64.05619158029597,794,277b20e8eb55e0c656b9ef524d3b4bfb42d59c20116e83ad6d0b8d2f83e039e6,True
M0795,104,68,1,45,114,1857.2250079836742,3500.85448534125,853.0334546062933,6211.112947931218,189.09227847487756,795,277b20e8eb55e0c656b9ef524d3b4bfb42d59c20116e83ad6d0b8d2f83e039e6,True
M0796,96,68,0,39,107,1762.4575405755015,2310.134270803304,727.5126899207081,4800.104501299514,5.806189939415347,796,277b20e8eb55e0c656b9ef524d3b4bfb42d59c20116e83ad6d0b8d2f83e039e6,True
M0797,82,54,0,35,89,1476.7663391106569,2098.117654602673,1241.7121365502835,4816.596130263613,55.75392758538919,797,277b20e8eb55e0c656b9ef524d3b4bfb42d59c20116e83ad6d0b8d2f83e039e6,True
M0798,108,75,0,44,119,1660.616685839617,2588.4218359874762,1269.2595919643645,5518.298113791458,226.63464783386925,798,277b20e8eb55e0c656b9ef524d3b4bfb42d59c20116e83ad6d0b8d2f83e039e6,True
M0799,98,75,0,39,114,2327.788765540875,2885.550434129509,592.4226528216604,5805.761852492044,74.82715506979078,799,277b20e8eb55e0c656b9ef524d3b4bfb42d59c20116e83ad6d0b8d2f83e039e6,True
M0800,93,69,0,36,105,1726.9388984971943,2365.07643771714,665.6274330039828,4757.642769218317,274.6816059727638,800,277b20e8eb55e0c656b9ef524d3b4bfb42d59c20116e83ad6d0b8d2f83e039e6,True
M0801,105,68,1,40,109,2036.3031128447253,3086.80720298568,503.32399260468884,5626.434308435094,140.6155438159993,801,277b20e8eb55e0c656b9ef524d3b4bfb42d59c20116e83ad6d0b8d2f83e039e6,True
M0802,113,85,0,36,121,2063.074061112448,2056.6093713486207,1574.046825115549,5693.730257576617,183.6369551964372,802,277b20e8eb55e0c656b9ef524d3b4bfb42d59c20116e83ad6d0b8d2f83e039e6,True
M0803,92,52,0,42,94,1529.722989402887,2443.0162573469884,809.4624573337275,4782.201704083603,133.62381928148886,803,277b20e8eb55e0c656b9ef524d3b4bfb42d59c20116e83ad6d0b8d2f83e039e6,True
M0804,94,64,0,33,97,1744.6147852338788,2049.1814351807734,554.7120541459587,4348.508274560611,146.61087948880729,804,277b20e8eb55e0c656b9ef524d3b4bfb42d59c20116e83ad6d0b8d2f83e039e6,True
M0805,106,76,0,39,115,2033.2591783931764,2586.3745744073367,447.0109748152955,5066.644727615809,34.13840414026838,805,277b20e8eb55e0c656b9ef524d3b4bfb42d59c20116e83ad6d0b8d2f83e039e6,True
M0806,102,71,0,36,107,1877.4155555653676,1681.66196945108,737.336203183014,4296.413728199462,91.70070852801564,806,277b20e8eb55e0c656b9ef524d3b4bfb42d59c20116e83ad6d0b8d2f83e039e6,True
M0807,104,74,0,39,113,1828.3366687484556,2490.9453741382968,342.2324784562047,4661.514521342957,176.9231884222682,807,277b20e8eb55e0c656b9ef524d3b4bfb42d59c20116e83ad6d0b8d2f83e039e6,True
M0808,89,63,1,31,95,1647.3477821085978,1944.9976715015562,506.48903163666205,4098.834485246816,17.00426667930546,808,277b20e8eb55e0c656b9ef524d3b4bfb42d59c20116e83ad6d0b8d2f83e039e6,True
M0809,98,63,0,39,102,1764.7246254721213,2182.236867983355,1218.9768809209518,5165.938374376428,42.095699242532675,809,277b20e8eb55e0c656b9ef524d3b4bfb42d59c20116e83ad6d0b8d2f83e039e6,True
M0810,85,61,0,31,92,1610.0763568799862,2026.2475555607452,563.7196403509923,4200.043552791723,0.0,810,277b20e8eb55e0c656b9ef524d3b4bfb42d59c20116e83ad6d0b8d2f83e039e6,True
M0811,103,66,0,38,104,2002.782056445434,2419.9469356113336,963.6042189496227,5386.33321100639,78.40728916580508,811,277b20e8eb55e0c656b9ef524d3b4bfb42d59c20116e83ad6d0b8d2f83e039e6,True
M0812,92,61,1,32,94,1835.259785226085,1855.2895512530756,1120.6155334647308,4811.164869943891,42.875836909340094,812,277b20e8eb55e0c656b9ef524d3b4bfb42d59c20116e83ad6d0b8d2f83e039e6,True
M0813,94,62,0,38,100,1649.2213367906497,2892.474482214406,729.0312938018558,5270.7271128069115,296.15934286972197,813,277b20e8eb55e0c656b9ef524d3b4bfb42d59c20116e83ad6d0b8d2f83e039e6,True
M0814,97,69,0,38,107,2362.4247495516524,2887.51274425292,593.6081632809095,5843.545657085482,637.2100105923541,814,277b20e8eb55e0c656b9ef524d3b4bfb42d59c20116e83ad6d0b8d2f83e039e6,True
M0815,93,65,0,34,99,1891.1596112173725,1796.5758837310793,728.4312475852275,4416.166742533679,850.2182381515154,815,277b20e8eb55e0c656b9ef524d3b4bfb42d59c20116e83ad6d0b8d2f83e039e6,True
M0816,117,82,3,49,134,2352.5679765074765,3160.06117508175,909.3088088956767,6421.937960484903,141.23379621309468,816,277b20e8eb55e0c656b9ef524d3b4bfb42d59c20116e83ad6d0b8d2f83e039e6,True
M0817,110,72,0,47,119,2054.2965375396834,3228.6586398147156,998.9492801154362,6281.9044574698355,81.07612476947331,817,277b20e8eb55e0c656b9ef524d3b4bfb42d59c20116e83ad6d0b8d2f83e039e6,True
M0818,109,77,1,52,130,2240.1002062247267,3500.846160196688,898.301308032638,6639.247674454053,0.0,818,277b20e8eb55e0c656b9ef524d3b4bfb42d59c20116e83ad6d0b8d2f83e039e6,True
M0819,104,78,0,42,120,1787.6673389074806,2569.502560391628,1541.1893831521936,5898.3592824513025,247.6875878438827,819,277b20e8eb55e0c656b9ef524d3b4bfb42d59c20116e83ad6d0b8d2f83e039e6,True
M0820,90,61,0,34,95,1547.6404884852489,1847.9240258354607,241.52167139119507,3637.0861857119044,186.71957965690189,820,277b20e8eb55e0c656b9ef524d3b4bfb42d59c20116e83ad6d0b8d2f83e039e6,True
M0821,93,67,1,39,107,1903.0533540479998,2728.9581054235614,814.047454375947,5446.058913847509,28.141608782288245,821,277b20e8eb55e0c656b9ef524d3b4bfb42d59c20116e83ad6d0b8d2f83e039e6,True
M0822,87,62,0,33,95,1743.8068084712454,2001.034314087879,416.686068800343,4161.527191359467,197.45816385731655,822,277b20e8eb55e0c656b9ef524d3b4bfb42d59c20116e83ad6d0b8d2f83e039e6,True
M0823,86,60,1,32,93,1521.8576605947994,2023.4326529409143,1284.7242920527879,4830.014605588502,40.39155777204297,823,277b20e8eb55e0c656b9ef524d3b4bfb42d59c20116e83ad6d0b8d2f83e039e6,True
M0824,103,76,0,40,116,1869.318217770724,2839.1935274607185,311.0427693329712,5019.554514564414,303.2193893595029,824,277b20e8eb55e0c656b9ef524d3b4bfb42d59c20116e83ad6d0b8d2f83e039e6,True
M0825,92,61,1,38,100,1754.9095192066898,2676.3067396242336,575.3849740245835,5006.601232855507,73.12274959892646,825,277b20e8eb55e0c656b9ef524d3b4bfb42d59c20116e83ad6d0b8d2f83e039e6,True
M0826,106,70,0,44,114,1800.1588561121996,2718.67920945109,506.7203989251637,5025.558464488454,155.98213938787444,826,277b20e8eb55e0c656b9ef524d3b4bfb42d59c20116e83ad6d0b8d2f83e039e6,True
M0827,92,59,0,43,102,2061.220464085306,2746.872299937178,1451.6858104538894,6259.778574476373,46.41696590005441,827,277b20e8eb55e0c656b9ef524d3b4bfb42d59c20116e83ad6d0b8d2f83e039e6,True
M0828,112,75,0,35,110,1970.041333343327,2320.6846973783636,673.024848374168,4963.750879095859,17.355291753466588,828,277b20e8eb55e0c656b9ef524d3b4bfb42d59c20116e83ad6d0b8d2f83e039e6,True
M0829,86,58,0,29,87,1264.83143205334,1794.5514668305375,780.7728934712554,3840.155792355133,47.54352784605243,829,277b20e8eb55e0c656b9ef524d3b4bfb42d59c20116e83ad6d0b8d2f83e039e6,True
M0830,106,77,1,41,119,2065.1186320348975,2951.370354758291,1323.911178340309,6340.400165133498,245.62681185638408,830,277b20e8eb55e0c656b9ef524d3b4bfb42d59c20116e83ad6d0b8d2f83e039e6,True
M0831,82,57,1,29,87,1656.0021209408353,1623.8468075882595,1103.3321612392003,4383.181089768295,13.218182072941588,831,277b20e8eb55e0c656b9ef524d3b4bfb42d59c20116e83ad6d0b8d2f83e039e6,True
M0832,73,55,0,39,94,1519.303948505881,2091.7531695549505,541.4389495998831,4152.496067660714,0.0,832,277b20e8eb55e0c656b9ef524d3b4bfb42d59c20116e83ad6d0b8d2f83e039e6,True
M0833,111,74,0,43,117,1834.6240966188814,2187.665370311454,956.0151771741774,4978.304644104513,50.48852371183352,833,277b20e8eb55e0c656b9ef524d3b4bfb42d59c20116e83ad6d0b8d2f83e039e6,True
M0834,101,77,0,38,115,1873.9513303447404,2856.120629483116,305.0984401033321,5035.1703999311885,124.4963989662985,834,277b20e8eb55e0c656b9ef524d3b4bfb42d59c20116e83ad6d0b8d2f83e039e6,True
M0835,100,65,1,40,106,2507.9607614340575,2801.768616515409,1206.56024205223,6516.289620001697,0.0,835,277b20e8eb55e0c656b9ef524d3b4bfb42d59c20116e83ad6d0b8d2f83e039e6,True
M0836,72,47,1,32,80,1399.6800055100503,2101.14320902799,640.2887646716393,4141.11197920968,77.55439893929508,836,277b20e8eb55e0c656b9ef524d3b4bfb42d59c20116e83ad6d0b8d2f83e039e6,True
M0837,95,74,1,35,110,1949.080947143142,2041.4146472345005,136.11273376381084,4126.608328141453,0.0,837,277b20e8eb55e0c656b9ef524d3b4bfb42d59c20116e83ad6d0b8d2f83e039e6,True
M0838,93,64,0,40,104,1606.1176507084442,2326.6182684368387,778.4411163697351,4711.177035515018,0.0,838,277b20e8eb55e0c656b9ef524d3b4bfb42d59c20116e83ad6d0b8d2f83e039e6,True
M0839,115,87,0,44,131,2644.3573418766987,2820.1584917377522,791.6007673220586,6256.116600936509,530.6770423335639,839,277b20e8eb55e0c656b9ef524d3b4bfb42d59c20116e83ad6d0b8d2f83e039e6,True
M0840,108,69,1,45,115,1808.145414201599,2612.2295121324714,1149.8318680260502,5570.2067943601205,159.5861715167683,840,277b20e8eb55e0c656b9ef524d3b4bfb42d59c20116e83ad6d0b8d2f83e039e6,True
M0841,88,66,0,31,97,1760.747817935542,2321.47268537978,739.9006542709277,4822.12115758625,383.4263762758073,841,277b20e8eb55e0c656b9ef524d3b4bfb42d59c20116e83ad6d0b8d2f83e039e6,True
M0842,98,65,0,35,100,1901.118656356745,2113.8941695382587,249.81753682016458,4264.830362715168,29.452778692844788,842,277b20e8eb55e0c656b9ef524d3b4bfb42d59c20116e83ad6d0b8d2f83e039e6,True
M0843,105,65,0,47,112,1360.5023057911878,2699.577156875665,1067.8469198460048,5127.926382512858,16.542856255625452,843,277b20e8eb55e0c656b9ef524d3b4bfb42d59c20116e83ad6d0b8d2f83e039e6,True
M0844,122,84,1,53,138,1988.2429643772318,3485.7053446701766,614.4590814027154,6088.407390450124,471.8650066526126,844,277b20e8eb55e0c656b9ef524d3b4bfb42d59c20116e83ad6d0b8d2f83e039e6,True
M0845,98,70,0,41,111,1807.0256473122374,2722.7862949534237,373.6598601708451,4903.471802436506,132.72259738988473,845,277b20e8eb55e0c656b9ef524d3b4bfb42d59c20116e83ad6d0b8d2f83e039e6,True
M0846,93,66,0,39,105,1452.3746273544032,2519.300471680144,2207.1444631879576,6178.819562222505,385.8510677023017,846,277b20e8eb55e0c656b9ef524d3b4bfb42d59c20116e83ad6d0b8d2f83e039e6,True
M0847,87,61,0,44,105,1938.6309873286405,3070.7003938298576,905.8642613849142,5915.195642543412,353.6787041471408,847,277b20e8eb55e0c656b9ef524d3b4bfb42d59c20116e83ad6d0b8d2f83e039e6,True
M0848,98,68,0,38,106,1732.8044656397105,2919.87072119803,778.1196856721417,5430.794872509882,337.2569318521844,848,277b20e8eb55e0c656b9ef524d3b4bfb42d59c20116e83ad6d0b8d2f83e039e6,True
M0849,102,72,1,31,104,1833.396733706022,2138.3289012994483,403.12151336900894,4374.84714837448,116.29624989366386,849,277b20e8eb55e0c656b9ef524d3b4bfb42d59c20116e83ad6d0b8d2f83e039e6,True
M0850,108,67,0,34,101,2113.7304337567775,1818.0874153017621,870.456056838236,4802.273905896775,292.2309017048527,850,277b20e8eb55e0c656b9ef524d3b4bfb42d59c20116e83ad6d0b8d2f83e039e6,True
M0851,105,72,0,45,117,1814.3551296465653,2429.970518276614,788.2821031957036,5032.607751118882,51.74275250919324,851,277b20e8eb55e0c656b9ef524d3b4bfb42d59c20116e83ad6d0b8d2f83e039e6,True
M0852,101,70,0,46,116,1678.6774887884292,3460.799155129291,370.23778332974297,5509.714427247463,230.18428849049474,852,277b20e8eb55e0c656b9ef524d3b4bfb42d59c20116e83ad6d0b8d2f83e039e6,True
M0853,90,71,2,37,110,2025.6774698008462,2977.4160131599724,1017.0454441401728,6020.138927100991,240.96143241787058,853,277b20e8eb55e0c656b9ef524d3b4bfb42d59c20116e83ad6d0b8d2f83e039e6,True
M0854,99,70,0,32,102,1703.2371898858942,2066.4821309133526,717.8777508076104,4487.597071606857,29.772141176326784,854,277b20e8eb55e0c656b9ef524d3b4bfb42d59c20116e83ad6d0b8d2f83e039e6,True
M0855,100,65,0,41,106,1765.3429920239787,2408.9427540326055,335.06772370619547,4509.35346976278,419.706112908534,855,277b20e8eb55e0c656b9ef524d3b4bfb42d59c20116e83ad6d0b8d2f83e039e6,True
M0856,89,57,1,28,86,1557.6921677971725,1965.7612511933387,986.2737423213341,4509.7271613118455,143.9717175326637,856,277b20e8eb55e0c656b9ef524d3b4bfb42d59c20116e83ad6d0b8d2f83e039e6,True
M0857,91,66,0,32,98,1676.4866019537042,1835.915093753295,1021.9876461888102,4534.389341895809,285.95536153595856,857,277b20e8eb55e0c656b9ef524d3b4bfb42d59c20116e83ad6d0b8d2f83e039e6,True
M0858,85,56,0,32,88,1375.6505342655873,1681.2481040276502,1237.1927581579328,4294.09139645117,27.689407115677596,858,277b20e8eb55e0c656b9ef524d3b4bfb42d59c20116e83ad6d0b8d2f83e039e6,True
M0859,114,84,0,53,137,2252.651422565197,3432.81129390032,765.2337737019712,6450.696490167489,641.019444026661,859,277b20e8eb55e0c656b9ef524d3b4bfb42d59c20116e83ad6d0b8d2f83e039e6,True
M0860,109,77,0,41,118,1904.0491604776748,2936.181570217148,1145.8077162877323,5986.038446982555,662.3195506653018,860,277b20e8eb55e0c656b9ef524d3b4bfb42d59c20116e83ad6d0b8d2f83e039e6,True
M0861,127,91,0,59,150,2704.409930009079,3720.663734657213,1994.9581780935257,8420.031842759818,614.3737927001428,861,277b20e8eb55e0c656b9ef524d3b4bfb42d59c20116e83ad6d0b8d2f83e039e6,True
M0862,115,77,0,38,115,2146.060075720374,2492.7115356425493,609.1018982099929,5247.873509572916,99.31697344219009,862,277b20e8eb55e0c656b9ef524d3b4bfb42d59c20116e83ad6d0b8d2f83e039e6,True
M0863,80,53,1,32,86,1609.9504811006873,2479.4662138656367,212.70606438302448,4302.122759349349,54.94934306539966,863,277b20e8eb55e0c656b9ef524d3b4bfb42d59c20116e83ad6d0b8d2f83e039e6,True
M0864,100,75,0,52,127,2095.3635578627564,3175.9753832856627,1586.130546395712,6857.469487544131,400.1705533282295,864,277b20e8eb55e0c656b9ef524d3b4bfb42d59c20116e83ad6d0b8d2f83e039e6,True
M0865,101,63,0,36,99,1574.8752506666838,1895.3476743793708,815.9956722381668,4286.218597284222,0.0,865,277b20e8eb55e0c656b9ef524d3b4bfb42d59c20116e83ad6d0b8d2f83e039e6,True
M0866,102,69,1,43,113,2213.1739534260337,2449.7702818559724,1572.1310267640063,6235.0752620460125,47.16026972512714,866,277b20e8eb55e0c656b9ef524d3b4bfb42d59c20116e83ad6d0b8d2f83e039e6,True
M0867,110,80,0,44,124,1970.7950416194833,3024.195649853707,328.8378843042774,5323.828575777467,97.11236888834651,867,277b20e8eb55e0c656b9ef524d3b4bfb42d59c20116e83ad6d0b8d2f83e039e6,True
M0868,111,71,1,47,119,1976.6485353769847,3402.834154845661,1186.6008592890037,6566.08354951165,78.22572536877857,868,277b20e8eb55e0c656b9ef524d3b4bfb42d59c20116e83ad6d0b8d2f83e039e6,True
M0869,95,72,0,40,112,1796.1474884377521,2494.6130287198257,1021.0607044079632,5311.821221565541,99.9025420561875,869,277b20e8eb55e0c656b9ef524d3b4bfb42d59c20116e83ad6d0b8d2f83e039e6,True
M0870,119,78,0,52,130,2021.6672578161615,3976.3290122706994,602.2565568303874,6600.252826917248,332.9015818441335,870,277b20e8eb55e0c656b9ef524d3b4bfb42d59c20116e83ad6d0b8d2f83e039e6,True
M0871,106,72,0,52,124,1819.2950428816112,3150.083731741202,1205.489197967683,6174.867972590497,350.67901207751333,871,277b20e8eb55e0c656b9ef524d3b4bfb42d59c20116e83ad6d0b8d2f83e039e6,True
M0872,94,62,2,35,99,1953.8892902102068,3333.560720643684,872.7530259817958,6160.203036835686,186.4329951471599,872,277b20e8eb55e0c656b9ef524d3b4bfb42d59c20116e83ad6d0b8d2f83e039e6,True
M0873,104,65,0,41,106,1994.0010474649694,2857.12517058659,443.5252627479897,5294.651480799548,260.42919729158126,873,277b20e8eb55e0c656b9ef524d3b4bfb42d59c20116e83ad6d0b8d2f83e039e6,True
M0874,83,52,0,36,88,1400.684385309166,2633.030675205288,1411.0631673221317,5444.778227836586,259.6008340268023,874,277b20e8eb55e0c656b9ef524d3b4bfb42d59c20116e83ad6d0b8d2f83e039e6,True
M0875,96,60,0,33,93,1542.67124102737,2998.6617214255402,808.3666378053244,5349.699600258235,67.09449063327138,875,277b20e8eb55e0c656b9ef524d3b4bfb42d59c20116e83ad6d0b8d2f83e039e6,True
M0876,114,76,0,46,122,1874.2560643866448,3747.860440534138,368.07508660292683,5990.19159152371,192.53351784312173,876,277b20e8eb55e0c656b9ef524d3b4bfb42d59c20116e83ad6d0b8d2f83e039e6,True
M0877,122,82,0,47,129,2208.880924180539,3177.3004756918845,742.2104194618756,6128.391819334299,77.38414415939044,877,277b20e8eb55e0c656b9ef524d3b4bfb42d59c20116e83ad6d0b8d2f83e039e6,True
M0878,111,77,0,48,125,1967.4867205789512,2967.217129842967,413.9513653823473,5348.655215804265,182.17523958525715,878,277b20e8eb55e0c656b9ef524d3b4bfb42d59c20116e83ad6d0b8d2f83e039e6,True
M0879,108,67,1,41,109,1934.6250196478602,2614.9215168687538,1067.3571424141787,5616.903678930792,157.9707555152722,879,277b20e8eb55e0c656b9ef524d3b4bfb42d59c20116e83ad6d0b8d2f83e039e6,True
M0880,92,66,1,39,106,2145.7678654185706,2273.9171836860396,942.4872971554227,5362.172346260032,69.08628754615161,880,277b20e8eb55e0c656b9ef524d3b4bfb42d59c20116e83ad6d0b8d2f83e039e6,True
M0881,113,81,0,40,121,2428.758078807412,2390.417891365089,490.76817966303975,5309.94414983554,53.79790062409411,881,277b20e8eb55e0c656b9ef524d3b4bfb42d59c20116e83ad6d0b8d2f83e039e6,True
M0882,103,67,0,41,108,1688.6910618547333,2488.097272584476,831.1551858415454,5007.9435202807545,151.50664826064502,882,277b20e8eb55e0c656b9ef524d3b4bfb42d59c20116e83ad6d0b8d2f83e039e6,True
M0883,114,77,0,37,114,1924.7281687108607,1919.2694136742214,323.5781355279282,4167.5757179130105,23.22827206028454,883,277b20e8eb55e0c656b9ef524d3b4bfb42d59c20116e83ad6d0b8d2f83e039e6,True
M0884,93,61,1,33,95,1850.6709762688806,2660.932341052873,637.9281653707367,5149.5314826924905,454.8081050150406,884,277b20e8eb55e0c656b9ef524d3b4bfb42d59c20116e83ad6d0b8d2f83e039e6,True
M0885,74,57,0,29,86,1272.0104879759242,1879.9116955200739,582.2165544967513,3734.138737992749,781.7074763119213,885,277b20e8eb55e0c656b9ef524d3b4bfb42d59c20116e83ad6d0b8d2f83e039e6,True
M0886,99,69,0,39,108,1731.8430932389822,2416.0459769652693,643.6647851492667,4791.553855353519,43.93444055878237,886,277b20e8eb55e0c656b9ef524d3b4bfb42d59c20116e83ad6d0b8d2f83e039e6,True
M0887,96,70,0,38,108,1800.4915088374592,2135.8801198614096,1036.85055645438,4973.222185153249,230.77020220479022,887,277b20e8eb55e0c656b9ef524d3b4bfb42d59c20116e83ad6d0b8d2f83e039e6,True
M0888,90,66,0,41,107,1567.9766282650512,2374.8420893721013,1556.2613359664647,5499.080053603617,117.84166864364249,888,277b20e8eb55e0c656b9ef524d3b4bfb42d59c20116e83ad6d0b8d2f83e039e6,True
M0889,88,56,0,38,94,1708.7451030532893,2432.465178583983,1177.1429780304152,5318.353259667687,133.41992125156418,889,277b20e8eb55e0c656b9ef524d3b4bfb42d59c20116e83ad6d0b8d2f83e039e6,True
M0890,112,80,0,42,122,1909.370996263604,2255.8567760786113,623.3274655921191,4788.555237934335,344.0426355084165,890,277b20e8eb55e0c656b9ef524d3b4bfb42d59c20116e83ad6d0b8d2f83e039e6,True
M0891,96,66,0,37,103,1931.7206620174218,2423.578615081445,1364.8200961431303,5720.119373241997,85.91294704507581,891,277b20e8eb55e0c656b9ef524d3b4bfb42d59c20116e83ad6d0b8d2f83e039e6,True
M0892,89,64,1,40,105,1569.710880854245,2790.5971619343845,690.9000650618237,5051.208107850453,298.24095788401917,892,277b20e8eb55e0c656b9ef524d3b4bfb42d59c20116e83ad6d0b8d2f83e039e6,True
M0893,93,66,0,40,106,1850.5224073064924,2350.668692835848,1236.3392419605104,5437.530342102851,201.5290569063565,893,277b20e8eb55e0c656b9ef524d3b4bfb42d59c20116e83ad6d0b8d2f83e039e6,True
M0894,100,75,1,40,116,2169.9426888717894,2627.6163741171054,1272.864155119051,6070.423218107946,122.81639421306957,894,277b20e8eb55e0c656b9ef524d3b4bfb42d59c20116e83ad6d0b8d2f83e039e6,True
M0895,99,73,1,43,117,1953.1681813214896,3052.713746409411,1522.1361437885396,6528.018071519441,341.2012479944544,895,277b20e8eb55e0c656b9ef524d3b4bfb42d59c20116e83ad6d0b8d2f83e039e6,True
M0896,100,60,0,43,103,1425.1560652485039,2896.010951693162,790.2008352100961,5111.367852151761,382.76497212327183,896,277b20e8eb55e0c656b9ef524d3b4bfb42d59c20116e83ad6d0b8d2f83e039e6,True
M0897,102,75,1,39,115,2248.4016337643466,2287.717685522545,357.0488735524521,4893.168192839344,39.31773679875326,897,277b20e8eb55e0c656b9ef524d3b4bfb42d59c20116e83ad6d0b8d2f83e039e6,True
M0898,102,77,0,37,114,1995.7135592136538,2460.2848166615768,1248.4651518732708,5704.463527748501,190.1950563579471,898,277b20e8eb55e0c656b9ef524d3b4bfb42d59c20116e83ad6d0b8d2f83e039e6,True
M0899,116,75,0,50,125,2111.800725432905,3344.715004861344,812.2868640990501,6268.802594393299,702.8406036979017,899,277b20e8eb55e0c656b9ef524d3b4bfb42d59c20116e83ad6d0b8d2f83e039e6,True
M0900,92,61,0,31,92,1654.0632146601374,1817.422154176362,506.9820715094674,3978.4674403459667,0.0,900,277b20e8eb55e0c656b9ef524d3b4bfb42d59c20116e83ad6d0b8d2f83e039e6,True
M0901,92,66,0,35,101,1735.6582963618655,2072.7969827812203,810.3362317207764,4618.791510863863,592.9275760948348,901,277b20e8eb55e0c656b9ef524d3b4bfb42d59c20116e83ad6d0b8d2f83e039e6,True
M0902,102,72,1,38,111,1961.4672048687619,2301.761043913894,1181.9974320646377,5445.225680847294,471.73343036973426,902,277b20e8eb55e0c656b9ef524d3b4bfb42d59c20116e83ad6d0b8d2f83e039e6,True
M0903,96,69,0,37,106,2034.8077545157792,2410.226411057235,795.6627932928891,5240.696958865903,89.63887257522225,903,277b20e8eb55e0c656b9ef524d3b4bfb42d59c20116e83ad6d0b8d2f83e039e6,True
M0904,103,69,1,45,115,1824.990770282316,3392.690799477112,461.5995243160779,5679.281094075505,186.43212757940682,904,277b20e8eb55e0c656b9ef524d3b4bfb42d59c20116e83ad6d0b8d2f83e039e6,True
M0905,99,67,0,46,113,1589.6812360441384,2896.8925476606355,624.3171849697297,5110.890968674504,76.9698149648573,905,277b20e8eb55e0c656b9ef524d3b4bfb42d59c20116e83ad6d0b8d2f83e039e6,True
M0906,88,61,2,31,94,2405.848047442517,1584.7020959258375,1577.6143415310962,5568.164484899451,1.9998084423316413,906,277b20e8eb55e0c656b9ef524d3b4bfb42d59c20116e83ad6d0b8d2f83e039e6,True
M0907,80,57,0,24,81,1677.1632768920567,1575.85239046202,1932.0106199466172,5185.026287300694,0.0,907,277b20e8eb55e0c656b9ef524d3b4bfb42d59c20116e83ad6d0b8d2f83e039e6,True
M0908,98,64,1,34,99,1772.7711049135482,2190.86996867017,1151.9415734969805,5115.582647080699,228.19173983044422,908,277b20e8eb55e0c656b9ef524d3b4bfb42d59c20116e83ad6d0b8d2f83e039e6,True
M0909,89,61,1,40,102,1979.8404196072267,2421.3823372002944,862.6067737017263,5263.829530509248,0.0,909,277b20e8eb55e0c656b9ef524d3b4bfb42d59c20116e83ad6d0b8d2f83e039e6,True
M0910,113,81,0,51,132,2246.1981267210294,3361.995630586749,1555.8404370224675,7164.0341943302465,111.97442452028474,910,277b20e8eb55e0c656b9ef524d3b4bfb42d59c20116e83ad6d0b8d2f83e039e6,True
M0911,101,77,0,45,122,1951.5044042886773,3187.356228386972,846.6340173177072,5985.494649993356,345.5673456872273,911,277b20e8eb55e0c656b9ef524d3b4bfb42d59c20116e83ad6d0b8d2f83e039e6,True
M0912,111,77,0,38,115,2054.374357172648,2145.6384229105356,795.0784241020481,4995.091204185232,3.8464652189563253,912,277b20e8eb55e0c656b9ef524d3b4bfb42d59c20116e83ad6d0b8d2f83e039e6,True
M0913,102,73,0,39,112,1925.6621250406072,1905.6020202231045,334.1831809608542,4165.447326224566,46.07336157750805,913,277b20e8eb55e0c656b9ef524d3b4bfb42d59c20116e83ad6d0b8d2f83e039e6,True
M0914,104,75,1,35,111,1811.0376023102353,2367.6496199544745,206.29715205585774,4384.984374320567,0.0,914,277b20e8eb55e0c656b9ef524d3b4bfb42d59c20116e83ad6d0b8d2f83e039e6,True
M0915,97,74,0,38,112,1951.8727227753798,2403.2748680684385,469.88933698403804,4825.036927827857,317.53717637287,915,277b20e8eb55e0c656b9ef524d3b4bfb42d59c20116e83ad6d0b8d2f83e039e6,True
M0916,113,73,1,46,120,1953.2519265987157,2901.2901218157485,676.216953459555,5530.759001874019,0.0,916,277b20e8eb55e0c656b9ef524d3b4bfb42d59c20116e83ad6d0b8d2f83e039e6,True
M0917,105,67,0,37,104,1586.052340748881,2283.167204928871,1089.3147706590253,4958.534316336777,351.72616552295614,917,277b20e8eb55e0c656b9ef524d3b4bfb42d59c20116e83ad6d0b8d2f83e039e6,True
M0918,115,82,0,49,131,2296.8506614979424,2716.8072190505754,437.4630008538621,5451.12088140238,492.7626752018123,918,277b20e8eb55e0c656b9ef524d3b4bfb42d59c20116e83ad6d0b8d2f83e039e6,True
M0919,104,78,0,39,117,2088.2209824973265,2600.122402352319,475.7146074098255,5164.057992259472,275.3393517111542,919,277b20e8eb55e0c656b9ef524d3b4bfb42d59c20116e83ad6d0b8d2f83e039e6,True
M0920,111,79,0,47,126,2384.143581810062,2646.556018691391,1272.4508174652988,6303.150417966752,0.0,920,277b20e8eb55e0c656b9ef524d3b4bfb42d59c20116e83ad6d0b8d2f83e039e6,True
M0921,104,71,1,40,112,2021.9089210200657,2936.034608105576,819.4566802265007,5777.400209352142,53.842795123946274,921,277b20e8eb55e0c656b9ef524d3b4bfb42d59c20116e83ad6d0b8d2f83e039e6,True
M0922,90,57,0,33,90,1351.2960888905927,1777.2765519566356,351.3030391682511,3479.8756800154792,64.7769350263126,922,277b20e8eb55e0c656b9ef524d3b4bfb42d59c20116e83ad6d0b8d2f83e039e6,True
M0923,108,76,0,39,115,2165.566076041389,2343.1071330965087,621.2207043365896,5129.893913474488,25.79799291965257,923,277b20e8eb55e0c656b9ef524d3b4bfb42d59c20116e83ad6d0b8d2f83e039e6,True
M0924,90,63,0,35,98,1810.26893898844,2490.9728080175323,2095.628384055089,6396.870131061061,166.76190756307088,924,277b20e8eb55e0c656b9ef524d3b4bfb42d59c20116e83ad6d0b8d2f83e039e6,True
M0925,97,66,0,35,101,1949.826484508365,1922.6304570275374,298.5696604050196,4171.026601940922,16.427230946712456,925,277b20e8eb55e0c656b9ef524d3b4bfb42d59c20116e83ad6d0b8d2f83e039e6,True
M0926,104,80,1,43,124,2332.096098337157,2359.8395577951983,777.7646292804915,5469.700285412846,240.5755006007067,926,277b20e8eb55e0c656b9ef524d3b4bfb42d59c20116e83ad6d0b8d2f83e039e6,True
M0927,112,69,0,41,110,1759.1619398075215,2891.277419943573,862.1371422725348,5512.5765020236295,293.75374071453854,927,277b20e8eb55e0c656b9ef524d3b4bfb42d59c20116e83ad6d0b8d2f83e039e6,True
M0928,104,81,0,53,134,2145.563144106642,3318.3311441789774,800.2356170137012,6264.12990529932,282.9501279526007,928,277b20e8eb55e0c656b9ef524d3b4bfb42d59c20116e83ad6d0b8d2f83e039e6,True
M0929,101,68,0,46,114,2328.495631952529,2787.020709026087,618.2118772692008,5733.7282182478175,61.26766108557838,929,277b20e8eb55e0c656b9ef524d3b4bfb42d59c20116e83ad6d0b8d2f83e039e6,True
M0930,116,86,0,49,135,2474.19707472201,3219.8672024619905,1457.6871542184617,7151.751431402462,346.52970698243024,930,277b20e8eb55e0c656b9ef524d3b4bfb42d59c20116e83ad6d0b8d2f83e039e6,True
M0931,92,68,0,41,109,1627.4971868636007,2354.9991345514536,1298.137139317444,5280.633460732499,3.1952855654548387,931,277b20e8eb55e0c656b9ef524d3b4bfb42d59c20116e83ad6d0b8d2f83e039e6,True
M0932,107,77,1,43,121,1903.335155570039,3141.9175001073704,1387.5017881180063,6432.754443795416,50.711786649672376,932,277b20e8eb55e0c656b9ef524d3b4bfb42d59c20116e83ad6d0b8d2f83e039e6,True
M0933,111,76,1,41,118,2339.3279652168276,2912.939622994608,890.5879265038739,6142.855514715309,0.0,933,277b20e8eb55e0c656b9ef524d3b4bfb42d59c20116e83ad6d0b8d2f83e039e6,True
M0934,108,71,0,45,116,2020.5632470615312,3132.766277892649,1145.529419746981,6298.858944701162,220.36503318872323,934,277b20e8eb55e0c656b9ef524d3b4bfb42d59c20116e83ad6d0b8d2f83e039e6,True
M0935,83,54,0,29,83,1368.3564446715407,1712.361317660255,256.1219216777561,3336.839684009552,125.03281839811808,935,277b20e8eb55e0c656b9ef524d3b4bfb42d59c20116e83ad6d0b8d2f83e039e6,True
M0936,101,70,0,47,117,1821.2659881396164,2712.664476955104,891.9452955288584,5425.8757606235795,0.0,936,277b20e8eb55e0c656b9ef524d3b4bfb42d59c20116e83ad6d0b8d2f83e039e6,True
M0937,102,67,0,40,107,1654.9399277227708,2683.359705464499,1117.5976708644678,5455.897304051737,13.363166732355197,937,277b20e8eb55e0c656b9ef524d3b4bfb42d59c20116e83ad6d0b8d2f83e039e6,True
M0938,95,70,3,53,126,1926.818386136983,3447.5371389087495,908.9973082339319,6283.352833279664,264.0034887906764,938,277b20e8eb55e0c656b9ef524d3b4bfb42d59c20116e83ad6d0b8d2f83e039e6,True
M0939,106,70,2,35,107,2197.516050484674,2943.341035808055,218.71700686532859,5359.574093158058,5.152951574727268,939,277b20e8eb55e0c656b9ef524d3b4bfb42d59c20116e83ad6d0b8d2f83e039e6,True
M0940,116,83,0,46,129,2405.0883854035305,3053.391637665564,660.7395588947633,6119.219581963857,405.48061531177615,940,277b20e8eb55e0c656b9ef524d3b4bfb42d59c20116e83ad6d0b8d2f83e039e6,True
M0941,134,86,0,56,142,2109.486268931799,3403.0039322559696,1010.265292763613,6522.755493951381,183.27115410134257,941,277b20e8eb55e0c656b9ef524d3b4bfb42d59c20116e83ad6d0b8d2f83e039e6,True
M0942,96,73,1,37,111,2251.3148056412138,2232.1604098477715,928.3146838140199,5411.789899303005,46.47972184740172,942,277b20e8eb55e0c656b9ef524d3b4bfb42d59c20116e83ad6d0b8d2f83e039e6,True
M0943,94,64,0,39,103,1917.8781491606753,2578.8118347507607,1336.604461639824,5833.29444555126,1091.8524572520798,943,277b20e8eb55e0c656b9ef524d3b4bfb42d59c20116e83ad6d0b8d2f83e039e6,True
M0944,89,62,0,33,95,1625.1402253167855,1939.601494007749,837.413044274594,4402.154763599128,36.358602799293536,944,277b20e8eb55e0c656b9ef524d3b4bfb42d59c20116e83ad6d0b8d2f83e039e6,True
M0945,100,71,0,37,108,1896.6206920195657,2148.688059130394,1380.079310373452,5425.388061523412,154.93852267731822,945,277b20e8eb55e0c656b9ef524d3b4bfb42d59c20116e83ad6d0b8d2f83e039e6,True
M0946,103,73,2,49,124,1859.0456081697387,4173.403338425025,1265.1805234125281,7297.629470007292,401.0471161242742,946,277b20e8eb55e0c656b9ef524d3b4bfb42d59c20116e83ad6d0b8d2f83e039e6,True
M0947,104,72,1,45,118,2023.83824145077,2627.5238984851107,542.624410358877,5193.986550294758,190.85445158953587,947,277b20e8eb55e0c656b9ef524d3b4bfb42d59c20116e83ad6d0b8d2f83e039e6,True
M0948,95,63,0,44,107,1810.441334559672,3055.9787942296844,93.69521891000977,4960.115347699366,308.2495240089263,948,277b20e8eb55e0c656b9ef524d3b4bfb42d59c20116e83ad6d0b8d2f83e039e6,True
M0949,97,66,0,40,106,1612.5796100786768,2221.044960437013,377.46648923221164,4211.091059747901,431.7918867446269,949,277b20e8eb55e0c656b9ef524d3b4bfb42d59c20116e83ad6d0b8d2f83e039e6,True
M0950,96,65,0,38,103,1929.8741039171337,2355.5546069530533,683.1239791518228,4968.552690022009,54.529656165904555,950,277b20e8eb55e0c656b9ef524d3b4bfb42d59c20116e83ad6d0b8d2f83e039e6,True
M0951,106,74,0,40,114,1856.574187474588,2639.4192887149497,413.47624954909077,4909.469725738628,18.371936282037836,951,277b20e8eb55e0c656b9ef524d3b4bfb42d59c20116e83ad6d0b8d2f83e039e6,True
M0952,97,69,1,47,117,1861.0891611772113,2549.7444481852813,1340.2485392641042,5751.082148626598,324.16367406763925,952,277b20e8eb55e0c656b9ef524d3b4bfb42d59c20116e83ad6d0b8d2f83e039e6,True
M0953,98,69,1,38,108,2251.1590644001717,2934.7717657312432,1048.162579706978,6234.093409838393,118.8488750803149,953,277b20e8eb55e0c656b9ef524d3b4bfb42d59c20116e83ad6d0b8d2f83e039e6,True
M0954,98,70,1,51,122,1962.9425861907894,3991.4645322554043,1155.5492203620665,7109.956338808261,197.39365210851577,954,277b20e8eb55e0c656b9ef524d3b4bfb42d59c20116e83ad6d0b8d2f83e039e6,True
M0955,95,65,0,35,100,1702.1104674927801,2118.705378472916,714.2128574427308,4535.028703408427,297.3224522439558,955,277b20e8eb55e0c656b9ef524d3b4bfb42d59c20116e83ad6d0b8d2f83e039e6,True
M0956,87,53,0,33,86,1618.3500796712215,2334.970772335996,284.82080937280716,4238.141661380025,14.351832189985899,956,277b20e8eb55e0c656b9ef524d3b4bfb42d59c20116e83ad6d0b8d2f83e039e6,True
M0957,97,63,1,48,112,1602.5791237387623,3176.8218590439624,1525.0485378468748,6304.4495206296,85.95326267584011,957,277b20e8eb55e0c656b9ef524d3b4bfb42d59c20116e83ad6d0b8d2f83e039e6,True
M0958,105,72,1,40,113,2144.4109627500884,2297.1999745994985,483.6869471564073,4925.297884505995,142.9761218472547,958,277b20e8eb55e0c656b9ef524d3b4bfb42d59c20116e83ad6d0b8d2f83e039e6,True
M0959,93,59,0,37,96,1590.8726309122173,2236.9638233540236,847.5400489752512,4675.376503241492,67.70328462559644,959,277b20e8eb55e0c656b9ef524d3b4bfb42d59c20116e83ad6d0b8d2f83e039e6,True
M0960,98,69,0,37,106,1658.325193612237,2575.110253426985,440.9655598040763,4674.401006843298,227.4550573765826,960,277b20e8eb55e0c656b9ef524d3b4bfb42d59c20116e83ad6d0b8d2f83e039e6,True
M0961,91,68,0,38,106,1755.285093919269,1973.7790687654924,560.9262252407906,4289.990387925552,114.70713825828477,961,277b20e8eb55e0c656b9ef524d3b4bfb42d59c20116e83ad6d0b8d2f83e039e6,True
M0962,104,74,0,42,116,1940.0472533268003,2329.025235806351,414.8379473571384,4683.91043649029,214.0113798377997,962,277b20e8eb55e0c656b9ef524d3b4bfb42d59c20116e83ad6d0b8d2f83e039e6,True
M0963,100,71,0,40,111,1865.0358855884374,2737.264005458189,690.4236923511833,5292.72358339781,111.34981724738878,963,277b20e8eb55e0c656b9ef524d3b4bfb42d59c20116e83ad6d0b8d2f83e039e6,True
M0964,114,86,0,41,127,2233.894435173839,2457.1189498659373,1627.8348282746967,6318.848213314473,45.754148143717,964,277b20e8eb55e0c656b9ef524d3b4bfb42d59c20116e83ad6d0b8d2f83e039e6,True
M0965,99,62,0,48,110,1994.6476304601663,3360.241643734406,1475.1868287765676,6830.076102971139,204.77582880016766,965,277b20e8eb55e0c656b9ef524d3b4bfb42d59c20116e83ad6d0b8d2f83e039e6,True
M0966,110,78,0,38,116,2255.287338319759,2532.3334581541694,857.9786957082285,5645.599492182157,33.31304537674478,966,277b20e8eb55e0c656b9ef524d3b4bfb42d59c20116e83ad6d0b8d2f83e039e6,True
M0967,98,69,1,37,107,1966.5431426044206,1937.275848938116,467.8776230992278,4371.696614641764,129.93705313513954,967,277b20e8eb55e0c656b9ef524d3b4bfb42d59c20116e83ad6d0b8d2f83e039e6,True
M0968,105,70,0,39,109,1943.1263347510055,2624.674304149453,646.3738224338409,5214.1744613343,166.89524280991432,968,277b20e8eb55e0c656b9ef524d3b4bfb42d59c20116e83ad6d0b8d2f83e039e6,True
M0969,112,72,0,46,118,1817.349754600041,2516.790726513326,1321.6894226952518,5655.829903808619,663.3876890164341,969,277b20e8eb55e0c656b9ef524d3b4bfb42d59c20116e83ad6d0b8d2f83e039e6,True
M0970,113,72,1,35,108,1914.435214853208,2143.9599860104613,994.740919835407,5053.136120699076,3.4771425057171115,970,277b20e8eb55e0c656b9ef524d3b4bfb42d59c20116e83ad6d0b8d2f83e039e6,True
M0971,100,68,0,40,108,1794.6090569209696,2786.9240154564727,477.2023351326801,5058.735407510122,63.702320059396,971,277b20e8eb55e0c656b9ef524d3b4bfb42d59c20116e83ad6d0b8d2f83e039e6,True
M0972,128,91,2,45,138,2814.036014574751,2450.1514219604173,1674.9994935499922,6939.186930085161,351.9052074829141,972,277b20e8eb55e0c656b9ef524d3b4bfb42d59c20116e83ad6d0b8d2f83e039e6,True
M0973,96,63,1,41,105,1748.3085384312835,2864.768504291154,346.87039766438113,4959.947440386819,123.41866855721193,973,277b20e8eb55e0c656b9ef524d3b4bfb42d59c20116e83ad6d0b8d2f83e039e6,True
M0974,113,87,1,45,133,2179.599331805353,3281.136428626605,817.4983600870477,6278.234120519005,160.39435017805238,974,277b20e8eb55e0c656b9ef524d3b4bfb42d59c20116e83ad6d0b8d2f83e039e6,True
M0975,96,71,0,36,107,1969.9332479480481,1924.3694990417368,1076.486580465743,4970.789327455528,25.660402882880305,975,277b20e8eb55e0c656b9ef524d3b4bfb42d59c20116e83ad6d0b8d2f83e039e6,True
M0976,107,72,0,48,120,1930.4340162850965,3407.3241455973525,806.9769796959013,6144.7351415783505,83.94657687252109,976,277b20e8eb55e0c656b9ef524d3b4bfb42d59c20116e83ad6d0b8d2f83e039e6,True
M0977,103,69,2,42,113,1658.5227794581533,2868.3957305977847,748.5140806065652,5275.432590662504,470.3862565659851,977,277b20e8eb55e0c656b9ef524d3b4bfb42d59c20116e83ad6d0b8d2f83e039e6,True
M0978,102,67,0,38,105,1599.1841169513548,1965.5729332588353,452.19913230444996,4016.9561825146397,0.0,978,277b20e8eb55e0c656b9ef524d3b4bfb42d59c20116e83ad6d0b8d2f83e039e6,True
M0979,84,51,0,38,89,1565.9418714378135,2293.503232241577,1035.2728092333398,4894.71791291273,21.298839321472215,979,277b20e8eb55e0c656b9ef524d3b4bfb42d59c20116e83ad6d0b8d2f83e039e6,True
M0980,102,77,1,38,116,2010.8956697896476,3097.968577720743,530.3036508581871,5639.167898368578,113.93494688563177,980,277b20e8eb55e0c656b9ef524d3b4bfb42d59c20116e83ad6d0b8d2f83e039e6,True
M0981,83,56,0,40,96,1572.0789577042697,2468.534436676866,987.1479972680253,5027.761391649161,388.36478072949734,981,277b20e8eb55e0c656b9ef524d3b4bfb42d59c20116e83ad6d0b8d2f83e039e6,True
M0982,100,78,0,47,125,2880.9835462926335,3039.8330159058983,1839.8062464711556,7760.622808669687,165.47905658005945,982,277b20e8eb55e0c656b9ef524d3b4bfb42d59c20116e83ad6d0b8d2f83e039e6,True
M0983,90,71,1,31,103,1964.4579248644866,1787.2154969862806,1946.1465574092274,5697.819979259994,340.3740432350284,983,277b20e8eb55e0c656b9ef524d3b4bfb42d59c20116e83ad6d0b8d2f83e039e6,True
M0984,116,80,0,47,127,2155.5299618221907,3057.1081928285776,497.344887882541,5709.983042533309,208.4551507125476,984,277b20e8eb55e0c656b9ef524d3b4bfb42d59c20116e83ad6d0b8d2f83e039e6,True
M0985,92,68,0,32,100,1964.0917618043306,1592.9787599151443,400.12791730034735,3957.198439019822,0.0,985,277b20e8eb55e0c656b9ef524d3b4bfb42d59c20116e83ad6d0b8d2f83e039e6,True
M0986,82,59,0,35,94,1504.7409376792987,2011.7665305025546,1317.6044349391989,4834.111903121052,239.0523542732138,986,277b20e8eb55e0c656b9ef524d3b4bfb42d59c20116e83ad6d0b8d2f83e039e6,True
M0987,86,54,0,34,88,1586.2458916963744,2373.4328503578286,850.137922687668,4809.816664741871,396.47759977738076,987,277b20e8eb55e0c656b9ef524d3b4bfb42d59c20116e83ad6d0b8d2f83e039e6,True
M0988,100,76,0,38,114,1960.026958610167,2122.3453545167026,1910.4299513292592,5992.802264456129,333.03883313915935,988,277b20e8eb55e0c656b9ef524d3b4bfb42d59c20116e83ad6d0b8d2f83e039e6,True
M0989,111,75,0,48,123,2306.0725027509025,2855.986668245008,1546.6092304027088,6708.668401398619,196.48053939966036,989,277b20e8eb55e0c656b9ef524d3b4bfb42d59c20116e83ad6d0b8d2f83e039e6,True
M0990,101,81,1,46,128,2385.230223366466,2700.519218774499,483.5607239090872,5569.3101660500515,47.32854253665785,990,277b20e8eb55e0c656b9ef524d3b4bfb42d59c20116e83ad6d0b8d2f83e039e6,True
M0991,103,63,1,36,100,1881.3586320132702,2692.446128075125,973.8437552813441,5547.6485153697395,57.786814387646984,991,277b20e8eb55e0c656b9ef524d3b4bfb42d59c20116e83ad6d0b8d2f83e039e6,True
M0992,101,63,0,35,98,1660.5585816696944,2218.399640060708,1121.833004440316,5000.791226170719,528.1911572724011,992,277b20e8eb55e0c656b9ef524d3b4bfb42d59c20116e83ad6d0b8d2f83e039e6,True
M0993,110,84,1,44,129,2534.5206988107384,3235.762464904863,507.7472364372079,6278.030400152809,465.53000297148037,993,277b20e8eb55e0c656b9ef524d3b4bfb42d59c20116e83ad6d0b8d2f83e039e6,True
M0994,103,83,0,43,126,2197.8588333527914,2644.931843732763,597.1588268367573,5439.949503922311,9.875885537076684,994,277b20e8eb55e0c656b9ef524d3b4bfb42d59c20116e83ad6d0b8d2f83e039e6,True
M0995,105,73,0,42,115,1941.0311242219152,1961.776638459089,914.2259486144584,4817.033711295463,194.24944239288337,995,277b20e8eb55e0c656b9ef524d3b4bfb42d59c20116e83ad6d0b8d2f83e039e6,True
M0996,101,64,2,45,111,1981.1105585697942,2301.460906049329,983.0307340695399,5265.602198688663,13.151641986931807,996,277b20e8eb55e0c656b9ef524d3b4bfb42d59c20116e83ad6d0b8d2f83e039e6,True
M0997,118,86,0,47,133,2307.888569009094,3466.0806927031667,1192.353795942649,6966.32305765491,444.73723764648145,997,277b20e8eb55e0c656b9ef524d3b4bfb42d59c20116e83ad6d0b8d2f83e039e6,True
M0998,92,65,2,35,102,1993.6669237016397,2008.291340528428,949.0832594313292,4951.041523661397,66.52352181444022,998,277b20e8eb55e0c656b9ef524d3b4bfb42d59c20116e83ad6d0b8d2f83e039e6,True
M0999,86,62,0,29,91,1699.4376118487817,2380.4937732045805,749.0401522128841,4828.971537266247,221.9044136153752,999,277b20e8eb55e0c656b9ef524d3b4bfb42d59c20116e83ad6d0b8d2f83e039e6,True
M1000,105,73,0,46,119,1780.3763762718036,2823.452276170921,1133.6848501398474,5737.513502582571,53.225667087389525,1000,277b20e8eb55e0c656b9ef524d3b4bfb42d59c20116e83ad6d0b8d2f83e039e6,True
