vehicle_id,insured_value_million_toman,risk_score,segment,has_own_damage_policy,record_type
V00001,933.412021,1.11867259,standard,True,synthetic
V00002,1045.372858,1.30699131,standard,True,synthetic
V00003,807.308249,1.12728223,standard,True,synthetic
V00004,499.781961,0.64871097,standard,True,synthetic
V00005,672.416362,0.54597487,commercial,True,synthetic
V00006,1058.4435,1.48429109,preferred,True,synthetic
V00007,635.116555,1.00780845,standard,False,synthetic
V00008,682.975726,1.5751714,preferred,True,synthetic
V00009,927.868071,1.67121707,commercial,True,synthetic
V00010,394.978856,1.09593375,standard,False,synthetic
V00011,1060.088692,1.54057985,standard,True,synthetic
V00012,559.771614,1.33455767,preferred,True,synthetic
V00013,1025.15416,0.79856795,preferred,True,synthetic
V00014,683.850243,1.15091862,standard,True,synthetic
V00015,503.436856,1.61977195,preferred,False,synthetic
V00016,941.949961,1.13989263,standard,True,synthetic
V00017,1554.600587,0.54368957,commercial,False,synthetic
V00018,415.662508,1.39377771,preferred,True,synthetic
V00019,814.781118,0.52500936,standard,True,synthetic
V00020,267.508141,1.38217401,standard,True,synthetic
V00021,1182.905103,1.4962777,standard,False,synthetic
V00022,632.917439,0.79503675,standard,True,synthetic
V00023,1215.696913,1.43158495,standard,False,synthetic
V00024,1303.153083,1.12813056,standard,True,synthetic
V00025,1621.322229,1.03077185,standard,False,synthetic
V00026,966.754384,1.48713184,standard,True,synthetic
V00027,1135.574344,1.17916899,standard,False,synthetic
V00028,895.344509,1.14597101,preferred,True,synthetic
V00029,990.817916,0.68365176,standard,True,synthetic
V00030,431.07963,0.45898164,preferred,True,synthetic
V00031,407.782626,0.97323126,preferred,False,synthetic
V00032,758.516875,2.46127463,preferred,True,synthetic
V00033,1541.901221,0.88792811,preferred,False,synthetic
V00034,991.462669,1.15680369,standard,False,synthetic
V00035,615.184597,0.67389082,standard,True,synthetic
V00036,399.968419,0.63883681,standard,True,synthetic
V00037,586.357358,1.10147345,standard,True,synthetic
V00038,767.186444,0.72997515,standard,False,synthetic
V00039,1490.993527,0.80500809,standard,True,synthetic
V00040,684.41077,0.85462831,standard,True,synthetic
V00041,575.411745,0.51866356,standard,False,synthetic
V00042,727.993971,1.99365572,preferred,True,synthetic
V00043,638.827643,1.0827851,commercial,True,synthetic
V00044,1592.263058,0.7262219,commercial,False,synthetic
V00045,1358.482145,1.59267648,commercial,False,synthetic
V00046,353.210675,0.80613235,commercial,True,synthetic
V00047,492.824347,1.04148385,standard,True,synthetic
V00048,2683.577173,1.24691952,standard,False,synthetic
V00049,619.170321,1.53371468,preferred,True,synthetic
V00050,619.291313,0.82296592,preferred,False,synthetic
V00051,563.927046,0.96605768,standard,True,synthetic
V00052,673.018417,0.84154565,standard,False,synthetic
V00053,1166.693444,0.75429583,commercial,True,synthetic
V00054,581.308931,1.0231009,standard,True,synthetic
V00055,309.841387,0.81048083,standard,True,synthetic
V00056,499.426942,1.12904795,preferred,True,synthetic
V00057,715.791849,1.18844384,preferred,True,synthetic
V00058,654.90484,1.11642853,standard,True,synthetic
V00059,405.704162,1.01886859,standard,True,synthetic
V00060,1137.255503,1.37691749,standard,False,synthetic
V00061,375.843614,0.92916735,commercial,True,synthetic
V00062,704.70635,0.49266672,commercial,True,synthetic
V00063,392.34898,0.60894786,standard,False,synthetic
V00064,500.312974,1.00355585,preferred,True,synthetic
V00065,547.077219,1.53850597,standard,True,synthetic
V00066,680.211852,1.20202741,preferred,True,synthetic
V00067,481.679325,0.66749231,commercial,True,synthetic
V00068,584.456268,0.99763543,preferred,True,synthetic
V00069,1625.962877,0.68558469,standard,False,synthetic
V00070,1063.835395,1.10200981,standard,True,synthetic
V00071,1334.303674,1.00152412,preferred,False,synthetic
V00072,1029.293242,1.07496605,standard,True,synthetic
V00073,818.564201,1.49462873,standard,False,synthetic
V00074,1133.996897,1.37637233,preferred,False,synthetic
V00075,727.930008,0.79114293,standard,True,synthetic
V00076,1290.791399,1.64483104,standard,True,synthetic
V00077,698.529054,0.73539471,standard,True,synthetic
V00078,641.03575,0.93324015,preferred,True,synthetic
V00079,354.898251,0.90053923,preferred,True,synthetic
V00080,1853.094024,1.2156972,standard,True,synthetic
V00081,1269.941783,1.12031699,preferred,False,synthetic
V00082,460.256327,1.28120234,standard,True,synthetic
V00083,1508.735937,0.52375327,standard,True,synthetic
V00084,915.968702,1.04371006,commercial,True,synthetic
V00085,250.0,0.95931278,preferred,False,synthetic
V00086,703.84584,0.96442122,commercial,True,synthetic
V00087,747.405135,0.72309502,preferred,True,synthetic
V00088,1051.004607,0.99537356,preferred,False,synthetic
V00089,705.101003,0.88369411,commercial,True,synthetic
V00090,795.595033,0.82691555,preferred,True,synthetic
V00091,1039.843324,0.98768206,preferred,True,synthetic
V00092,587.153305,0.61183578,preferred,True,synthetic
V00093,638.842106,0.97998631,preferred,True,synthetic
V00094,676.749225,1.28082024,commercial,True,synthetic
V00095,1727.118215,0.70480324,standard,False,synthetic
V00096,768.850275,0.66773266,commercial,True,synthetic
V00097,476.937399,1.61996035,preferred,True,synthetic
V00098,1211.128923,0.49977643,standard,False,synthetic
V00099,296.393092,0.8095886,standard,True,synthetic
V00100,1690.858664,0.89731278,standard,True,synthetic
V00101,761.622327,2.28066498,standard,True,synthetic
V00102,1446.226122,0.89036534,standard,False,synthetic
V00103,714.043287,0.73731545,standard,True,synthetic
V00104,730.567671,0.94471946,standard,False,synthetic
V00105,622.357341,0.68440098,preferred,True,synthetic
V00106,804.519246,1.51278246,standard,True,synthetic
V00107,845.23547,0.91406863,standard,True,synthetic
V00108,321.66724,0.7361878,preferred,False,synthetic
V00109,487.795511,1.00622747,commercial,True,synthetic
V00110,1079.038505,2.1691782,standard,True,synthetic
V00111,1756.656944,0.93527678,standard,True,synthetic
V00112,1333.444614,0.48439079,commercial,True,synthetic
V00113,740.759422,1.74529932,preferred,True,synthetic
V00114,1167.893186,0.57513349,preferred,False,synthetic
V00115,363.956074,0.78222564,standard,True,synthetic
V00116,285.79056,0.98839348,preferred,True,synthetic
V00117,406.806678,1.40768126,standard,False,synthetic
V00118,704.0373,1.2303576,standard,True,synthetic
V00119,1722.109458,1.16846733,standard,False,synthetic
V00120,467.908303,0.67211952,standard,False,synthetic
V00121,518.124289,0.77970329,standard,False,synthetic
V00122,1233.913359,0.61379232,preferred,True,synthetic
V00123,741.217313,1.51311138,preferred,True,synthetic
V00124,571.431788,1.20531702,standard,False,synthetic
V00125,702.467949,0.67369149,preferred,True,synthetic
V00126,1320.080018,1.11816841,preferred,True,synthetic
V00127,840.359045,1.6980039,preferred,True,synthetic
V00128,2132.473385,0.98354641,standard,True,synthetic
V00129,491.017411,0.66691958,commercial,False,synthetic
V00130,1092.717751,0.66593479,standard,True,synthetic
V00131,437.046537,1.40469528,standard,False,synthetic
V00132,868.904124,0.9180267,standard,True,synthetic
V00133,568.428034,0.81780658,standard,True,synthetic
V00134,633.439266,0.61195779,preferred,False,synthetic
V00135,740.425764,1.42602876,standard,True,synthetic
V00136,956.656186,1.00218118,standard,False,synthetic
V00137,1042.034715,0.98583339,standard,False,synthetic
V00138,1355.717299,0.57060184,standard,True,synthetic
V00139,1279.847601,0.98403752,standard,True,synthetic
V00140,805.315355,0.54755579,preferred,True,synthetic
V00141,464.941474,1.2356839,standard,True,synthetic
V00142,635.39575,0.62130135,standard,True,synthetic
V00143,921.350663,1.01521759,standard,False,synthetic
V00144,393.52721,1.05714126,standard,True,synthetic
V00145,1506.471442,0.7908662,standard,False,synthetic
V00146,442.08276,0.62549141,standard,True,synthetic
V00147,1326.569456,1.5718743,preferred,False,synthetic
V00148,399.644244,0.63220534,standard,False,synthetic
V00149,1004.937901,0.81696642,standard,True,synthetic
V00150,535.975604,1.39403286,commercial,True,synthetic
V00151,959.710422,0.5207179,standard,True,synthetic
V00152,1285.828857,1.25001247,preferred,True,synthetic
V00153,718.408952,1.164513,standard,False,synthetic
V00154,912.732568,0.89139848,standard,True,synthetic
V00155,749.437207,0.86604138,standard,True,synthetic
V00156,433.531257,1.77612919,standard,True,synthetic
V00157,1389.256839,0.93232199,standard,True,synthetic
V00158,318.543978,0.696815,preferred,True,synthetic
V00159,382.58548,0.62854912,standard,False,synthetic
V00160,654.330445,0.82280921,standard,False,synthetic
V00161,347.835226,1.28651315,preferred,False,synthetic
V00162,544.426206,1.24003916,preferred,True,synthetic
V00163,1017.571218,0.67251084,standard,True,synthetic
V00164,505.334571,1.69597357,standard,False,synthetic
V00165,459.619234,0.74186035,commercial,True,synthetic
V00166,445.691094,0.59199338,standard,True,synthetic
V00167,2151.329371,1.30161892,preferred,True,synthetic
V00168,996.281205,0.86376988,commercial,False,synthetic
V00169,1190.130909,1.24285272,standard,True,synthetic
V00170,1275.31578,1.1345816,standard,True,synthetic
V00171,2088.120249,1.21061533,standard,True,synthetic
V00172,857.024066,0.90855704,standard,False,synthetic
V00173,901.273871,1.32004166,standard,True,synthetic
V00174,816.79697,1.38009441,commercial,True,synthetic
V00175,734.007084,1.24137494,standard,True,synthetic
V00176,462.25358,0.89863687,standard,True,synthetic
V00177,1367.040506,0.46323823,preferred,True,synthetic
V00178,1146.425046,0.83444688,preferred,False,synthetic
V00179,423.223447,0.95729199,commercial,True,synthetic
V00180,744.166882,0.69812827,standard,True,synthetic
V00181,1207.392681,0.72045392,preferred,True,synthetic
V00182,862.653724,1.10904096,standard,False,synthetic
V00183,325.114794,0.9041152,preferred,True,synthetic
V00184,1271.745936,1.35282801,standard,False,synthetic
V00185,1879.235295,1.05799168,standard,False,synthetic
V00186,250.0,1.06703932,standard,True,synthetic
V00187,733.08826,0.80820268,standard,True,synthetic
V00188,1303.174209,0.99917343,standard,True,synthetic
V00189,590.877157,1.136666,standard,True,synthetic
V00190,449.642954,1.93305142,standard,True,synthetic
V00191,452.020321,1.34485738,preferred,False,synthetic
V00192,452.348975,2.03658725,commercial,False,synthetic
V00193,1178.624762,1.188031,standard,True,synthetic
V00194,699.276455,1.60784801,commercial,False,synthetic
V00195,693.884755,1.39360824,standard,True,synthetic
V00196,588.911629,1.03198545,preferred,True,synthetic
V00197,459.917374,0.85947641,commercial,True,synthetic
V00198,816.524613,0.97452454,standard,True,synthetic
V00199,250.0,0.81618567,standard,False,synthetic
V00200,1567.531714,0.88689527,commercial,True,synthetic
V00201,462.87878,0.94043843,standard,True,synthetic
V00202,840.365359,1.15219239,standard,True,synthetic
V00203,804.790891,0.89713036,standard,True,synthetic
V00204,799.095462,1.34811139,preferred,False,synthetic
V00205,250.0,0.49655139,standard,True,synthetic
V00206,618.216243,1.40908271,standard,True,synthetic
V00207,865.810861,1.12004969,standard,True,synthetic
V00208,682.14712,1.23475071,standard,False,synthetic
V00209,496.848331,0.45363467,standard,False,synthetic
V00210,794.471248,1.34091403,standard,True,synthetic
V00211,779.163583,0.65132294,standard,False,synthetic
V00212,933.129145,0.74650156,preferred,False,synthetic
V00213,425.381832,1.05749796,standard,True,synthetic
V00214,1314.903379,0.43052573,preferred,True,synthetic
V00215,580.237783,1.57280106,standard,False,synthetic
V00216,1088.103689,1.04483573,standard,True,synthetic
V00217,618.788402,0.92970799,standard,False,synthetic
V00218,1239.443075,1.08929294,standard,True,synthetic
V00219,521.934733,1.65140128,standard,True,synthetic
V00220,1340.67777,0.6751591,standard,True,synthetic
V00221,753.040874,1.20859288,standard,False,synthetic
V00222,1188.927279,2.63421995,standard,False,synthetic
V00223,810.630567,1.32211671,commercial,False,synthetic
V00224,1038.07874,0.42218904,standard,True,synthetic
V00225,285.640973,0.84291069,commercial,False,synthetic
V00226,691.66285,0.54898348,preferred,False,synthetic
V00227,1096.171745,0.89865367,preferred,False,synthetic
V00228,649.737717,1.54480537,standard,False,synthetic
V00229,454.603627,1.08405777,preferred,True,synthetic
V00230,895.701557,0.98133663,preferred,False,synthetic
V00231,1594.752973,0.74595758,preferred,True,synthetic
V00232,259.534811,1.21570993,preferred,False,synthetic
V00233,307.177448,1.07019917,standard,False,synthetic
V00234,828.455047,0.71946509,standard,False,synthetic
V00235,671.308997,1.02476081,standard,True,synthetic
V00236,770.34779,0.70761315,standard,True,synthetic
V00237,865.933294,1.10225896,commercial,True,synthetic
V00238,303.325445,1.19447544,standard,False,synthetic
V00239,983.036808,1.0657824,standard,True,synthetic
V00240,332.745073,1.00177656,commercial,True,synthetic
V00241,1140.191062,0.81743862,standard,True,synthetic
V00242,409.912755,0.74133535,standard,True,synthetic
V00243,796.184743,0.86506841,standard,False,synthetic
V00244,837.770587,0.66620433,standard,True,synthetic
V00245,1454.055632,1.42476857,preferred,True,synthetic
V00246,518.070411,1.07174092,standard,False,synthetic
V00247,394.000978,0.88074485,standard,False,synthetic
V00248,1045.012644,0.6484292,standard,False,synthetic
V00249,689.91911,0.90610972,preferred,True,synthetic
V00250,643.940556,1.22618735,standard,False,synthetic
V00251,520.788363,0.76704915,standard,False,synthetic
V00252,438.696194,0.92400398,standard,True,synthetic
V00253,501.38628,0.67994209,standard,True,synthetic
V00254,1107.838606,1.02858559,standard,True,synthetic
V00255,1437.515448,0.54987053,standard,False,synthetic
V00256,1512.158955,1.15806669,preferred,True,synthetic
V00257,1745.333356,0.82726069,preferred,True,synthetic
V00258,701.671643,0.51067041,standard,True,synthetic
V00259,828.368149,1.08975786,standard,False,synthetic
V00260,1529.182039,2.08288478,preferred,True,synthetic
V00261,641.685124,0.78358412,standard,False,synthetic
V00262,703.93056,1.64121155,standard,True,synthetic
V00263,993.053842,1.40355984,standard,True,synthetic
V00264,762.752453,1.66864934,standard,True,synthetic
V00265,336.268537,0.79517667,standard,False,synthetic
V00266,928.314611,1.23939958,preferred,False,synthetic
V00267,645.667704,1.22569219,standard,False,synthetic
V00268,688.497038,1.32549768,standard,True,synthetic
V00269,725.928282,1.17517229,standard,False,synthetic
V00270,1248.886538,0.96305441,standard,True,synthetic
V00271,518.863198,1.63149461,standard,False,synthetic
V00272,1628.690253,0.58920519,standard,False,synthetic
V00273,432.873499,0.79940105,standard,False,synthetic
V00274,980.083616,1.1587274,standard,True,synthetic
V00275,250.0,1.25741306,standard,True,synthetic
V00276,866.80492,0.75111565,standard,True,synthetic
V00277,441.139636,1.19652313,preferred,True,synthetic
V00278,426.907974,1.57794193,standard,True,synthetic
V00279,408.601684,1.95537873,standard,True,synthetic
V00280,458.175871,1.15691272,preferred,False,synthetic
V00281,881.741173,0.63474305,commercial,True,synthetic
V00282,613.768238,1.11317664,standard,False,synthetic
V00283,1927.646758,0.91550025,preferred,True,synthetic
V00284,2701.92978,1.02819372,standard,True,synthetic
V00285,1251.166562,0.86624919,standard,True,synthetic
V00286,1040.340962,0.72540776,commercial,True,synthetic
V00287,500.385822,0.57803953,standard,True,synthetic
V00288,552.227062,1.43753304,preferred,True,synthetic
V00289,936.299364,0.72712319,standard,False,synthetic
V00290,871.299632,1.1146672,commercial,False,synthetic
V00291,686.427728,0.65835797,preferred,True,synthetic
V00292,1272.446188,0.85638626,standard,True,synthetic
V00293,1388.006254,1.22282755,standard,True,synthetic
V00294,771.852864,0.97804024,standard,True,synthetic
V00295,500.010236,0.9154968,commercial,True,synthetic
V00296,250.0,0.9487953,standard,False,synthetic
V00297,337.622604,0.6920021,preferred,True,synthetic
V00298,347.187872,0.93833411,standard,False,synthetic
V00299,350.542243,0.88795512,preferred,False,synthetic
V00300,1175.215214,0.77258462,standard,True,synthetic
V00301,621.875153,1.06065091,standard,False,synthetic
V00302,2327.223883,1.5918615,preferred,True,synthetic
V00303,1821.124682,0.74885407,standard,True,synthetic
V00304,752.697811,0.89534888,standard,True,synthetic
V00305,531.990166,1.02515829,commercial,True,synthetic
V00306,469.981807,3.2,standard,True,synthetic
V00307,729.049272,1.17305209,standard,False,synthetic
V00308,1544.9601,0.66557457,standard,True,synthetic
V00309,350.201985,1.12574141,preferred,True,synthetic
V00310,548.968673,0.87261775,standard,True,synthetic
V00311,1084.258318,2.01338181,standard,False,synthetic
V00312,470.685574,0.76688699,preferred,False,synthetic
V00313,446.595997,1.27841897,commercial,False,synthetic
V00314,711.145194,1.16471537,preferred,True,synthetic
V00315,892.918455,0.60245195,standard,True,synthetic
V00316,505.272061,0.57120362,standard,True,synthetic
V00317,339.377076,0.97985802,standard,False,synthetic
V00318,540.508718,1.17190135,preferred,True,synthetic
V00319,997.028131,1.59621597,standard,False,synthetic
V00320,374.284325,0.65465864,standard,True,synthetic
V00321,534.498392,1.06205099,standard,True,synthetic
V00322,250.0,0.99682093,standard,False,synthetic
V00323,732.178027,1.11437803,commercial,True,synthetic
V00324,780.173803,0.98202449,preferred,True,synthetic
V00325,366.964662,1.59670879,standard,True,synthetic
V00326,753.3349,1.24715595,commercial,False,synthetic
V00327,2167.995768,1.65715678,standard,True,synthetic
V00328,1133.634917,1.33306327,preferred,True,synthetic
V00329,1275.128932,1.3997618,standard,True,synthetic
V00330,406.947246,0.92645156,commercial,False,synthetic
V00331,831.033461,0.79991155,standard,True,synthetic
V00332,2139.145805,0.76117642,standard,True,synthetic
V00333,315.121207,1.74825037,preferred,True,synthetic
V00334,482.002353,0.99489291,standard,True,synthetic
V00335,250.0,0.8169566,standard,True,synthetic
V00336,415.625977,0.81303476,standard,True,synthetic
V00337,545.162186,0.80774559,preferred,True,synthetic
V00338,1052.64183,0.70278124,standard,True,synthetic
V00339,1115.594143,1.41040576,preferred,True,synthetic
V00340,349.130313,0.97061768,standard,True,synthetic
V00341,866.534926,0.62164958,standard,False,synthetic
V00342,411.310685,0.83398882,standard,False,synthetic
V00343,1149.854164,2.17774091,commercial,False,synthetic
V00344,886.037739,0.71085799,standard,True,synthetic
V00345,857.254997,1.07242385,standard,False,synthetic
V00346,505.81236,0.79439887,standard,True,synthetic
V00347,820.434122,0.99340279,standard,True,synthetic
V00348,735.980437,1.52490829,standard,True,synthetic
V00349,544.559527,2.10692398,standard,True,synthetic
V00350,724.643741,0.77142431,standard,False,synthetic
V00351,642.211871,0.91492686,standard,False,synthetic
V00352,1674.670723,1.81076389,commercial,True,synthetic
V00353,580.644508,0.77117042,standard,False,synthetic
V00354,982.883398,0.59628524,standard,True,synthetic
V00355,427.516035,1.04415662,standard,False,synthetic
V00356,250.0,1.0030254,preferred,False,synthetic
V00357,320.846722,1.02581278,preferred,True,synthetic
V00358,1086.31714,1.04966336,preferred,False,synthetic
V00359,587.594177,1.35876856,standard,False,synthetic
V00360,611.436109,0.90281958,standard,True,synthetic
V00361,1653.421604,0.99173575,standard,False,synthetic
V00362,782.615526,1.01006038,standard,True,synthetic
V00363,676.013957,0.94629341,standard,True,synthetic
V00364,1266.054735,0.82943778,standard,True,synthetic
V00365,1188.133754,1.56540146,standard,True,synthetic
V00366,852.911444,0.91157071,standard,False,synthetic
V00367,1883.955178,1.43201794,standard,False,synthetic
V00368,365.699045,1.18979352,preferred,True,synthetic
V00369,561.918159,1.65287558,standard,True,synthetic
V00370,675.939432,1.08409031,standard,True,synthetic
V00371,943.232945,0.84077866,standard,True,synthetic
V00372,1179.263785,0.85982265,standard,True,synthetic
V00373,366.225282,0.826475,standard,True,synthetic
V00374,769.217099,1.7115359,preferred,True,synthetic
V00375,279.500609,1.37612246,standard,True,synthetic
V00376,544.239256,0.87999105,standard,True,synthetic
V00377,454.851533,0.85490785,commercial,True,synthetic
V00378,858.3575,0.97393469,standard,False,synthetic
V00379,385.702373,1.41221709,standard,True,synthetic
V00380,635.282261,1.06668245,standard,False,synthetic
V00381,441.990524,0.66494234,standard,False,synthetic
V00382,250.0,0.52975269,standard,True,synthetic
V00383,1360.730754,1.47551018,preferred,True,synthetic
V00384,1154.537146,0.81431001,standard,True,synthetic
V00385,1043.559842,0.79752988,preferred,False,synthetic
V00386,508.116004,1.95014141,preferred,True,synthetic
V00387,757.022122,0.77571188,preferred,True,synthetic
V00388,684.011247,1.47774724,commercial,True,synthetic
V00389,1888.30377,0.48571054,standard,True,synthetic
V00390,1279.833607,0.69414199,standard,True,synthetic
V00391,1507.68036,1.51512055,standard,True,synthetic
V00392,601.439148,0.50954665,standard,True,synthetic
V00393,1855.871557,0.61925922,standard,True,synthetic
V00394,729.382212,0.52552832,standard,True,synthetic
V00395,1834.068886,1.09708025,preferred,False,synthetic
V00396,355.265958,1.2805934,standard,True,synthetic
V00397,1183.138372,1.01178987,preferred,True,synthetic
V00398,402.069653,0.48690461,standard,False,synthetic
V00399,1181.264953,1.7629663,standard,False,synthetic
V00400,491.527836,1.20800973,standard,True,synthetic
V00401,1242.400302,1.18240444,preferred,True,synthetic
V00402,402.613208,0.87015382,standard,False,synthetic
V00403,902.733781,1.14386609,standard,True,synthetic
V00404,985.081756,0.75084452,commercial,True,synthetic
V00405,954.549295,0.5533893,preferred,True,synthetic
V00406,458.739224,1.19359623,standard,True,synthetic
V00407,1097.973022,0.98315181,standard,False,synthetic
V00408,856.966425,0.84203892,preferred,True,synthetic
V00409,511.175492,1.83237836,preferred,True,synthetic
V00410,955.675452,0.95325671,preferred,False,synthetic
V00411,555.051477,1.39891661,standard,True,synthetic
V00412,467.853055,0.97984193,commercial,True,synthetic
V00413,552.657331,0.77044664,standard,True,synthetic
V00414,958.546639,0.91567491,standard,True,synthetic
V00415,755.703645,1.47089924,commercial,True,synthetic
V00416,408.336492,1.08724799,preferred,True,synthetic
V00417,447.916395,1.07205739,commercial,True,synthetic
V00418,1449.434304,0.88974513,commercial,True,synthetic
V00419,539.377431,1.06489473,standard,True,synthetic
V00420,1718.275823,1.11916266,standard,True,synthetic
V00421,310.848595,0.88023438,standard,True,synthetic
V00422,1555.98788,1.05880989,standard,False,synthetic
V00423,398.513408,1.50528099,standard,True,synthetic
V00424,651.497766,1.26969622,standard,True,synthetic
V00425,991.57265,0.85799716,standard,False,synthetic
V00426,250.0,1.21390393,standard,False,synthetic
V00427,737.396797,0.91944958,preferred,False,synthetic
V00428,1127.170965,1.3355851,standard,False,synthetic
V00429,1497.296395,1.98795246,preferred,True,synthetic
V00430,1326.056503,0.9884217,standard,False,synthetic
V00431,853.61763,1.18611957,standard,True,synthetic
V00432,666.001823,0.9784746,standard,True,synthetic
V00433,471.120935,1.12190887,commercial,False,synthetic
V00434,455.235697,1.26389053,preferred,False,synthetic
V00435,766.972399,1.17794285,standard,True,synthetic
V00436,790.59501,0.53690148,preferred,True,synthetic
V00437,683.37104,0.95141506,preferred,False,synthetic
V00438,676.478686,0.92713016,preferred,True,synthetic
V00439,455.556874,0.94026115,standard,True,synthetic
V00440,1307.327995,0.96975755,preferred,True,synthetic
V00441,1292.382041,1.20636805,commercial,True,synthetic
V00442,1354.673718,0.93212605,standard,False,synthetic
V00443,710.581323,1.5577676,standard,False,synthetic
V00444,646.402169,0.9306051,commercial,True,synthetic
V00445,797.364093,1.20619896,standard,True,synthetic
V00446,1254.230634,0.90687575,standard,True,synthetic
V00447,419.428157,0.86837563,standard,True,synthetic
V00448,543.908856,0.6274985,preferred,True,synthetic
V00449,644.049392,0.70260562,preferred,True,synthetic
V00450,1131.332063,0.73253082,standard,True,synthetic
V00451,475.878204,0.61603233,preferred,True,synthetic
V00452,484.604038,1.35904194,commercial,False,synthetic
V00453,644.75313,0.98452122,standard,True,synthetic
V00454,381.609128,0.90259582,preferred,False,synthetic
V00455,1484.97104,0.99773121,preferred,True,synthetic
V00456,985.737943,1.73886907,standard,True,synthetic
V00457,660.651311,0.77652489,standard,True,synthetic
V00458,991.504112,0.98856952,standard,False,synthetic
V00459,1480.626063,1.48817429,preferred,True,synthetic
V00460,515.645212,0.80032883,standard,True,synthetic
V00461,380.800462,1.02445405,standard,True,synthetic
V00462,647.201515,0.77038699,standard,False,synthetic
V00463,250.0,0.87362974,preferred,True,synthetic
V00464,427.112304,1.59521016,standard,True,synthetic
V00465,805.617357,1.24993005,standard,True,synthetic
V00466,404.024253,1.17582181,preferred,False,synthetic
V00467,403.32136,0.9907254,standard,True,synthetic
V00468,471.17465,0.64871439,standard,True,synthetic
V00469,349.767852,1.23654566,commercial,False,synthetic
V00470,854.57314,0.4,standard,True,synthetic
V00471,526.884845,1.27199206,standard,True,synthetic
V00472,356.238805,1.8007633,preferred,True,synthetic
V00473,827.84155,1.13500962,standard,False,synthetic
V00474,769.513183,0.6318025,standard,False,synthetic
V00475,771.638374,0.96110682,preferred,True,synthetic
V00476,702.635182,0.70533711,standard,False,synthetic
V00477,334.406057,1.24649974,standard,True,synthetic
V00478,404.852687,0.98945563,standard,True,synthetic
V00479,2200.510902,0.81568234,standard,True,synthetic
V00480,761.059179,0.97052352,standard,True,synthetic
V00481,951.713711,0.63591936,preferred,True,synthetic
V00482,760.060258,1.28255636,standard,False,synthetic
V00483,1280.953775,0.96538674,standard,False,synthetic
V00484,451.382295,0.93660842,standard,True,synthetic
V00485,403.40188,0.87092535,standard,True,synthetic
V00486,596.956195,0.59372777,standard,True,synthetic
V00487,382.072888,1.4985539,standard,True,synthetic
V00488,1233.407716,0.58289956,commercial,False,synthetic
V00489,654.623784,0.68144199,standard,True,synthetic
V00490,460.608767,1.34381614,standard,True,synthetic
V00491,268.884758,0.84088421,standard,False,synthetic
V00492,985.733367,1.03609042,preferred,True,synthetic
V00493,971.514361,0.78060497,standard,True,synthetic
V00494,514.687812,1.58526389,standard,True,synthetic
V00495,846.560239,1.0718911,standard,False,synthetic
V00496,657.349941,0.96568083,standard,False,synthetic
V00497,727.974234,0.84738768,standard,True,synthetic
V00498,359.826772,1.06959727,preferred,True,synthetic
V00499,1496.164685,1.1654943,standard,False,synthetic
V00500,538.116424,1.06791598,standard,True,synthetic
V00501,579.283981,2.85732598,standard,True,synthetic
V00502,392.370222,1.30303037,preferred,True,synthetic
V00503,850.478172,0.5474173,standard,True,synthetic
V00504,1205.921458,0.80868602,standard,True,synthetic
V00505,536.035462,0.83152391,standard,True,synthetic
V00506,1589.809388,1.15260452,standard,True,synthetic
V00507,671.633643,0.95416706,standard,False,synthetic
V00508,809.15428,1.40592747,preferred,False,synthetic
V00509,1212.382943,0.69907093,standard,True,synthetic
V00510,781.548014,1.09587974,preferred,True,synthetic
V00511,513.875616,0.97208398,standard,True,synthetic
V00512,1263.097773,1.52621245,preferred,False,synthetic
V00513,2537.200181,0.99634193,standard,False,synthetic
V00514,250.0,0.83282952,standard,True,synthetic
V00515,961.412013,0.85336798,preferred,False,synthetic
V00516,1194.295735,1.05896118,standard,True,synthetic
V00517,813.9217,0.70948446,standard,True,synthetic
V00518,999.456506,1.39707668,preferred,True,synthetic
V00519,969.687145,1.64209313,preferred,False,synthetic
V00520,595.902768,1.09666052,preferred,False,synthetic
V00521,1881.289999,1.27916265,preferred,False,synthetic
V00522,1672.787112,1.17304599,standard,True,synthetic
V00523,1522.956724,0.5781602,preferred,True,synthetic
V00524,1579.863447,1.01827887,commercial,True,synthetic
V00525,693.102776,1.30638406,standard,True,synthetic
V00526,786.339595,1.40268244,standard,False,synthetic
V00527,1063.194538,1.07034148,standard,True,synthetic
V00528,949.323873,0.78426656,standard,False,synthetic
V00529,638.072711,1.59357531,standard,True,synthetic
V00530,406.319001,0.994579,standard,True,synthetic
V00531,378.842577,1.41240435,standard,True,synthetic
V00532,254.018999,0.54486734,preferred,True,synthetic
V00533,376.271353,1.75987475,preferred,False,synthetic
V00534,839.621031,0.60010188,preferred,True,synthetic
V00535,807.871194,1.08179381,standard,True,synthetic
V00536,392.468913,0.99037475,standard,False,synthetic
V00537,879.962111,0.75815986,standard,True,synthetic
V00538,468.59067,0.73164318,standard,True,synthetic
V00539,1178.556369,0.89864869,standard,True,synthetic
V00540,2784.475848,0.78613894,standard,True,synthetic
V00541,728.333545,1.11765525,preferred,True,synthetic
V00542,558.046809,1.85490422,standard,False,synthetic
V00543,444.739734,1.28448688,standard,True,synthetic
V00544,690.688762,1.30181018,standard,False,synthetic
V00545,302.593622,1.53749103,standard,True,synthetic
V00546,385.246745,0.45264478,commercial,True,synthetic
V00547,2508.856736,0.96846434,commercial,True,synthetic
V00548,1150.414673,1.57363825,standard,True,synthetic
V00549,1326.740845,0.51105055,standard,False,synthetic
V00550,571.527297,0.89741157,standard,True,synthetic
V00551,610.052642,1.36582568,standard,True,synthetic
V00552,987.330804,0.83028148,standard,True,synthetic
V00553,853.395127,1.07614886,commercial,True,synthetic
V00554,539.508051,0.940801,standard,True,synthetic
V00555,3245.6301,0.62083908,standard,True,synthetic
V00556,450.86449,1.10508204,preferred,True,synthetic
V00557,1740.6394,1.26181383,commercial,True,synthetic
V00558,737.9346,0.64169557,standard,True,synthetic
V00559,653.291781,0.98866005,standard,True,synthetic
V00560,362.846774,0.63263975,commercial,True,synthetic
V00561,988.442123,0.73612476,standard,True,synthetic
V00562,626.651442,0.78450506,standard,True,synthetic
V00563,449.358973,1.10398162,standard,False,synthetic
V00564,739.407877,0.7346122,preferred,False,synthetic
V00565,1081.047442,1.40957878,standard,False,synthetic
V00566,742.991473,1.00143907,standard,True,synthetic
V00567,519.344044,0.79715388,preferred,True,synthetic
V00568,401.998278,1.32920492,commercial,True,synthetic
V00569,664.720516,1.45645066,commercial,True,synthetic
V00570,382.527922,1.12877274,commercial,True,synthetic
V00571,1825.271282,0.9428305,standard,True,synthetic
V00572,494.624569,1.72630327,standard,True,synthetic
V00573,577.9378,0.85673017,preferred,False,synthetic
V00574,1075.554269,0.765689,standard,True,synthetic
V00575,607.721462,1.04856336,standard,True,synthetic
V00576,355.581785,0.96412237,commercial,True,synthetic
V00577,599.336465,1.33300245,standard,True,synthetic
V00578,403.659537,0.70439139,commercial,True,synthetic
V00579,562.435126,0.99932887,preferred,True,synthetic
V00580,524.438451,0.90477113,standard,True,synthetic
V00581,784.537705,1.18865058,commercial,True,synthetic
V00582,381.374762,0.69337224,preferred,True,synthetic
V00583,611.323782,1.05222192,standard,False,synthetic
V00584,734.001657,1.4210365,standard,False,synthetic
V00585,423.804553,0.58040916,standard,True,synthetic
V00586,946.064164,0.87850975,standard,True,synthetic
V00587,962.740598,1.37683763,standard,True,synthetic
V00588,594.46359,0.59261688,preferred,True,synthetic
V00589,1358.26884,1.07079944,commercial,False,synthetic
V00590,873.014651,1.44618479,standard,False,synthetic
V00591,503.541179,0.51512691,preferred,True,synthetic
V00592,762.482226,0.89595641,standard,False,synthetic
V00593,802.446026,1.69489541,preferred,False,synthetic
V00594,833.730407,1.29131833,standard,True,synthetic
V00595,476.308491,1.71464671,commercial,True,synthetic
V00596,444.644878,1.79656161,standard,True,synthetic
V00597,769.629943,0.91696964,standard,True,synthetic
V00598,351.484217,1.52323793,standard,True,synthetic
V00599,1909.798633,1.28317213,standard,True,synthetic
V00600,250.0,1.70901343,standard,False,synthetic
V00601,354.176856,1.51122439,standard,False,synthetic
V00602,460.369798,0.78083557,standard,False,synthetic
V00603,250.0,1.35967946,standard,True,synthetic
V00604,1403.663416,1.27001566,commercial,False,synthetic
V00605,620.634133,1.16097349,commercial,True,synthetic
V00606,2070.318026,0.79590588,standard,True,synthetic
V00607,1077.552074,1.74126173,standard,True,synthetic
V00608,2307.454446,1.22430099,standard,True,synthetic
V00609,1251.430947,1.52899258,standard,True,synthetic
V00610,575.054578,0.77948627,commercial,True,synthetic
V00611,661.697198,0.89330793,standard,False,synthetic
V00612,874.882717,0.53565245,standard,True,synthetic
V00613,696.105959,1.07360762,preferred,True,synthetic
V00614,446.603235,2.20790484,commercial,False,synthetic
V00615,650.651942,0.76439423,standard,False,synthetic
V00616,408.101271,0.98234219,standard,True,synthetic
V00617,3413.2837,1.15647354,standard,True,synthetic
V00618,405.428281,0.72587909,standard,True,synthetic
V00619,800.814166,1.34657664,standard,True,synthetic
V00620,980.714614,0.76247938,standard,True,synthetic
V00621,716.514464,0.84363416,standard,True,synthetic
V00622,1084.787103,1.08077689,standard,True,synthetic
V00623,540.340545,0.94700282,standard,True,synthetic
V00624,824.43842,0.66178959,standard,True,synthetic
V00625,926.962585,0.80625273,standard,False,synthetic
V00626,561.373705,0.82463489,preferred,True,synthetic
V00627,676.07059,0.58847496,standard,True,synthetic
V00628,890.454866,0.61155534,standard,True,synthetic
V00629,1162.38366,0.75917526,preferred,False,synthetic
V00630,518.415368,1.46651832,standard,True,synthetic
V00631,736.258139,0.48064863,preferred,True,synthetic
V00632,436.898,0.93282397,preferred,True,synthetic
V00633,416.560556,2.03183341,standard,False,synthetic
V00634,1137.748111,0.57760466,preferred,True,synthetic
V00635,934.69307,1.01174245,standard,True,synthetic
V00636,1264.897676,0.84944408,preferred,True,synthetic
V00637,510.733808,1.28081467,standard,True,synthetic
V00638,336.031791,0.75783318,standard,True,synthetic
V00639,3184.991981,1.60557872,preferred,True,synthetic
V00640,543.610936,1.50339166,preferred,True,synthetic
V00641,847.079597,0.5963721,preferred,True,synthetic
V00642,941.894656,1.53264095,standard,True,synthetic
V00643,839.266295,0.55948375,standard,True,synthetic
V00644,407.465764,1.20857755,standard,True,synthetic
V00645,1130.700106,0.99397695,standard,True,synthetic
V00646,628.660641,0.58241699,standard,True,synthetic
V00647,429.355927,1.25418231,preferred,False,synthetic
V00648,374.962228,0.57913038,preferred,True,synthetic
V00649,902.682964,0.91564837,standard,True,synthetic
V00650,428.821636,0.66084335,preferred,True,synthetic
V00651,578.471356,0.96548934,standard,True,synthetic
V00652,1628.868844,1.10870897,standard,True,synthetic
V00653,401.561933,0.96509496,preferred,True,synthetic
V00654,736.575721,0.60384107,standard,True,synthetic
V00655,631.402147,0.81402464,standard,True,synthetic
V00656,1586.464416,1.00606642,preferred,True,synthetic
V00657,277.634284,1.38332386,preferred,True,synthetic
V00658,992.660845,1.14940221,standard,True,synthetic
V00659,518.183348,1.34775795,preferred,True,synthetic
V00660,1272.999096,0.87872173,preferred,False,synthetic
V00661,326.137208,1.25786126,preferred,True,synthetic
V00662,1545.643756,1.35240741,standard,True,synthetic
V00663,357.073745,0.99109345,standard,True,synthetic
V00664,873.569957,0.89124062,preferred,True,synthetic
V00665,1036.214911,0.76660615,standard,True,synthetic
V00666,573.389377,0.88310355,preferred,True,synthetic
V00667,1082.733882,0.61725519,preferred,False,synthetic
V00668,974.002025,1.72533697,preferred,True,synthetic
V00669,585.90729,1.04944224,standard,True,synthetic
V00670,560.96896,0.69691316,preferred,False,synthetic
V00671,962.402055,0.95617962,standard,False,synthetic
V00672,250.0,1.69683072,standard,False,synthetic
V00673,966.973268,1.13186967,preferred,True,synthetic
V00674,1954.905213,0.75952235,commercial,True,synthetic
V00675,2698.072933,0.65581875,standard,True,synthetic
V00676,975.549821,1.50352593,standard,True,synthetic
V00677,366.601309,1.10809684,standard,False,synthetic
V00678,1383.404317,0.7936267,standard,True,synthetic
V00679,642.779887,0.54386721,commercial,True,synthetic
V00680,1173.114678,1.72637295,standard,True,synthetic
V00681,998.856172,1.33410189,preferred,True,synthetic
V00682,2907.634334,0.81180772,standard,True,synthetic
V00683,512.196057,1.28992957,preferred,False,synthetic
V00684,800.754349,0.65833436,commercial,True,synthetic
V00685,947.912633,1.65822906,preferred,True,synthetic
V00686,646.839074,0.79367838,standard,True,synthetic
V00687,962.635667,0.5540809,commercial,True,synthetic
V00688,590.819342,1.8655523,commercial,False,synthetic
V00689,528.291246,0.75467278,standard,True,synthetic
V00690,682.168157,0.75242473,standard,True,synthetic
V00691,946.932426,1.02741374,standard,True,synthetic
V00692,1096.873489,1.24000539,commercial,True,synthetic
V00693,1062.443858,0.76538622,standard,False,synthetic
V00694,1068.961546,1.35775225,commercial,False,synthetic
V00695,376.922287,0.93579287,standard,True,synthetic
V00696,714.545853,0.90132167,commercial,False,synthetic
V00697,1047.923471,0.66967017,standard,True,synthetic
V00698,530.262359,1.06210022,commercial,True,synthetic
V00699,694.131635,1.31990724,standard,False,synthetic
V00700,650.324357,1.25808028,preferred,True,synthetic
V00701,494.103909,0.99234756,standard,True,synthetic
V00702,612.344918,0.8584031,standard,True,synthetic
V00703,1267.512058,0.71197461,standard,False,synthetic
V00704,1118.599692,1.14857115,standard,False,synthetic
V00705,517.561477,0.74074703,standard,False,synthetic
V00706,1132.696263,1.19441687,preferred,True,synthetic
V00707,723.714207,1.22501551,standard,False,synthetic
V00708,732.51156,1.29639106,standard,True,synthetic
V00709,1176.98437,0.90674654,preferred,True,synthetic
V00710,2856.022739,0.55085727,standard,False,synthetic
V00711,504.358462,1.15129082,standard,False,synthetic
V00712,741.993598,0.9408948,standard,True,synthetic
V00713,1313.058395,2.0354062,preferred,True,synthetic
V00714,410.495138,0.87573813,preferred,False,synthetic
V00715,531.859242,1.20586538,standard,True,synthetic
V00716,3262.844826,0.92460222,standard,True,synthetic
V00717,269.074545,0.67223094,standard,True,synthetic
V00718,888.816298,1.21997738,standard,True,synthetic
V00719,536.656646,1.01797303,standard,True,synthetic
V00720,901.40119,1.1498292,standard,True,synthetic
V00721,815.480129,0.8846493,standard,True,synthetic
V00722,1162.527409,0.70507375,standard,False,synthetic
V00723,1926.376217,0.87815831,standard,True,synthetic
V00724,1127.428323,0.52848563,preferred,True,synthetic
V00725,688.354975,1.13637846,commercial,True,synthetic
V00726,428.382175,0.7209237,commercial,True,synthetic
V00727,324.720972,1.1441946,commercial,True,synthetic
V00728,628.48245,1.03795353,preferred,True,synthetic
V00729,601.881549,1.62042441,standard,True,synthetic
V00730,1360.836258,0.74484723,standard,False,synthetic
V00731,634.920831,0.97738211,preferred,False,synthetic
V00732,383.059776,0.83581088,standard,True,synthetic
V00733,722.006812,0.58837802,standard,True,synthetic
V00734,1497.721955,1.20152121,commercial,True,synthetic
V00735,845.529041,1.65487145,standard,True,synthetic
V00736,250.0,0.83055178,preferred,True,synthetic
V00737,902.925012,0.90508305,commercial,False,synthetic
V00738,1474.808064,0.81153861,standard,False,synthetic
V00739,552.889658,1.41918446,preferred,True,synthetic
V00740,967.084316,0.86581549,standard,True,synthetic
V00741,527.580342,1.63863756,standard,False,synthetic
V00742,847.535276,0.79887537,standard,False,synthetic
V00743,804.352316,1.52331365,standard,True,synthetic
V00744,250.0,1.22024698,standard,True,synthetic
V00745,813.389798,1.90662389,standard,False,synthetic
V00746,407.649446,1.66870488,preferred,True,synthetic
V00747,1622.22507,1.05477593,standard,False,synthetic
V00748,590.433606,0.79252767,standard,True,synthetic
V00749,1114.092361,1.01032729,preferred,True,synthetic
V00750,612.273452,1.14524245,preferred,True,synthetic
V00751,730.32967,0.4,standard,True,synthetic
V00752,1176.018898,1.22048432,standard,False,synthetic
V00753,610.670543,1.06603154,standard,False,synthetic
V00754,896.767653,0.79686134,standard,False,synthetic
V00755,433.313209,1.02654466,standard,True,synthetic
V00756,834.578117,0.79152359,preferred,False,synthetic
V00757,1261.856259,1.41659249,standard,True,synthetic
V00758,1126.572652,1.56921362,commercial,False,synthetic
V00759,378.896562,1.18839323,standard,False,synthetic
V00760,469.809768,1.78462841,commercial,True,synthetic
V00761,288.290098,1.22669439,standard,False,synthetic
V00762,324.04742,0.73551179,standard,True,synthetic
V00763,340.267063,1.55952526,standard,True,synthetic
V00764,874.7649,0.95430867,standard,True,synthetic
V00765,812.304821,0.75511595,standard,True,synthetic
V00766,437.1105,0.85427196,standard,True,synthetic
V00767,342.584115,2.0725419,preferred,True,synthetic
V00768,501.059057,0.47402034,preferred,False,synthetic
V00769,977.071655,0.69651736,standard,True,synthetic
V00770,869.339551,0.89041937,standard,True,synthetic
V00771,613.718099,0.54576622,standard,True,synthetic
V00772,2335.138809,0.68779164,standard,True,synthetic
V00773,640.873924,0.6484999,standard,True,synthetic
V00774,867.365616,0.77703224,standard,False,synthetic
V00775,639.62194,1.86422324,preferred,True,synthetic
V00776,732.634917,0.69264519,standard,False,synthetic
V00777,250.0,1.99672874,standard,True,synthetic
V00778,895.08162,0.79320124,commercial,True,synthetic
V00779,1122.984898,2.04723392,standard,True,synthetic
V00780,862.499253,1.08982769,standard,False,synthetic
V00781,991.922465,0.81952424,standard,False,synthetic
V00782,430.85129,0.94749536,preferred,False,synthetic
V00783,1898.788492,1.04821442,commercial,True,synthetic
V00784,430.790474,1.43137528,preferred,True,synthetic
V00785,496.360053,1.12300898,preferred,True,synthetic
V00786,830.766966,1.11273023,standard,True,synthetic
V00787,465.684453,0.75346429,preferred,True,synthetic
V00788,1283.320531,0.93089531,standard,True,synthetic
V00789,1023.456595,0.81696784,preferred,True,synthetic
V00790,461.726689,0.95132789,standard,True,synthetic
V00791,436.669504,1.79602222,preferred,False,synthetic
V00792,646.125956,0.83448756,standard,True,synthetic
V00793,250.0,0.6265203,standard,True,synthetic
V00794,1427.768058,0.52273114,standard,False,synthetic
V00795,693.6061,1.18504416,standard,False,synthetic
V00796,1537.825789,1.3957494,preferred,True,synthetic
V00797,1568.229513,0.74148757,commercial,True,synthetic
V00798,1280.647897,1.18099516,commercial,True,synthetic
V00799,250.0,1.52720017,standard,False,synthetic
V00800,250.0,1.34665034,standard,True,synthetic
V00801,2103.006682,0.76904185,standard,False,synthetic
V00802,470.568823,0.6044901,preferred,True,synthetic
V00803,1360.876873,1.43081277,standard,False,synthetic
V00804,940.445145,0.73914703,standard,True,synthetic
V00805,536.948726,1.40776273,standard,False,synthetic
V00806,602.342771,0.98620381,standard,True,synthetic
V00807,658.950391,0.79245388,standard,True,synthetic
V00808,649.079632,0.82401191,standard,True,synthetic
V00809,559.742855,1.11824832,standard,True,synthetic
V00810,475.395623,1.39554831,preferred,True,synthetic
V00811,865.169261,1.06239081,preferred,True,synthetic
V00812,1636.171419,0.62829182,commercial,False,synthetic
V00813,491.758701,0.55397739,standard,True,synthetic
V00814,950.563298,1.34190782,standard,True,synthetic
V00815,1104.889254,0.71751894,commercial,False,synthetic
V00816,613.592285,1.50474033,preferred,True,synthetic
V00817,775.798637,1.09474971,commercial,True,synthetic
V00818,965.082428,1.60970389,standard,False,synthetic
V00819,636.488106,0.94336451,standard,False,synthetic
V00820,1031.583125,1.25488464,standard,True,synthetic
V00821,261.731525,0.71350364,commercial,False,synthetic
V00822,944.919531,1.36249013,standard,True,synthetic
V00823,874.631395,0.86285984,preferred,True,synthetic
V00824,250.0,0.97777439,standard,True,synthetic
V00825,558.014966,1.51603968,standard,True,synthetic
V00826,710.114389,0.66892934,standard,True,synthetic
V00827,948.839631,2.0963408,commercial,True,synthetic
V00828,2647.001169,1.66309018,standard,True,synthetic
V00829,281.642906,1.05442749,standard,True,synthetic
V00830,290.17319,0.93428156,commercial,True,synthetic
V00831,489.675569,1.1856299,standard,False,synthetic
V00832,1258.084969,1.30853738,standard,True,synthetic
V00833,401.570463,0.87168314,standard,True,synthetic
V00834,632.415919,1.48785666,preferred,True,synthetic
V00835,732.042869,0.64485494,commercial,False,synthetic
V00836,682.352417,1.11015499,standard,False,synthetic
V00837,663.382399,0.53904624,standard,False,synthetic
V00838,915.102213,1.48642448,standard,False,synthetic
V00839,434.215927,0.82580824,standard,True,synthetic
V00840,804.312842,1.78892001,standard,True,synthetic
V00841,547.405193,1.38256018,preferred,True,synthetic
V00842,1331.89166,0.95578095,standard,True,synthetic
V00843,403.961978,0.8763839,standard,True,synthetic
V00844,666.843524,0.72115928,standard,True,synthetic
V00845,786.171101,1.04328071,standard,False,synthetic
V00846,666.241769,1.2861418,standard,False,synthetic
V00847,443.966202,0.98919481,preferred,False,synthetic
V00848,723.836829,0.67192407,standard,True,synthetic
V00849,808.59274,2.14687371,standard,True,synthetic
V00850,250.0,1.47767638,commercial,False,synthetic
V00851,361.20514,1.13614023,standard,True,synthetic
V00852,250.0,1.00449829,standard,True,synthetic
V00853,250.0,0.82191117,preferred,True,synthetic
V00854,1030.876514,0.51862706,standard,False,synthetic
V00855,629.61492,1.58827322,standard,True,synthetic
V00856,250.0,0.9574728,preferred,False,synthetic
V00857,1087.835228,1.1139306,commercial,True,synthetic
V00858,982.787749,1.25818265,standard,True,synthetic
V00859,1186.105315,0.85748829,standard,True,synthetic
V00860,1723.855914,1.19722669,standard,False,synthetic
V00861,722.97669,1.07983973,standard,False,synthetic
V00862,255.195047,1.7341205,preferred,False,synthetic
V00863,807.786006,0.67090142,preferred,True,synthetic
V00864,666.898147,1.41071405,preferred,False,synthetic
V00865,822.245922,1.12205946,commercial,True,synthetic
V00866,669.860901,1.35834348,preferred,False,synthetic
V00867,1302.498535,0.93540337,preferred,True,synthetic
V00868,649.767346,0.82045715,standard,False,synthetic
V00869,438.484571,1.01123448,standard,True,synthetic
V00870,652.98158,1.10068374,standard,False,synthetic
V00871,595.356398,1.06639092,standard,False,synthetic
V00872,626.107142,1.15444778,standard,True,synthetic
V00873,656.707098,0.89758059,standard,True,synthetic
V00874,703.94165,1.07916787,preferred,True,synthetic
V00875,614.658988,0.99291899,standard,True,synthetic
V00876,797.695328,0.70116874,standard,True,synthetic
V00877,298.352868,1.2315846,preferred,True,synthetic
V00878,250.0,0.80356654,standard,False,synthetic
V00879,456.011259,1.52864383,preferred,False,synthetic
V00880,317.671177,0.68357515,standard,False,synthetic
V00881,964.277884,1.1533274,standard,True,synthetic
V00882,764.42194,1.20268346,standard,True,synthetic
V00883,463.806788,1.39746302,preferred,True,synthetic
V00884,1332.910714,1.16719831,standard,True,synthetic
V00885,1029.928673,1.0238077,standard,True,synthetic
V00886,1236.760021,0.74079206,commercial,False,synthetic
V00887,364.374101,0.57775155,standard,True,synthetic
V00888,505.654572,1.11530907,preferred,False,synthetic
V00889,276.030802,1.0624175,preferred,True,synthetic
V00890,1396.461554,1.31962007,standard,True,synthetic
V00891,678.297842,1.05505472,preferred,True,synthetic
V00892,948.681374,1.04688376,standard,True,synthetic
V00893,877.181293,1.33269027,commercial,True,synthetic
V00894,837.435526,0.60445451,standard,False,synthetic
V00895,664.060009,1.5259988,standard,False,synthetic
V00896,969.896992,1.10407581,standard,True,synthetic
V00897,369.412956,1.27563087,standard,False,synthetic
V00898,386.690273,0.77245896,preferred,True,synthetic
V00899,336.429016,1.10440316,preferred,False,synthetic
V00900,285.854841,0.67873247,standard,True,synthetic
V00901,1737.977129,1.83826142,standard,True,synthetic
V00902,1027.277383,0.93206886,standard,True,synthetic
V00903,1228.155196,0.90025577,commercial,False,synthetic
V00904,462.658841,1.44355452,standard,True,synthetic
V00905,871.380876,0.63346458,commercial,True,synthetic
V00906,322.374655,1.20247377,standard,True,synthetic
V00907,589.674735,1.25938224,standard,True,synthetic
V00908,566.445335,0.79630462,preferred,True,synthetic
V00909,822.59847,0.9480573,preferred,True,synthetic
V00910,801.124342,1.28690065,commercial,True,synthetic
V00911,784.497399,0.90918233,standard,True,synthetic
V00912,876.486825,1.72450243,commercial,True,synthetic
V00913,615.560248,1.14377443,preferred,True,synthetic
V00914,570.438529,1.30165205,standard,True,synthetic
V00915,364.69502,1.40605182,preferred,False,synthetic
V00916,340.937605,1.36585083,preferred,True,synthetic
V00917,538.515218,1.00334518,standard,True,synthetic
V00918,250.0,1.18296927,standard,True,synthetic
V00919,1037.349259,0.77924098,standard,True,synthetic
V00920,1534.692506,1.50511608,standard,True,synthetic
V00921,834.593744,0.93223707,standard,True,synthetic
V00922,930.960677,0.96998726,standard,True,synthetic
V00923,1582.917573,1.20723338,standard,False,synthetic
V00924,598.166836,1.06351947,standard,True,synthetic
V00925,394.008048,1.00051431,standard,True,synthetic
V00926,841.182752,1.01970373,preferred,True,synthetic
V00927,1194.048287,0.46140432,standard,False,synthetic
V00928,409.616369,1.16008075,commercial,False,synthetic
V00929,1089.029965,1.09965757,standard,False,synthetic
V00930,404.704348,1.45523206,preferred,True,synthetic
V00931,389.91118,1.06794373,standard,True,synthetic
V00932,1417.073598,0.55477211,standard,True,synthetic
V00933,1528.159506,0.67663449,preferred,True,synthetic
V00934,955.721109,1.21356778,commercial,True,synthetic
V00935,426.835151,0.89997238,standard,True,synthetic
V00936,723.866293,2.07681712,standard,True,synthetic
V00937,450.319117,0.81244678,preferred,True,synthetic
V00938,1787.649146,1.53645539,preferred,True,synthetic
V00939,1432.714945,0.98321124,preferred,True,synthetic
V00940,812.264589,0.88992795,preferred,True,synthetic
V00941,322.230498,1.37079429,standard,True,synthetic
V00942,1663.747474,0.77308625,standard,True,synthetic
V00943,382.810253,0.53839291,standard,True,synthetic
V00944,512.029501,0.75133195,standard,True,synthetic
V00945,1204.995217,0.8423472,standard,True,synthetic
V00946,1265.999908,0.76277074,preferred,False,synthetic
V00947,710.080196,0.60929543,standard,True,synthetic
V00948,676.698731,1.26822374,standard,True,synthetic
V00949,1302.683279,1.27673598,standard,True,synthetic
V00950,300.982779,1.35206152,standard,False,synthetic
V00951,604.996514,0.59935249,standard,True,synthetic
V00952,787.049166,1.12587798,standard,True,synthetic
V00953,1694.356651,0.77119422,preferred,False,synthetic
V00954,1455.652727,0.8041084,preferred,False,synthetic
V00955,296.695338,0.80097788,preferred,True,synthetic
V00956,364.347444,1.16529563,standard,False,synthetic
V00957,808.610298,0.6478737,standard,False,synthetic
V00958,337.755905,1.0023005,preferred,True,synthetic
V00959,1099.601946,0.59348644,preferred,True,synthetic
V00960,1106.10145,0.91539051,standard,True,synthetic
V00961,524.797425,0.68385103,commercial,True,synthetic
V00962,466.264565,1.05150566,preferred,True,synthetic
V00963,1196.574477,1.09518297,preferred,True,synthetic
V00964,250.0,0.83242276,standard,True,synthetic
V00965,984.476946,0.50706988,preferred,True,synthetic
V00966,957.070806,0.80270822,standard,True,synthetic
V00967,525.99976,1.24511399,commercial,True,synthetic
V00968,327.202541,0.85164586,standard,True,synthetic
V00969,1445.539334,1.03525833,preferred,False,synthetic
V00970,364.714609,1.10769468,preferred,True,synthetic
V00971,286.9728,1.26430829,standard,True,synthetic
V00972,573.949686,0.72083857,standard,True,synthetic
V00973,1399.241631,1.04794508,standard,False,synthetic
V00974,1777.160465,1.66675484,standard,True,synthetic
V00975,1425.051724,1.29009644,preferred,True,synthetic
V00976,773.254187,1.40938704,standard,True,synthetic
V00977,303.09963,1.14048415,commercial,True,synthetic
V00978,620.203017,0.89867586,standard,False,synthetic
V00979,501.625707,0.79727002,standard,True,synthetic
V00980,644.617966,1.3528558,commercial,True,synthetic
V00981,611.340029,1.2085073,standard,False,synthetic
V00982,250.0,1.19281615,standard,False,synthetic
V00983,746.432737,1.14981145,standard,False,synthetic
V00984,545.288355,0.65547836,standard,False,synthetic
V00985,385.741427,0.97537894,standard,False,synthetic
V00986,1032.761437,0.99885619,standard,True,synthetic
V00987,302.438018,0.79374052,standard,False,synthetic
V00988,588.872574,1.56138703,standard,False,synthetic
V00989,747.555207,0.98027754,standard,True,synthetic
V00990,250.0,1.16169005,preferred,False,synthetic
V00991,361.434423,0.96793192,preferred,True,synthetic
V00992,1210.067439,2.14062667,standard,True,synthetic
V00993,955.443802,0.88568764,standard,True,synthetic
V00994,564.383732,0.91741342,preferred,True,synthetic
V00995,683.300623,0.97821521,standard,False,synthetic
V00996,996.883062,0.99374518,commercial,True,synthetic
V00997,1262.598486,0.72939434,standard,True,synthetic
V00998,290.669774,1.46019916,standard,False,synthetic
V00999,1921.581296,1.18182121,standard,True,synthetic
V01000,1049.944427,1.22677315,standard,True,synthetic
V01001,1183.940089,1.4280857,preferred,True,synthetic
V01002,1263.227793,1.47322457,standard,False,synthetic
V01003,835.377175,1.2187561,standard,True,synthetic
V01004,1567.384155,1.06196857,standard,False,synthetic
V01005,928.174391,1.16105367,standard,True,synthetic
V01006,974.920709,1.19096379,standard,True,synthetic
V01007,762.137603,0.66954932,commercial,True,synthetic
V01008,382.583609,0.66780382,standard,True,synthetic
V01009,1545.469539,1.19995414,standard,True,synthetic
V01010,1685.822102,0.66331564,standard,False,synthetic
V01011,1318.565743,0.56593905,standard,True,synthetic
V01012,948.184113,0.71323227,preferred,True,synthetic
V01013,669.507576,0.9608578,standard,True,synthetic
V01014,469.359133,1.05823333,preferred,False,synthetic
V01015,551.887195,0.90939733,standard,False,synthetic
V01016,408.628669,1.01882414,standard,True,synthetic
V01017,250.0,1.05428669,preferred,True,synthetic
V01018,1088.108228,0.95766534,standard,True,synthetic
V01019,988.071926,1.90529283,standard,True,synthetic
V01020,1393.078567,1.37378465,standard,True,synthetic
V01021,575.191223,1.26017529,standard,False,synthetic
V01022,931.819998,1.08809518,standard,False,synthetic
V01023,496.790044,1.13063524,preferred,True,synthetic
V01024,271.196737,1.14720914,standard,True,synthetic
V01025,592.015357,1.10129299,standard,False,synthetic
V01026,765.5649,0.82694449,preferred,True,synthetic
V01027,1694.928882,0.82988623,preferred,False,synthetic
V01028,1451.976291,1.00741642,standard,True,synthetic
V01029,952.134902,1.42315788,preferred,True,synthetic
V01030,1569.15493,0.97263482,preferred,False,synthetic
V01031,773.111764,1.72470999,preferred,True,synthetic
V01032,312.460537,1.05625659,standard,True,synthetic
V01033,1184.779297,0.97155339,standard,False,synthetic
V01034,274.3087,0.98908576,standard,True,synthetic
V01035,503.408105,0.91089419,standard,True,synthetic
V01036,409.123865,0.88959822,preferred,True,synthetic
V01037,326.603821,0.53775118,standard,False,synthetic
V01038,908.426536,0.66154636,standard,True,synthetic
V01039,1793.21417,1.16394095,preferred,True,synthetic
V01040,398.209089,1.13210005,standard,False,synthetic
V01041,1454.562657,2.37985733,standard,True,synthetic
V01042,375.945668,1.28412853,standard,False,synthetic
V01043,938.710768,0.89991346,standard,True,synthetic
V01044,880.928006,1.17883076,standard,True,synthetic
V01045,669.281725,0.7772406,standard,True,synthetic
V01046,590.633609,1.2555963,standard,True,synthetic
V01047,443.898242,0.99053065,preferred,True,synthetic
V01048,257.733072,0.88652546,standard,True,synthetic
V01049,952.879479,1.39145167,standard,True,synthetic
V01050,395.094017,0.71619069,standard,False,synthetic
V01051,693.855419,1.06250439,standard,False,synthetic
V01052,542.880527,1.06774955,preferred,True,synthetic
V01053,1116.945504,1.09929503,standard,True,synthetic
V01054,268.119924,0.84801121,standard,False,synthetic
V01055,1197.781118,1.58989325,standard,True,synthetic
V01056,460.092394,0.83072005,standard,True,synthetic
V01057,492.076053,0.71895063,standard,True,synthetic
V01058,605.966414,1.23180477,standard,True,synthetic
V01059,1324.546453,0.66195844,standard,True,synthetic
V01060,1489.504023,1.77090594,standard,True,synthetic
V01061,700.990296,2.91136934,preferred,False,synthetic
V01062,1420.953032,0.97639868,preferred,False,synthetic
V01063,301.8266,1.60535782,standard,True,synthetic
V01064,726.391664,1.05849774,commercial,True,synthetic
V01065,535.207852,0.89877814,standard,False,synthetic
V01066,740.846361,0.97941208,standard,True,synthetic
V01067,949.040597,0.82907591,standard,True,synthetic
V01068,1359.764439,0.78626845,standard,True,synthetic
V01069,931.05691,0.42967079,preferred,True,synthetic
V01070,1330.068432,1.33105774,standard,True,synthetic
V01071,497.527447,0.66013332,standard,True,synthetic
V01072,329.924602,0.88633401,standard,True,synthetic
V01073,334.426803,1.03456182,standard,True,synthetic
V01074,417.61063,0.87929628,preferred,False,synthetic
V01075,501.681247,1.11381658,standard,False,synthetic
V01076,708.450279,0.69637685,standard,True,synthetic
V01077,881.836911,1.04589592,standard,True,synthetic
V01078,713.636295,1.148868,standard,False,synthetic
V01079,655.851595,0.59216712,standard,True,synthetic
V01080,695.924505,1.41954908,preferred,False,synthetic
V01081,425.980528,0.85423204,standard,False,synthetic
V01082,1999.792313,0.58086537,standard,True,synthetic
V01083,1108.905979,1.21429034,standard,True,synthetic
V01084,487.870138,1.01287383,preferred,True,synthetic
V01085,545.210637,1.05679859,standard,False,synthetic
V01086,447.444054,1.49442555,preferred,True,synthetic
V01087,423.786423,1.11121097,commercial,True,synthetic
V01088,918.579539,1.27000208,commercial,True,synthetic
V01089,398.239117,2.02028114,preferred,False,synthetic
V01090,426.612637,1.21352669,preferred,True,synthetic
V01091,600.588825,0.62172746,standard,True,synthetic
V01092,706.841945,0.74323194,standard,True,synthetic
V01093,1109.228962,1.35965151,standard,True,synthetic
V01094,539.527736,0.66918664,standard,False,synthetic
V01095,798.368603,0.75575821,commercial,True,synthetic
V01096,250.0,0.93759198,standard,True,synthetic
V01097,792.153253,1.06823713,standard,True,synthetic
V01098,1251.53486,0.7097543,standard,True,synthetic
V01099,408.232283,0.83852958,standard,True,synthetic
V01100,1043.814883,1.69051547,standard,True,synthetic
V01101,1442.820537,2.13352072,preferred,True,synthetic
V01102,916.792396,0.90315716,commercial,True,synthetic
V01103,540.402289,1.66211422,preferred,True,synthetic
V01104,950.58648,0.45143392,preferred,True,synthetic
V01105,555.037095,0.73996887,preferred,True,synthetic
V01106,1379.288727,0.75391965,commercial,False,synthetic
V01107,1245.530379,0.83590358,standard,True,synthetic
V01108,1673.901361,0.74613877,preferred,False,synthetic
V01109,1372.430559,1.25995344,standard,True,synthetic
V01110,847.763437,0.98540276,standard,True,synthetic
V01111,1702.940787,0.93911474,commercial,True,synthetic
V01112,1965.555009,1.09328853,standard,True,synthetic
V01113,1664.445205,1.11083589,commercial,True,synthetic
V01114,1697.031697,0.76249373,standard,False,synthetic
V01115,250.0,0.63852716,standard,True,synthetic
V01116,738.286101,0.49614018,standard,False,synthetic
V01117,1749.286472,0.84215117,preferred,True,synthetic
V01118,802.158783,0.4,preferred,True,synthetic
V01119,745.866718,0.70342536,commercial,True,synthetic
V01120,484.882717,0.75490703,standard,True,synthetic
V01121,250.0,1.12264772,standard,True,synthetic
V01122,376.499048,1.5639262,standard,True,synthetic
V01123,1229.503703,0.72281373,standard,True,synthetic
V01124,999.018302,1.09729026,standard,True,synthetic
V01125,1180.177788,1.23776492,standard,True,synthetic
V01126,1014.892045,0.93403326,standard,True,synthetic
V01127,1399.678266,1.53247678,standard,True,synthetic
V01128,784.761959,0.77015804,standard,True,synthetic
V01129,949.13653,1.69280236,standard,True,synthetic
V01130,1490.337858,1.12411904,preferred,False,synthetic
V01131,509.767492,0.59303161,standard,True,synthetic
V01132,1991.050998,1.01874044,standard,True,synthetic
V01133,610.782363,1.01179438,preferred,False,synthetic
V01134,1079.113864,0.70032003,commercial,True,synthetic
V01135,1128.984554,0.87923884,preferred,True,synthetic
V01136,1207.595541,0.58781175,commercial,False,synthetic
V01137,708.618855,0.91728924,standard,False,synthetic
V01138,734.275644,0.42402476,standard,True,synthetic
V01139,882.240931,0.45769421,standard,True,synthetic
V01140,732.40792,1.08546448,commercial,True,synthetic
V01141,928.295292,0.91938091,commercial,True,synthetic
V01142,563.011762,1.19934332,standard,True,synthetic
V01143,1183.164134,1.57584407,standard,True,synthetic
V01144,444.349908,0.97494579,standard,True,synthetic
V01145,381.724241,1.15017394,preferred,True,synthetic
V01146,497.212564,1.97157207,standard,True,synthetic
V01147,1043.291848,0.88551762,commercial,True,synthetic
V01148,1837.856773,1.04610204,commercial,False,synthetic
V01149,1377.68917,1.52243327,standard,False,synthetic
V01150,528.915311,0.62890571,standard,True,synthetic
V01151,525.973982,1.04685893,standard,True,synthetic
V01152,503.452481,1.40503123,standard,True,synthetic
V01153,2186.699326,1.00534356,standard,True,synthetic
V01154,768.252962,1.99807645,standard,True,synthetic
V01155,1355.484032,0.90952848,preferred,True,synthetic
V01156,1910.448542,1.07314161,preferred,True,synthetic
V01157,2618.145877,0.87062298,standard,True,synthetic
V01158,794.175895,1.5978914,standard,True,synthetic
V01159,666.867656,0.866599,standard,True,synthetic
V01160,659.567379,1.40434935,standard,False,synthetic
V01161,1104.639177,1.09179805,standard,True,synthetic
V01162,967.912711,0.80500274,preferred,True,synthetic
V01163,646.30319,1.0325269,preferred,False,synthetic
V01164,453.866872,0.76151576,preferred,False,synthetic
V01165,1082.766654,1.730408,standard,False,synthetic
V01166,1217.888442,0.88330028,standard,True,synthetic
V01167,3494.441252,0.84822597,standard,True,synthetic
V01168,313.006305,0.53399932,standard,False,synthetic
V01169,1068.223471,1.29947482,standard,True,synthetic
V01170,277.958293,0.91727449,preferred,True,synthetic
V01171,841.928915,0.78287227,standard,False,synthetic
V01172,765.78886,0.9631548,standard,True,synthetic
V01173,1279.105337,1.13425561,commercial,True,synthetic
V01174,808.027087,1.19399519,standard,True,synthetic
V01175,1038.432018,1.1325729,preferred,True,synthetic
V01176,539.067385,1.02763734,standard,True,synthetic
V01177,357.109542,1.62544966,preferred,True,synthetic
V01178,870.072869,1.3832,commercial,True,synthetic
V01179,334.676112,0.81234798,preferred,True,synthetic
V01180,607.395128,0.9791296,preferred,True,synthetic
V01181,1414.994862,1.29118561,preferred,False,synthetic
V01182,1870.401303,1.05649156,commercial,False,synthetic
V01183,519.688521,1.85532714,standard,True,synthetic
V01184,1585.082841,1.99627539,standard,True,synthetic
V01185,565.02597,1.31244197,standard,True,synthetic
V01186,1074.790249,0.93992816,commercial,True,synthetic
V01187,761.04158,1.42589085,standard,False,synthetic
V01188,772.144747,1.0091883,standard,True,synthetic
V01189,1006.206617,0.79125758,preferred,True,synthetic
V01190,580.918203,1.49475295,standard,True,synthetic
V01191,859.44455,0.64503317,standard,True,synthetic
V01192,1084.623547,1.4769419,standard,False,synthetic
V01193,278.550472,1.16229465,standard,True,synthetic
V01194,892.385953,1.21302263,standard,True,synthetic
V01195,1021.084478,2.36386357,preferred,True,synthetic
V01196,880.089592,1.0047168,standard,False,synthetic
V01197,493.803301,1.34625825,standard,False,synthetic
V01198,2425.196779,1.12443175,standard,True,synthetic
V01199,1077.813521,1.08424578,standard,False,synthetic
V01200,439.354355,0.93479294,standard,True,synthetic
V01201,732.652294,2.24653951,standard,True,synthetic
V01202,1075.06715,0.94862408,standard,True,synthetic
V01203,480.553313,1.20741481,preferred,False,synthetic
V01204,1228.954579,1.336751,commercial,True,synthetic
V01205,649.154619,0.94582214,commercial,False,synthetic
V01206,649.588736,0.87849807,preferred,True,synthetic
V01207,750.95759,0.89169586,standard,False,synthetic
V01208,421.775433,0.95815282,standard,True,synthetic
V01209,958.614446,1.32006373,standard,True,synthetic
V01210,589.698889,0.74375055,standard,True,synthetic
V01211,717.805153,0.85334039,standard,True,synthetic
V01212,510.171614,0.85661928,commercial,True,synthetic
V01213,526.9799,0.85596686,commercial,False,synthetic
V01214,415.802221,1.82966464,standard,True,synthetic
V01215,405.906372,1.21878677,standard,True,synthetic
V01216,1981.850699,1.14723429,preferred,False,synthetic
V01217,678.460738,1.05385048,commercial,False,synthetic
V01218,402.528292,0.92205652,standard,False,synthetic
V01219,993.045086,1.1440937,standard,False,synthetic
V01220,1535.303065,1.17734441,standard,False,synthetic
V01221,357.039319,2.02570156,standard,True,synthetic
V01222,2066.47133,2.23234682,standard,True,synthetic
V01223,459.981588,0.96072123,preferred,False,synthetic
V01224,250.0,0.92358948,standard,True,synthetic
V01225,1505.994962,1.19766606,commercial,True,synthetic
V01226,540.362635,0.50694741,preferred,True,synthetic
V01227,691.01683,1.26568655,standard,True,synthetic
V01228,693.119996,0.84195855,commercial,False,synthetic
V01229,976.031227,1.14233848,commercial,True,synthetic
V01230,1393.441938,0.9267506,commercial,True,synthetic
V01231,403.320613,1.71650762,preferred,False,synthetic
V01232,343.130484,1.13638203,standard,True,synthetic
V01233,562.302356,1.07514668,commercial,False,synthetic
V01234,1875.535417,1.11336116,standard,False,synthetic
V01235,823.075238,0.90477146,preferred,True,synthetic
V01236,482.680164,0.4,standard,True,synthetic
V01237,587.938623,0.66343039,standard,True,synthetic
V01238,1591.067106,1.30644486,standard,False,synthetic
V01239,461.149641,0.73273724,commercial,False,synthetic
V01240,628.907443,1.03616457,standard,True,synthetic
V01241,771.044044,1.35405815,preferred,True,synthetic
V01242,448.216965,0.93016144,standard,False,synthetic
V01243,983.926654,0.52524113,standard,False,synthetic
V01244,670.335121,0.71671546,preferred,True,synthetic
V01245,591.417174,1.51509611,standard,True,synthetic
V01246,1165.515967,0.83666619,preferred,True,synthetic
V01247,250.0,0.79027621,standard,True,synthetic
V01248,859.251984,0.48359649,standard,True,synthetic
V01249,573.845204,0.76900393,preferred,True,synthetic
V01250,1046.179107,1.10267758,standard,False,synthetic
V01251,315.351805,1.22429085,standard,True,synthetic
V01252,734.802819,0.98072901,preferred,False,synthetic
V01253,721.278708,1.69622118,standard,True,synthetic
V01254,744.285256,1.16353609,standard,True,synthetic
V01255,1760.100209,0.90268501,standard,False,synthetic
V01256,762.424236,0.68366752,standard,True,synthetic
V01257,737.577924,0.80507708,standard,True,synthetic
V01258,629.334391,0.60428503,standard,True,synthetic
V01259,1065.082275,0.98849551,standard,True,synthetic
V01260,835.339572,0.98275361,standard,False,synthetic
V01261,2891.508251,1.02352671,standard,True,synthetic
V01262,1346.899892,1.1919962,standard,True,synthetic
V01263,847.718398,0.76600604,preferred,True,synthetic
V01264,931.332758,0.76319833,preferred,True,synthetic
V01265,653.397422,0.98785508,standard,True,synthetic
V01266,360.777262,1.2893092,commercial,True,synthetic
V01267,870.582463,1.04147868,preferred,False,synthetic
V01268,635.289757,0.91083309,standard,False,synthetic
V01269,560.590514,0.77590704,preferred,True,synthetic
V01270,1191.023577,0.69110536,preferred,True,synthetic
V01271,1943.57537,1.30066525,standard,True,synthetic
V01272,990.805349,0.89521502,standard,False,synthetic
V01273,2456.185356,1.34710835,commercial,True,synthetic
V01274,347.192256,0.8771527,preferred,True,synthetic
V01275,2897.042224,1.91655069,standard,True,synthetic
V01276,489.212976,0.9359603,standard,True,synthetic
V01277,780.011145,0.88375839,standard,True,synthetic
V01278,465.32116,0.81699485,standard,False,synthetic
V01279,362.664056,0.66704442,standard,True,synthetic
V01280,682.906394,0.40149105,standard,True,synthetic
V01281,1475.662451,1.28448851,preferred,True,synthetic
V01282,1129.774807,0.96942683,commercial,True,synthetic
V01283,541.368329,0.93334203,preferred,True,synthetic
V01284,1035.650295,1.11142815,standard,True,synthetic
V01285,250.0,2.05478012,standard,True,synthetic
V01286,2683.09588,0.48695551,standard,True,synthetic
V01287,933.051217,1.03173195,standard,True,synthetic
V01288,1212.571147,1.33826433,standard,True,synthetic
V01289,390.160579,0.89754286,preferred,False,synthetic
V01290,393.988585,0.82032647,preferred,True,synthetic
V01291,1557.122238,0.65742484,commercial,True,synthetic
V01292,1208.016171,1.25700639,standard,True,synthetic
V01293,462.06157,0.53042817,standard,True,synthetic
V01294,2112.75886,1.37067034,standard,False,synthetic
V01295,577.524958,1.55847252,standard,True,synthetic
V01296,668.80166,0.8052563,standard,True,synthetic
V01297,1689.808167,0.83245727,standard,True,synthetic
V01298,865.260243,0.5779153,standard,True,synthetic
V01299,591.203079,0.79008025,standard,True,synthetic
V01300,537.727749,0.54618123,standard,True,synthetic
V01301,546.075916,0.90922578,standard,False,synthetic
V01302,766.137256,0.71425787,commercial,True,synthetic
V01303,678.316661,1.36955329,preferred,True,synthetic
V01304,925.373403,1.3120955,commercial,False,synthetic
V01305,440.004275,1.16496851,standard,False,synthetic
V01306,528.280284,1.0933531,standard,True,synthetic
V01307,350.875711,1.98254673,standard,True,synthetic
V01308,1449.291839,0.56411276,standard,True,synthetic
V01309,2088.598153,1.18511256,standard,True,synthetic
V01310,652.081892,1.19421644,standard,True,synthetic
V01311,412.015237,0.6929621,commercial,True,synthetic
V01312,1231.774112,1.42085415,standard,False,synthetic
V01313,979.713143,1.44131996,preferred,False,synthetic
V01314,900.223516,1.18503147,standard,False,synthetic
V01315,502.637747,1.44054751,standard,False,synthetic
V01316,889.338335,0.96654761,standard,True,synthetic
V01317,940.664433,0.98748205,standard,True,synthetic
V01318,665.034097,0.86461549,standard,True,synthetic
V01319,659.387084,0.66609058,preferred,True,synthetic
V01320,500.320955,0.89666126,standard,True,synthetic
V01321,678.639161,1.78846249,preferred,False,synthetic
V01322,2497.363131,1.65333168,standard,False,synthetic
V01323,676.466718,0.83383949,preferred,True,synthetic
V01324,1056.30443,0.44035904,preferred,True,synthetic
V01325,884.960628,0.60326863,standard,True,synthetic
V01326,524.056826,0.63288727,standard,True,synthetic
V01327,527.952639,1.49111224,standard,False,synthetic
V01328,294.30033,1.42796538,preferred,True,synthetic
V01329,250.0,1.06497373,standard,False,synthetic
V01330,426.874777,1.19853848,standard,True,synthetic
V01331,1445.881289,0.82304566,preferred,True,synthetic
V01332,840.031713,0.65638998,standard,True,synthetic
V01333,546.544274,0.9861039,standard,True,synthetic
V01334,756.282024,0.69474685,preferred,False,synthetic
V01335,432.012329,1.29990681,standard,True,synthetic
V01336,506.291893,1.07079716,preferred,True,synthetic
V01337,309.730155,0.91746732,standard,False,synthetic
V01338,2123.933751,0.74867862,standard,True,synthetic
V01339,492.22816,1.06427246,preferred,True,synthetic
V01340,411.315591,1.03134509,standard,True,synthetic
V01341,865.16683,0.93835038,standard,True,synthetic
V01342,765.475089,0.86992146,commercial,False,synthetic
V01343,321.074727,1.06981871,standard,True,synthetic
V01344,1103.007484,1.12049007,standard,True,synthetic
V01345,317.974261,1.00882244,commercial,False,synthetic
V01346,478.497919,0.79600653,standard,True,synthetic
V01347,500.122373,1.15576253,standard,True,synthetic
V01348,1580.762376,0.70653084,commercial,False,synthetic
V01349,479.589928,1.13096942,standard,True,synthetic
V01350,1408.509401,0.993334,standard,True,synthetic
V01351,799.859707,1.57353438,commercial,True,synthetic
V01352,1000.806846,0.82963477,commercial,True,synthetic
V01353,1936.434811,1.10961117,commercial,True,synthetic
V01354,410.090991,0.6610081,preferred,True,synthetic
V01355,779.578737,1.46724707,commercial,True,synthetic
V01356,971.500444,1.40871517,preferred,True,synthetic
V01357,372.51765,0.97251169,standard,True,synthetic
V01358,405.435122,1.18221597,standard,True,synthetic
V01359,670.200305,0.94190533,standard,False,synthetic
V01360,640.547681,0.63529093,commercial,True,synthetic
V01361,2549.287292,1.31159699,standard,True,synthetic
V01362,356.235757,1.04487519,preferred,True,synthetic
V01363,632.233403,0.96605866,standard,False,synthetic
V01364,1154.245103,0.96831769,commercial,True,synthetic
V01365,395.250271,1.24958565,preferred,False,synthetic
V01366,1244.616226,0.67843828,preferred,True,synthetic
V01367,901.732783,0.81308154,standard,True,synthetic
V01368,448.121163,1.02900875,preferred,True,synthetic
V01369,767.283541,0.72996276,commercial,True,synthetic
V01370,565.0549,0.76902637,standard,True,synthetic
V01371,1055.485633,1.05303832,standard,False,synthetic
V01372,1519.761786,1.85596351,standard,True,synthetic
V01373,578.145193,0.87076497,preferred,False,synthetic
V01374,375.366768,0.78573827,preferred,True,synthetic
V01375,430.162599,2.35871511,standard,True,synthetic
V01376,250.0,0.7914914,standard,True,synthetic
V01377,459.83013,1.298646,commercial,False,synthetic
V01378,261.868804,1.02151758,preferred,True,synthetic
V01379,442.241656,1.18685663,commercial,True,synthetic
V01380,1070.231682,1.14996185,standard,True,synthetic
V01381,638.44112,0.87113243,commercial,True,synthetic
V01382,461.925396,2.7077326,standard,True,synthetic
V01383,797.971939,1.13483879,preferred,True,synthetic
V01384,970.182257,0.8049698,standard,True,synthetic
V01385,1217.988675,0.59649729,standard,True,synthetic
V01386,501.741749,0.81715716,preferred,True,synthetic
V01387,814.355839,0.85457805,standard,False,synthetic
V01388,1093.508917,1.16813323,commercial,False,synthetic
V01389,312.120388,1.8404322,commercial,True,synthetic
V01390,685.846489,1.30621595,commercial,True,synthetic
V01391,810.070277,1.12063746,standard,False,synthetic
V01392,1342.150405,0.69983945,standard,True,synthetic
V01393,277.912325,2.26850052,standard,True,synthetic
V01394,774.88513,0.63897332,preferred,True,synthetic
V01395,799.054945,1.06376804,standard,False,synthetic
V01396,579.19481,0.9361141,standard,True,synthetic
V01397,523.279567,0.76096384,preferred,True,synthetic
V01398,1540.662674,1.37190977,standard,True,synthetic
V01399,387.930548,1.32606003,standard,False,synthetic
V01400,1613.837244,0.81251396,preferred,True,synthetic
V01401,1481.437678,1.14812397,preferred,True,synthetic
V01402,463.913296,0.87731277,standard,True,synthetic
V01403,395.063127,1.58438593,preferred,True,synthetic
V01404,950.643915,1.25211855,preferred,False,synthetic
V01405,780.256964,0.66133279,standard,True,synthetic
V01406,871.786146,1.03689005,standard,True,synthetic
V01407,489.492162,1.46339976,preferred,False,synthetic
V01408,955.111163,0.48571988,standard,True,synthetic
V01409,966.519563,0.96640805,standard,False,synthetic
V01410,834.397559,0.93789825,standard,True,synthetic
V01411,250.0,0.87739816,standard,True,synthetic
V01412,720.709732,1.75953032,standard,True,synthetic
V01413,1119.615826,0.97210139,preferred,True,synthetic
V01414,391.023257,1.63154618,standard,True,synthetic
V01415,306.789049,0.40169556,preferred,True,synthetic
V01416,1146.888262,0.9371716,standard,True,synthetic
V01417,1700.959504,1.21066975,commercial,True,synthetic
V01418,692.776398,0.94776861,standard,False,synthetic
V01419,510.879594,1.28942696,standard,True,synthetic
V01420,414.592014,1.69566237,standard,True,synthetic
V01421,1217.419823,2.06847072,standard,True,synthetic
V01422,755.216447,0.73887552,standard,True,synthetic
V01423,640.489783,0.73588007,preferred,True,synthetic
V01424,895.779341,1.34004347,standard,True,synthetic
V01425,1616.287572,1.53204725,commercial,False,synthetic
V01426,900.298343,0.95721787,standard,True,synthetic
V01427,614.362198,1.01688465,standard,False,synthetic
V01428,775.038759,0.86903315,commercial,True,synthetic
V01429,516.627057,1.439917,preferred,False,synthetic
V01430,614.530424,0.80327778,preferred,True,synthetic
V01431,874.819101,0.86109828,preferred,False,synthetic
V01432,1040.129269,1.16617183,standard,False,synthetic
V01433,1302.906035,1.36997537,commercial,False,synthetic
V01434,594.85222,0.98252411,preferred,True,synthetic
V01435,516.285708,1.06580834,standard,True,synthetic
V01436,726.967324,1.18798359,preferred,True,synthetic
V01437,843.807863,0.75622467,standard,True,synthetic
V01438,1807.523685,1.98217498,standard,False,synthetic
V01439,512.391129,0.94521208,standard,True,synthetic
V01440,1289.107315,0.58590451,commercial,True,synthetic
V01441,535.737187,0.81970684,standard,False,synthetic
V01442,1747.604983,0.89241184,standard,False,synthetic
V01443,416.30762,0.82210891,commercial,True,synthetic
V01444,1060.537846,1.0453767,standard,True,synthetic
V01445,362.216288,1.15146334,commercial,True,synthetic
V01446,420.248544,1.48393061,preferred,False,synthetic
V01447,710.21641,1.08175731,preferred,True,synthetic
V01448,501.999957,1.72242275,standard,True,synthetic
V01449,348.238978,0.79000301,preferred,False,synthetic
V01450,340.488366,0.96049228,preferred,True,synthetic
V01451,679.786198,0.84168257,standard,False,synthetic
V01452,1001.672858,0.78607157,preferred,True,synthetic
V01453,250.0,1.08777102,standard,True,synthetic
V01454,1647.936931,0.72308033,standard,False,synthetic
V01455,1197.247348,1.1779551,commercial,True,synthetic
V01456,702.430012,0.78809652,standard,True,synthetic
V01457,1284.203464,0.84429834,standard,False,synthetic
V01458,2349.731066,1.16199349,preferred,True,synthetic
V01459,516.228256,1.58284166,standard,True,synthetic
V01460,1144.318593,1.1796024,standard,True,synthetic
V01461,2082.394083,0.63528401,preferred,True,synthetic
V01462,492.089601,2.06019125,standard,True,synthetic
V01463,600.269565,1.61043246,standard,True,synthetic
V01464,424.629733,0.89700356,standard,False,synthetic
V01465,250.0,0.44627782,commercial,True,synthetic
V01466,568.307405,1.07456113,preferred,False,synthetic
V01467,568.790496,1.47996323,standard,False,synthetic
V01468,1585.756921,1.0374135,commercial,True,synthetic
V01469,725.449202,0.58504006,standard,True,synthetic
V01470,299.671413,0.72090893,standard,True,synthetic
V01471,254.434262,0.6613689,commercial,True,synthetic
V01472,396.116101,1.59871414,commercial,True,synthetic
V01473,360.526217,1.1367536,preferred,True,synthetic
V01474,1402.950428,1.29337925,standard,True,synthetic
V01475,412.35276,0.71884239,preferred,True,synthetic
V01476,576.351086,1.64569449,preferred,False,synthetic
V01477,2192.716523,0.98102857,standard,True,synthetic
V01478,1186.950867,2.096254,commercial,True,synthetic
V01479,830.110367,0.76296192,standard,True,synthetic
V01480,662.019633,1.44160297,preferred,True,synthetic
V01481,526.130091,1.29582764,preferred,True,synthetic
V01482,550.50137,0.59105039,commercial,False,synthetic
V01483,874.045626,1.11006793,standard,False,synthetic
V01484,902.061101,1.0575104,preferred,False,synthetic
V01485,383.23328,0.99898578,standard,True,synthetic
V01486,768.451363,0.90817462,standard,False,synthetic
V01487,259.148133,0.58078532,standard,False,synthetic
V01488,398.41978,1.24280639,standard,True,synthetic
V01489,405.149807,1.0791862,standard,True,synthetic
V01490,792.844559,0.89705095,commercial,True,synthetic
V01491,509.866034,0.92286386,preferred,True,synthetic
V01492,1601.183781,0.70342823,preferred,True,synthetic
V01493,825.782549,0.82346899,preferred,True,synthetic
V01494,957.536153,1.59317761,preferred,True,synthetic
V01495,454.946979,1.67105739,standard,False,synthetic
V01496,1098.148576,1.05879562,preferred,True,synthetic
V01497,812.638661,0.83282172,commercial,True,synthetic
V01498,787.453406,0.7146738,standard,True,synthetic
V01499,1153.69987,1.13083621,commercial,True,synthetic
V01500,824.907302,1.80163158,standard,False,synthetic
V01501,835.097265,1.23812599,standard,True,synthetic
V01502,424.580601,2.25798224,standard,True,synthetic
V01503,524.468035,1.62292913,standard,True,synthetic
V01504,1038.594669,0.81295978,standard,True,synthetic
V01505,973.039357,0.72350539,preferred,False,synthetic
V01506,2187.387058,0.87676409,standard,True,synthetic
V01507,763.39298,1.42364676,commercial,False,synthetic
V01508,902.062357,1.55903423,commercial,True,synthetic
V01509,866.596843,1.16211427,standard,True,synthetic
V01510,514.198332,0.90711509,commercial,True,synthetic
V01511,638.086028,1.05884661,standard,True,synthetic
V01512,839.540999,1.56299027,standard,True,synthetic
V01513,742.448556,1.7831275,preferred,True,synthetic
V01514,1467.512784,1.22351103,commercial,True,synthetic
V01515,417.427593,0.50996258,preferred,True,synthetic
V01516,260.928939,1.28059731,standard,True,synthetic
V01517,789.44454,1.31086969,standard,True,synthetic
V01518,1376.232097,1.49989864,preferred,False,synthetic
V01519,743.462385,1.12267918,standard,True,synthetic
V01520,325.966857,0.85169449,commercial,True,synthetic
V01521,1169.414766,0.80847954,standard,True,synthetic
V01522,1751.038082,1.68998409,standard,False,synthetic
V01523,250.0,0.66545626,standard,False,synthetic
V01524,744.624472,0.78878025,standard,True,synthetic
V01525,315.728811,1.43240992,standard,False,synthetic
V01526,1037.414574,0.83770617,standard,True,synthetic
V01527,572.855998,1.21047857,standard,False,synthetic
V01528,566.473051,1.18252832,commercial,True,synthetic
V01529,698.799099,0.93567944,standard,True,synthetic
V01530,586.320583,0.81658855,preferred,True,synthetic
V01531,383.883369,1.72156253,standard,True,synthetic
V01532,321.919486,0.62771148,preferred,True,synthetic
V01533,1159.675418,0.91521073,preferred,False,synthetic
V01534,785.170119,1.08919234,standard,True,synthetic
V01535,737.759963,1.89862888,commercial,False,synthetic
V01536,695.301559,1.52485718,preferred,True,synthetic
V01537,698.084095,1.41492001,standard,True,synthetic
V01538,397.933676,1.14378785,commercial,False,synthetic
V01539,1059.760887,0.82042839,preferred,True,synthetic
V01540,995.966084,1.2372869,standard,True,synthetic
V01541,789.03515,1.18311258,commercial,True,synthetic
V01542,728.042273,1.97386912,preferred,True,synthetic
V01543,1101.074491,1.07644022,preferred,True,synthetic
V01544,3041.578154,0.69611001,preferred,False,synthetic
V01545,1059.187736,1.33150457,standard,False,synthetic
V01546,1294.331959,1.16795021,standard,False,synthetic
V01547,1795.67134,0.6597684,preferred,False,synthetic
V01548,1333.818003,1.28875528,commercial,True,synthetic
V01549,596.661435,1.44964862,standard,True,synthetic
V01550,560.823609,0.70245611,commercial,False,synthetic
V01551,327.558969,0.69009625,standard,True,synthetic
V01552,537.354407,1.37906586,standard,True,synthetic
V01553,1006.246319,0.8298535,standard,True,synthetic
V01554,461.582345,0.89754372,standard,False,synthetic
V01555,312.77037,0.70188808,standard,True,synthetic
V01556,921.728992,1.5057809,preferred,False,synthetic
V01557,909.086383,0.98680894,preferred,False,synthetic
V01558,588.115642,0.68176182,preferred,True,synthetic
V01559,495.930215,0.63830919,standard,False,synthetic
V01560,761.078427,0.46039863,commercial,False,synthetic
V01561,449.225723,0.96901318,preferred,True,synthetic
V01562,593.859263,1.32185622,standard,True,synthetic
V01563,1077.206512,1.41399378,standard,True,synthetic
V01564,987.342394,0.89680934,standard,False,synthetic
V01565,618.84115,0.58914564,standard,False,synthetic
V01566,741.245885,1.13820414,preferred,True,synthetic
V01567,605.224365,0.93798975,standard,False,synthetic
V01568,762.774643,1.01551599,standard,True,synthetic
V01569,330.126865,1.08812693,standard,True,synthetic
V01570,911.409524,0.90853158,commercial,True,synthetic
V01571,353.481274,0.9347719,standard,True,synthetic
V01572,1747.090463,0.92679279,standard,True,synthetic
V01573,451.155198,0.93601949,commercial,True,synthetic
V01574,903.006963,0.90955209,standard,True,synthetic
V01575,692.653757,0.85221604,standard,True,synthetic
V01576,2849.116174,1.98344268,preferred,False,synthetic
V01577,252.774629,0.7377157,standard,True,synthetic
V01578,573.842514,1.37395059,standard,True,synthetic
V01579,355.109595,0.87326546,commercial,True,synthetic
V01580,347.17976,1.04791411,commercial,True,synthetic
V01581,330.212283,0.63017796,commercial,True,synthetic
V01582,582.9165,0.81625084,standard,False,synthetic
V01583,1063.265522,0.75795212,standard,True,synthetic
V01584,808.320233,1.1308749,standard,False,synthetic
V01585,1348.043736,1.52069957,standard,True,synthetic
V01586,1084.727791,1.36059376,commercial,True,synthetic
V01587,508.536752,0.8306346,standard,True,synthetic
V01588,1284.646551,2.40652827,commercial,False,synthetic
V01589,747.981205,0.97290435,standard,True,synthetic
V01590,892.152623,1.11076031,commercial,True,synthetic
V01591,397.493723,0.8727191,standard,True,synthetic
V01592,1079.179794,1.41306778,preferred,True,synthetic
V01593,1176.209258,1.37215029,preferred,True,synthetic
V01594,416.790505,0.80012661,preferred,True,synthetic
V01595,1525.24147,0.45816036,commercial,True,synthetic
V01596,308.923744,1.29861655,standard,True,synthetic
V01597,1101.503782,0.81638863,preferred,True,synthetic
V01598,1803.538908,1.59227613,standard,True,synthetic
V01599,778.948714,2.06593029,commercial,True,synthetic
V01600,845.182314,1.18652687,standard,False,synthetic
V01601,627.501513,1.48114224,commercial,True,synthetic
V01602,485.926036,0.93411559,commercial,True,synthetic
V01603,1416.537495,1.28536601,preferred,True,synthetic
V01604,724.531977,1.15085363,standard,True,synthetic
V01605,476.491694,1.3937065,preferred,True,synthetic
V01606,598.875608,1.01880361,standard,True,synthetic
V01607,677.896043,0.81561987,standard,True,synthetic
V01608,1590.797496,1.12817861,standard,False,synthetic
V01609,1142.882497,0.7344703,standard,False,synthetic
V01610,954.091567,1.61493625,standard,True,synthetic
V01611,637.120359,1.2739466,standard,True,synthetic
V01612,1192.59573,0.98794985,preferred,False,synthetic
V01613,1459.743386,0.91305405,standard,True,synthetic
V01614,2038.848156,0.75526181,commercial,True,synthetic
V01615,763.469167,1.43676742,commercial,False,synthetic
V01616,1138.843116,0.7562049,preferred,False,synthetic
V01617,566.981809,1.22887497,preferred,False,synthetic
V01618,850.924738,1.62966497,standard,False,synthetic
V01619,1174.468579,0.81979201,preferred,False,synthetic
V01620,832.795954,0.61773168,standard,False,synthetic
V01621,1236.519085,0.85491367,standard,True,synthetic
V01622,439.735107,0.80559476,preferred,False,synthetic
V01623,999.590321,0.66409884,standard,False,synthetic
V01624,1088.871443,0.90805934,standard,True,synthetic
V01625,621.49953,1.2177975,preferred,True,synthetic
V01626,473.143712,1.028947,standard,False,synthetic
V01627,911.574532,1.26734566,standard,False,synthetic
V01628,476.113426,1.36778495,standard,True,synthetic
V01629,700.196833,1.29606446,standard,True,synthetic
V01630,841.648562,1.01646156,standard,True,synthetic
V01631,594.865191,0.90267879,standard,True,synthetic
V01632,2144.264603,0.73544322,commercial,True,synthetic
V01633,489.404965,0.50488065,standard,True,synthetic
V01634,1218.825056,0.42013136,preferred,True,synthetic
V01635,523.009353,0.88021268,standard,True,synthetic
V01636,2139.729417,0.91112,preferred,True,synthetic
V01637,956.396945,0.91154473,preferred,True,synthetic
V01638,1872.412806,1.23051539,preferred,True,synthetic
V01639,864.632427,1.0450409,standard,True,synthetic
V01640,317.508346,1.55052165,preferred,True,synthetic
V01641,499.519353,0.8777151,standard,True,synthetic
V01642,426.122692,1.61215169,standard,True,synthetic
V01643,3089.207092,0.7548928,standard,True,synthetic
V01644,455.056188,1.17405134,standard,True,synthetic
V01645,783.683914,1.75103746,commercial,True,synthetic
V01646,799.244717,0.83004443,standard,True,synthetic
V01647,515.578253,0.5999511,standard,True,synthetic
V01648,397.412997,1.27386349,standard,False,synthetic
V01649,315.266445,1.28562171,standard,True,synthetic
V01650,490.171132,1.72281076,standard,True,synthetic
V01651,384.777575,1.1973993,standard,True,synthetic
V01652,517.531284,1.04399404,standard,False,synthetic
V01653,914.108927,0.60687615,standard,True,synthetic
V01654,574.731714,0.58261906,standard,True,synthetic
V01655,328.700947,0.97288792,standard,True,synthetic
V01656,1829.117781,1.0363105,standard,True,synthetic
V01657,974.450841,0.98405891,standard,True,synthetic
V01658,940.772219,0.85414765,standard,False,synthetic
V01659,378.766131,0.68535013,standard,True,synthetic
V01660,350.407259,1.31265667,preferred,True,synthetic
V01661,987.444579,0.74622708,preferred,True,synthetic
V01662,301.637272,0.7246594,standard,False,synthetic
V01663,1391.249548,1.35952759,standard,False,synthetic
V01664,519.022764,0.66079075,commercial,True,synthetic
V01665,1198.205609,0.91029905,commercial,False,synthetic
V01666,597.645771,0.72254124,standard,True,synthetic
V01667,767.580794,0.78879064,standard,True,synthetic
V01668,869.200154,0.66416458,standard,True,synthetic
V01669,896.129178,0.41517247,standard,True,synthetic
V01670,992.084754,1.42623971,standard,True,synthetic
V01671,548.584824,0.66757654,preferred,True,synthetic
V01672,805.538732,1.18293078,standard,True,synthetic
V01673,2727.83648,0.6499964,preferred,True,synthetic
V01674,725.65996,0.96383106,commercial,True,synthetic
V01675,1661.923429,0.71369139,preferred,True,synthetic
V01676,1522.417465,0.47889543,commercial,True,synthetic
V01677,500.515625,0.7998688,standard,True,synthetic
V01678,611.970162,1.40282122,preferred,True,synthetic
V01679,503.185641,1.84973228,preferred,True,synthetic
V01680,621.977644,1.13556739,standard,True,synthetic
V01681,606.9713,0.7010858,standard,True,synthetic
V01682,688.826128,1.67122506,standard,True,synthetic
V01683,695.006751,1.1929021,standard,True,synthetic
V01684,1343.937294,0.86876245,standard,False,synthetic
V01685,378.791962,1.8222004,standard,True,synthetic
V01686,485.383887,1.18710313,standard,True,synthetic
V01687,680.963488,1.07730487,standard,True,synthetic
V01688,872.005458,1.01879377,commercial,True,synthetic
V01689,668.205744,0.41329747,preferred,False,synthetic
V01690,658.882999,0.67512234,commercial,True,synthetic
V01691,596.718216,1.39407105,standard,True,synthetic
V01692,854.539882,1.14369647,preferred,True,synthetic
V01693,478.868697,1.40613961,commercial,False,synthetic
V01694,439.862198,1.30338846,preferred,True,synthetic
V01695,250.0,1.19287355,standard,True,synthetic
V01696,490.500537,0.72836367,preferred,True,synthetic
V01697,1694.153491,1.4234827,standard,True,synthetic
V01698,717.924969,0.89168107,preferred,True,synthetic
V01699,952.986221,1.28635031,standard,True,synthetic
V01700,1487.64276,0.95189033,commercial,False,synthetic
V01701,1063.241074,1.2920625,standard,False,synthetic
V01702,250.0,0.86999592,standard,False,synthetic
V01703,416.928975,1.37466819,standard,False,synthetic
V01704,521.762697,0.48853139,standard,True,synthetic
V01705,1001.678098,1.17736025,standard,False,synthetic
V01706,250.0,0.67837317,preferred,True,synthetic
V01707,724.018977,0.62090069,preferred,True,synthetic
V01708,504.493241,1.50264744,standard,True,synthetic
V01709,751.169163,0.63774464,standard,True,synthetic
V01710,600.241037,0.74431167,standard,True,synthetic
V01711,394.45969,1.06835616,standard,True,synthetic
V01712,320.318447,0.66187128,standard,True,synthetic
V01713,518.869543,0.45626031,standard,True,synthetic
V01714,709.991544,1.68860189,preferred,False,synthetic
V01715,436.097449,0.84315577,commercial,False,synthetic
V01716,879.700755,1.0006246,standard,True,synthetic
V01717,1296.934236,0.81770882,commercial,False,synthetic
V01718,1004.447904,1.56987079,standard,True,synthetic
V01719,1576.295703,0.60330025,preferred,False,synthetic
V01720,979.300011,0.62096952,standard,True,synthetic
V01721,1057.11611,0.96837667,standard,True,synthetic
V01722,1889.872647,0.94679808,standard,True,synthetic
V01723,589.175112,0.4,preferred,True,synthetic
V01724,821.481028,1.41600162,standard,True,synthetic
V01725,703.261937,1.47356721,standard,True,synthetic
V01726,474.468495,0.61496518,standard,True,synthetic
V01727,995.612246,1.09349151,preferred,True,synthetic
V01728,513.99929,1.38871719,preferred,False,synthetic
V01729,398.596329,1.04470341,commercial,False,synthetic
V01730,970.296691,0.69955025,standard,True,synthetic
V01731,597.531416,0.63860383,standard,False,synthetic
V01732,503.423637,1.11159083,preferred,True,synthetic
V01733,610.963317,0.97594787,standard,True,synthetic
V01734,999.452858,1.36695905,standard,True,synthetic
V01735,830.869633,1.08688858,commercial,True,synthetic
V01736,530.307226,1.66411808,preferred,False,synthetic
V01737,624.478658,1.29150821,standard,True,synthetic
V01738,789.510014,0.85753109,preferred,True,synthetic
V01739,1018.452169,0.6039313,standard,True,synthetic
V01740,516.025684,1.24077467,standard,True,synthetic
V01741,394.302058,1.26309347,standard,True,synthetic
V01742,492.874977,1.67516467,standard,True,synthetic
V01743,1012.365266,1.02063688,preferred,True,synthetic
V01744,1241.245687,0.81780134,standard,True,synthetic
V01745,1517.11157,1.66552015,commercial,True,synthetic
V01746,915.19638,1.01339415,standard,False,synthetic
V01747,818.599985,1.42275104,standard,False,synthetic
V01748,712.56915,1.99548675,preferred,True,synthetic
V01749,404.536425,1.38666334,standard,True,synthetic
V01750,2152.879388,0.96436684,preferred,False,synthetic
V01751,790.890441,0.90905738,standard,True,synthetic
V01752,1439.420045,1.63502444,commercial,True,synthetic
V01753,543.836398,1.64512519,standard,True,synthetic
V01754,398.53877,1.2175899,standard,False,synthetic
V01755,758.606142,0.85142556,standard,True,synthetic
V01756,556.300178,1.03303859,preferred,False,synthetic
V01757,861.699105,1.12984246,standard,False,synthetic
V01758,316.702288,1.38899176,standard,False,synthetic
V01759,1232.980146,0.82693417,standard,False,synthetic
V01760,309.957323,1.10303091,standard,False,synthetic
V01761,583.939668,0.81943506,preferred,False,synthetic
V01762,492.5309,0.53019955,preferred,True,synthetic
V01763,344.15315,1.11368697,standard,True,synthetic
V01764,557.705393,1.24328157,standard,True,synthetic
V01765,1197.810536,0.82501704,standard,True,synthetic
V01766,1099.894752,0.84333315,standard,False,synthetic
V01767,858.627072,1.41673667,preferred,True,synthetic
V01768,515.9953,1.24644329,standard,True,synthetic
V01769,328.034928,1.21279632,standard,True,synthetic
V01770,1489.366648,1.34481789,standard,False,synthetic
V01771,895.561421,1.77266939,standard,True,synthetic
V01772,400.539274,0.66966938,standard,True,synthetic
V01773,356.491402,0.72189143,standard,True,synthetic
V01774,1745.973889,1.06255677,standard,False,synthetic
V01775,625.713346,0.76225374,commercial,False,synthetic
V01776,441.163905,1.04505828,standard,False,synthetic
V01777,1664.216254,0.99576418,standard,True,synthetic
V01778,1116.319793,0.76628306,commercial,True,synthetic
V01779,921.865793,0.95312284,standard,False,synthetic
V01780,658.519608,1.11443917,standard,True,synthetic
V01781,786.368703,1.01452237,standard,True,synthetic
V01782,1191.167354,1.27495467,commercial,True,synthetic
V01783,1009.346783,1.15135784,preferred,True,synthetic
V01784,1495.404072,0.71294161,preferred,False,synthetic
V01785,973.564282,1.33306729,standard,True,synthetic
V01786,401.647857,0.55042528,preferred,True,synthetic
V01787,1015.211417,0.78906875,standard,False,synthetic
V01788,1218.67564,0.4960244,commercial,True,synthetic
V01789,1897.816493,2.20849789,preferred,True,synthetic
V01790,403.854558,1.26309438,standard,True,synthetic
V01791,1020.370448,1.43124835,standard,False,synthetic
V01792,688.513488,0.71066585,commercial,True,synthetic
V01793,1289.058566,1.19220621,standard,True,synthetic
V01794,479.455241,1.32400092,standard,False,synthetic
V01795,636.076954,0.89763123,preferred,True,synthetic
V01796,282.26847,1.24342659,preferred,True,synthetic
V01797,489.396313,1.16030145,commercial,True,synthetic
V01798,1033.296052,0.905453,preferred,False,synthetic
V01799,785.167773,0.63563464,commercial,True,synthetic
V01800,666.664448,1.74367304,standard,True,synthetic
V01801,421.586769,0.64842069,standard,True,synthetic
V01802,1612.437186,1.08129552,preferred,False,synthetic
V01803,1572.539032,1.07530263,standard,False,synthetic
V01804,1024.885379,0.97727978,standard,True,synthetic
V01805,282.557282,0.86471175,standard,False,synthetic
V01806,2467.388936,1.2294732,commercial,False,synthetic
V01807,442.941453,2.63665909,preferred,True,synthetic
V01808,312.718547,0.75503309,standard,True,synthetic
V01809,844.794653,0.75785164,standard,False,synthetic
V01810,1605.821355,1.28528197,standard,True,synthetic
V01811,1075.114698,1.45321729,standard,True,synthetic
V01812,1211.350521,0.77691531,commercial,True,synthetic
V01813,1414.325127,1.6268177,standard,False,synthetic
V01814,2068.571273,1.62996548,standard,True,synthetic
V01815,1692.04365,1.54253739,standard,True,synthetic
V01816,389.748264,1.13147245,preferred,True,synthetic
V01817,675.24328,0.96294025,commercial,True,synthetic
V01818,986.780492,1.61492316,preferred,True,synthetic
V01819,538.570451,0.53852592,preferred,False,synthetic
V01820,1815.584955,1.17264978,standard,False,synthetic
V01821,618.298469,0.91994093,standard,False,synthetic
V01822,863.608253,0.72760754,preferred,False,synthetic
V01823,616.389185,1.9354128,standard,True,synthetic
V01824,784.619972,0.79110825,standard,False,synthetic
V01825,588.262141,0.98478023,standard,True,synthetic
V01826,2461.058178,0.4,commercial,True,synthetic
V01827,1070.447324,1.2555231,standard,True,synthetic
V01828,1224.794274,1.20968238,commercial,True,synthetic
V01829,1144.439716,1.06367473,standard,True,synthetic
V01830,1666.530126,1.19043377,preferred,True,synthetic
V01831,771.069751,1.38767744,preferred,True,synthetic
V01832,625.151069,0.98497978,standard,True,synthetic
V01833,2233.633298,0.85487431,standard,False,synthetic
V01834,1224.267359,1.5826912,preferred,True,synthetic
V01835,519.699301,0.87793918,preferred,True,synthetic
V01836,343.056802,0.90231655,standard,True,synthetic
V01837,680.796081,0.55083643,preferred,True,synthetic
V01838,500.120137,0.67610662,standard,True,synthetic
V01839,301.878467,1.07799627,standard,True,synthetic
V01840,1273.875014,0.86753193,preferred,True,synthetic
V01841,735.253183,0.90465711,preferred,True,synthetic
V01842,731.598035,0.62466445,standard,True,synthetic
V01843,608.024054,1.32953018,standard,False,synthetic
V01844,250.0,1.36299662,standard,True,synthetic
V01845,487.363667,1.25445211,standard,False,synthetic
V01846,654.050654,0.9458997,commercial,True,synthetic
V01847,881.140554,1.74217223,standard,True,synthetic
V01848,379.891143,1.53977941,standard,True,synthetic
V01849,1071.481541,0.86313845,standard,True,synthetic
V01850,1087.308548,1.62028451,standard,True,synthetic
V01851,398.501798,1.1551996,standard,True,synthetic
V01852,509.51765,0.76115015,standard,True,synthetic
V01853,1415.210745,1.00551497,preferred,False,synthetic
V01854,593.248569,0.96860578,commercial,False,synthetic
V01855,1255.252876,2.07396585,preferred,False,synthetic
V01856,1123.009066,0.90131203,standard,False,synthetic
V01857,1262.90785,2.00953276,preferred,True,synthetic
V01858,392.173216,0.88354789,standard,False,synthetic
V01859,957.037178,1.39662415,commercial,True,synthetic
V01860,854.1236,1.34129071,preferred,False,synthetic
V01861,932.38778,0.78156752,standard,True,synthetic
V01862,855.983314,0.56015132,preferred,True,synthetic
V01863,952.756335,0.60235447,preferred,False,synthetic
V01864,394.152392,1.55779977,commercial,True,synthetic
V01865,3399.37122,0.84242789,standard,True,synthetic
V01866,330.627261,1.20661352,commercial,True,synthetic
V01867,417.822114,1.61870781,preferred,False,synthetic
V01868,969.353605,0.94098888,preferred,True,synthetic
V01869,382.252373,0.86009077,commercial,False,synthetic
V01870,1093.508475,1.02197461,standard,True,synthetic
V01871,954.388689,1.00437294,preferred,True,synthetic
V01872,854.665307,1.33912913,standard,True,synthetic
V01873,589.764,0.64020068,standard,True,synthetic
V01874,769.621551,0.84114685,standard,True,synthetic
V01875,1151.987692,0.98901971,preferred,True,synthetic
V01876,664.396916,0.60529213,preferred,False,synthetic
V01877,1632.38554,1.16771525,preferred,False,synthetic
V01878,1124.321839,1.35592889,preferred,False,synthetic
V01879,672.152007,0.77596322,standard,True,synthetic
V01880,800.416995,1.25549833,standard,False,synthetic
V01881,709.637599,1.37834387,standard,False,synthetic
V01882,844.382053,1.52509797,standard,True,synthetic
V01883,482.030675,1.35973953,standard,False,synthetic
V01884,470.877875,1.34444723,standard,True,synthetic
V01885,748.590669,0.90230478,commercial,True,synthetic
V01886,382.074488,0.78544242,standard,True,synthetic
V01887,887.557287,1.49735348,standard,False,synthetic
V01888,1151.402291,0.68697671,preferred,True,synthetic
V01889,967.795882,2.04473082,standard,False,synthetic
V01890,520.746673,1.32469338,standard,False,synthetic
V01891,366.461966,0.67328828,standard,True,synthetic
V01892,785.657262,1.13588131,standard,True,synthetic
V01893,457.068304,0.84078105,standard,False,synthetic
V01894,564.241679,0.49504516,commercial,False,synthetic
V01895,1448.875524,0.85609949,preferred,False,synthetic
V01896,531.67783,0.79473977,preferred,False,synthetic
V01897,960.367836,0.56284816,preferred,True,synthetic
V01898,250.0,1.20446076,commercial,True,synthetic
V01899,736.373608,1.78957837,commercial,False,synthetic
V01900,821.526267,0.9728142,standard,True,synthetic
V01901,749.772739,1.14065025,standard,True,synthetic
V01902,2703.263943,0.62605737,preferred,False,synthetic
V01903,2624.90742,0.60809121,preferred,True,synthetic
V01904,663.756966,1.71405287,standard,True,synthetic
V01905,623.434863,0.91174488,preferred,False,synthetic
V01906,337.383257,2.23556164,commercial,True,synthetic
V01907,480.431119,0.46776549,standard,True,synthetic
V01908,2328.021678,0.96808722,commercial,True,synthetic
V01909,560.007,0.81905121,standard,True,synthetic
V01910,1896.499207,1.48702751,preferred,True,synthetic
V01911,1890.105126,1.27374314,standard,False,synthetic
V01912,1617.765096,0.52174428,standard,True,synthetic
V01913,502.296631,1.24537707,standard,False,synthetic
V01914,818.219347,1.06850528,standard,True,synthetic
V01915,1240.968009,0.99337306,standard,True,synthetic
V01916,1103.857552,0.77428207,preferred,True,synthetic
V01917,1453.575142,0.57579473,preferred,False,synthetic
V01918,473.25504,0.80321742,standard,True,synthetic
V01919,559.554149,1.68306206,preferred,False,synthetic
V01920,2507.772959,1.1130452,standard,True,synthetic
V01921,1373.222523,1.05630647,commercial,True,synthetic
V01922,616.916973,1.28710008,preferred,True,synthetic
V01923,547.707307,0.88151544,standard,True,synthetic
V01924,481.973284,1.38215884,standard,True,synthetic
V01925,1054.97797,0.67043101,commercial,False,synthetic
V01926,445.849488,1.17026985,standard,False,synthetic
V01927,682.058838,0.64660017,standard,False,synthetic
V01928,1193.350228,1.07083415,preferred,True,synthetic
V01929,1356.319439,0.9788269,standard,True,synthetic
V01930,578.711893,1.01803021,preferred,True,synthetic
V01931,525.184943,0.99511526,standard,True,synthetic
V01932,610.925304,1.03642075,preferred,False,synthetic
V01933,250.0,1.61727276,standard,True,synthetic
V01934,1018.554633,0.77749238,standard,True,synthetic
V01935,823.037088,1.85507403,standard,False,synthetic
V01936,922.70879,1.16767546,standard,False,synthetic
V01937,988.566484,0.92887703,standard,False,synthetic
V01938,412.608188,1.41380053,commercial,True,synthetic
V01939,428.984109,0.78498089,preferred,False,synthetic
V01940,587.616625,0.67550835,standard,False,synthetic
V01941,470.813295,1.33092769,standard,False,synthetic
V01942,505.340947,1.25035984,standard,True,synthetic
V01943,482.117594,1.44275945,commercial,False,synthetic
V01944,1730.767664,0.87129131,commercial,True,synthetic
V01945,460.429133,1.09760229,preferred,True,synthetic
V01946,754.747375,0.73994191,standard,False,synthetic
V01947,283.063354,1.11977281,standard,False,synthetic
V01948,532.232191,0.79973152,preferred,True,synthetic
V01949,1057.265767,0.96854608,preferred,False,synthetic
V01950,1336.394313,1.19478398,preferred,False,synthetic
V01951,250.0,0.94476961,standard,True,synthetic
V01952,1148.561191,0.49315574,standard,False,synthetic
V01953,812.146328,1.31404849,preferred,True,synthetic
V01954,961.919583,1.26307303,standard,False,synthetic
V01955,500.983864,0.96073213,standard,False,synthetic
V01956,666.599481,1.23396158,commercial,True,synthetic
V01957,565.050967,0.8105631,preferred,False,synthetic
V01958,1109.804117,0.92838736,standard,True,synthetic
V01959,1048.291013,1.09447609,standard,True,synthetic
V01960,622.717769,2.13699372,preferred,True,synthetic
V01961,1141.598441,1.33246888,commercial,False,synthetic
V01962,1201.974383,1.01605559,preferred,True,synthetic
V01963,890.959035,0.79030402,commercial,True,synthetic
V01964,490.087376,1.18583312,standard,True,synthetic
V01965,318.724688,0.74501357,standard,True,synthetic
V01966,666.213964,0.78310761,standard,False,synthetic
V01967,1083.65354,0.94494867,preferred,False,synthetic
V01968,253.111427,1.04278291,preferred,True,synthetic
V01969,268.530316,0.56846847,standard,True,synthetic
V01970,932.644076,1.00937585,standard,True,synthetic
V01971,628.249947,0.71243793,standard,True,synthetic
V01972,1893.420746,1.47287893,standard,True,synthetic
V01973,671.454026,0.59581508,preferred,False,synthetic
V01974,1485.793083,1.65358334,preferred,False,synthetic
V01975,1618.781912,2.0210185,preferred,True,synthetic
V01976,429.230835,0.94279524,standard,False,synthetic
V01977,2012.499402,1.91487871,standard,False,synthetic
V01978,481.330976,0.55093984,preferred,True,synthetic
V01979,1197.528542,0.69203311,preferred,False,synthetic
V01980,261.512945,0.8623618,preferred,True,synthetic
V01981,505.752246,1.67950984,commercial,True,synthetic
V01982,392.706851,2.61479057,preferred,True,synthetic
V01983,2293.233866,0.54602313,commercial,False,synthetic
V01984,689.080881,1.70920916,preferred,False,synthetic
V01985,1450.873053,0.88609986,standard,False,synthetic
V01986,1574.62824,1.75544043,standard,True,synthetic
V01987,512.891647,1.1989851,preferred,False,synthetic
V01988,758.164811,1.07786971,standard,True,synthetic
V01989,665.892337,1.1323318,commercial,True,synthetic
V01990,479.902558,1.01464256,standard,True,synthetic
V01991,780.869396,0.99497272,standard,True,synthetic
V01992,250.0,0.77714585,preferred,True,synthetic
V01993,1073.48363,1.11746379,preferred,True,synthetic
V01994,866.568552,0.73696351,commercial,True,synthetic
V01995,389.780457,1.47561161,standard,True,synthetic
V01996,550.115726,0.9607116,standard,True,synthetic
V01997,702.626147,0.84300132,standard,True,synthetic
V01998,457.822848,1.33227321,commercial,True,synthetic
V01999,1189.069235,1.0377515,standard,True,synthetic
V02000,406.834713,1.26115013,standard,True,synthetic
V02001,1525.274923,1.67705025,preferred,True,synthetic
V02002,338.241183,0.87786592,preferred,False,synthetic
V02003,2551.160341,0.97245439,standard,True,synthetic
V02004,1025.626668,1.67811959,commercial,True,synthetic
V02005,1893.875268,2.63179858,standard,True,synthetic
V02006,468.448562,0.71371143,commercial,True,synthetic
V02007,1151.89526,0.70766573,preferred,True,synthetic
V02008,1015.354851,0.88176084,standard,True,synthetic
V02009,1174.934979,2.21938894,preferred,True,synthetic
V02010,445.19127,1.62411203,standard,False,synthetic
V02011,406.866923,1.04799352,preferred,False,synthetic
V02012,1374.202707,1.01400005,preferred,True,synthetic
V02013,1321.660622,1.12224637,commercial,True,synthetic
V02014,447.901242,1.46716742,commercial,True,synthetic
V02015,493.994147,0.72701921,standard,True,synthetic
V02016,402.918267,1.21080342,standard,True,synthetic
V02017,729.772687,1.27150684,standard,True,synthetic
V02018,607.418736,1.36065119,standard,False,synthetic
V02019,437.552559,0.72816197,standard,False,synthetic
V02020,466.0943,1.23477412,preferred,True,synthetic
V02021,491.410526,0.78834827,preferred,False,synthetic
V02022,980.259851,1.10107963,standard,True,synthetic
V02023,650.008092,1.08196796,standard,True,synthetic
V02024,738.318451,0.59413185,standard,True,synthetic
V02025,766.667239,1.39375772,commercial,True,synthetic
V02026,1042.742232,0.81359379,standard,False,synthetic
V02027,285.153828,0.71141021,standard,False,synthetic
V02028,820.85223,0.78743657,standard,True,synthetic
V02029,647.679426,1.47537263,preferred,False,synthetic
V02030,1187.37195,1.03570404,standard,False,synthetic
V02031,1289.42172,1.11977792,preferred,True,synthetic
V02032,1343.737177,1.74279836,standard,False,synthetic
V02033,759.317046,1.12508686,commercial,True,synthetic
V02034,366.361156,0.8647491,standard,False,synthetic
V02035,892.23076,1.43578103,standard,True,synthetic
V02036,987.675895,0.94212832,commercial,True,synthetic
V02037,455.233759,0.71765334,standard,True,synthetic
V02038,1160.554832,0.87296552,preferred,False,synthetic
V02039,896.492753,1.01429881,standard,True,synthetic
V02040,250.0,1.84418734,commercial,False,synthetic
V02041,349.049278,1.32971818,standard,True,synthetic
V02042,1130.516272,0.74240781,standard,True,synthetic
V02043,499.224405,0.96545079,standard,False,synthetic
V02044,616.004252,1.5739666,standard,False,synthetic
V02045,1492.641168,1.32917771,preferred,True,synthetic
V02046,685.256409,1.23869552,standard,False,synthetic
V02047,1329.419616,1.55172165,standard,True,synthetic
V02048,1075.046599,0.99890175,standard,True,synthetic
V02049,1568.627175,1.20586012,standard,True,synthetic
V02050,1111.306614,0.68753922,standard,True,synthetic
V02051,1012.066958,0.99739996,standard,False,synthetic
V02052,580.701308,1.20879407,preferred,True,synthetic
V02053,250.0,1.77061614,standard,True,synthetic
V02054,668.91003,0.72597387,standard,True,synthetic
V02055,839.506592,1.54657045,standard,False,synthetic
V02056,560.021323,1.14970241,standard,False,synthetic
V02057,1147.204264,0.65326088,preferred,True,synthetic
V02058,770.825428,1.52269324,standard,True,synthetic
V02059,377.418973,1.40491854,standard,False,synthetic
V02060,643.231755,0.78866615,standard,True,synthetic
V02061,325.496705,0.85411755,standard,False,synthetic
V02062,570.104179,0.96808337,standard,True,synthetic
V02063,800.119377,0.9447171,standard,True,synthetic
V02064,841.813253,0.79997189,standard,False,synthetic
V02065,713.745128,0.99971865,commercial,True,synthetic
V02066,1843.276461,0.55035757,standard,True,synthetic
V02067,1036.157113,0.87037695,preferred,True,synthetic
V02068,2296.11575,0.6816414,standard,False,synthetic
V02069,281.1563,1.03940171,preferred,True,synthetic
V02070,1251.48019,2.17864868,commercial,True,synthetic
V02071,702.168745,0.71168202,standard,False,synthetic
V02072,825.058347,0.73942533,standard,True,synthetic
V02073,361.778588,0.89927933,standard,True,synthetic
V02074,250.0,1.10302226,standard,True,synthetic
V02075,1963.423095,1.27373215,standard,True,synthetic
V02076,699.225465,1.14500371,standard,False,synthetic
V02077,250.0,1.00070414,standard,False,synthetic
V02078,535.871707,1.22853465,commercial,True,synthetic
V02079,1360.502676,1.01003519,standard,True,synthetic
V02080,444.289311,1.1263413,commercial,True,synthetic
V02081,453.765759,0.68405665,standard,False,synthetic
V02082,762.317647,0.87071976,commercial,True,synthetic
V02083,286.00471,0.66111154,standard,True,synthetic
V02084,712.773362,1.43257868,standard,True,synthetic
V02085,667.185814,1.12451309,standard,True,synthetic
V02086,670.908537,0.76498989,preferred,True,synthetic
V02087,756.989003,1.36189139,commercial,True,synthetic
V02088,396.324492,0.5538589,standard,False,synthetic
V02089,493.931573,0.51930775,standard,True,synthetic
V02090,771.737865,0.94827144,standard,True,synthetic
V02091,893.805411,0.63991184,commercial,True,synthetic
V02092,280.205483,1.01692914,standard,False,synthetic
V02093,615.045188,0.8728177,standard,True,synthetic
V02094,338.251259,0.81851301,standard,True,synthetic
V02095,485.415118,1.21471332,standard,True,synthetic
V02096,396.136575,0.82720097,standard,True,synthetic
V02097,1172.324463,0.6111031,standard,True,synthetic
V02098,391.985663,0.7086234,preferred,False,synthetic
V02099,659.446723,0.92135557,standard,True,synthetic
V02100,330.613092,0.9533097,standard,True,synthetic
V02101,579.222504,1.57960486,standard,True,synthetic
V02102,1182.267173,0.87753013,commercial,True,synthetic
V02103,1396.225568,1.09165933,standard,True,synthetic
V02104,886.698468,0.93052377,standard,True,synthetic
V02105,752.670377,0.79041786,standard,True,synthetic
V02106,627.044823,0.57934358,preferred,True,synthetic
V02107,529.180297,1.30186208,preferred,True,synthetic
V02108,1172.36562,0.95235316,standard,True,synthetic
V02109,1636.459289,0.89987797,standard,False,synthetic
V02110,1629.57057,0.90819572,preferred,True,synthetic
V02111,1008.598279,1.11420604,standard,False,synthetic
V02112,250.0,1.18300783,preferred,True,synthetic
V02113,275.747244,1.16493173,preferred,True,synthetic
V02114,732.422755,0.77053094,standard,False,synthetic
V02115,395.413855,1.59533016,commercial,True,synthetic
V02116,816.227783,0.76620487,preferred,True,synthetic
V02117,1661.733635,1.1065727,standard,True,synthetic
V02118,895.838033,1.17616941,standard,False,synthetic
V02119,656.351157,0.64342284,standard,True,synthetic
V02120,753.200472,1.76144526,standard,True,synthetic
V02121,789.548729,1.37990157,preferred,True,synthetic
V02122,381.278559,1.18386707,commercial,True,synthetic
V02123,524.051165,1.80471131,commercial,False,synthetic
V02124,1112.825355,0.99576636,standard,True,synthetic
V02125,303.770854,1.58352368,standard,True,synthetic
V02126,360.80687,1.76211849,standard,True,synthetic
V02127,1290.899746,2.63913122,commercial,True,synthetic
V02128,379.997912,0.55815294,commercial,False,synthetic
V02129,1772.160631,0.66493278,standard,False,synthetic
V02130,894.752829,0.74953102,standard,True,synthetic
V02131,1221.4091,0.96063674,preferred,True,synthetic
V02132,830.982225,0.85035362,preferred,False,synthetic
V02133,1043.886277,1.60457738,preferred,False,synthetic
V02134,918.28978,0.64360826,standard,True,synthetic
V02135,411.358523,0.62053777,standard,True,synthetic
V02136,977.722816,1.81596251,standard,True,synthetic
V02137,502.154547,1.36201702,preferred,False,synthetic
V02138,744.241058,1.59359373,standard,True,synthetic
V02139,735.495302,1.27063323,standard,True,synthetic
V02140,788.163357,0.73824864,standard,True,synthetic
V02141,428.907977,1.04854046,commercial,True,synthetic
V02142,1223.300717,1.33948269,standard,True,synthetic
V02143,924.435811,0.78189347,preferred,True,synthetic
V02144,563.476441,0.99986734,standard,True,synthetic
V02145,560.710474,0.54968848,preferred,True,synthetic
V02146,398.363836,0.94633186,standard,True,synthetic
V02147,493.30172,2.5612871,standard,False,synthetic
V02148,609.020108,0.68390871,standard,True,synthetic
V02149,761.292793,1.37252031,standard,False,synthetic
V02150,511.815018,1.05832838,standard,True,synthetic
V02151,387.820336,1.32080417,standard,True,synthetic
V02152,321.306628,1.33535588,preferred,True,synthetic
V02153,1419.153191,0.9002946,standard,True,synthetic
V02154,1042.781197,1.30167296,commercial,True,synthetic
V02155,250.0,0.82086079,commercial,True,synthetic
V02156,689.939494,0.49029422,preferred,False,synthetic
V02157,1188.516508,0.93556608,preferred,True,synthetic
V02158,535.839179,1.33691343,preferred,True,synthetic
V02159,758.277932,0.99851754,preferred,True,synthetic
V02160,1132.864423,0.58475153,standard,False,synthetic
V02161,785.467695,1.23077747,standard,True,synthetic
V02162,529.813786,0.59822371,preferred,True,synthetic
V02163,545.112692,2.14617841,standard,True,synthetic
V02164,351.840309,0.79580437,standard,False,synthetic
V02165,1267.477374,2.45193897,preferred,True,synthetic
V02166,379.786438,0.99511574,standard,True,synthetic
V02167,3056.757438,0.87644444,standard,True,synthetic
V02168,320.507319,0.96193395,standard,True,synthetic
V02169,743.675898,0.51693682,standard,True,synthetic
V02170,1272.07366,0.94626633,standard,False,synthetic
V02171,855.174737,1.49765999,preferred,False,synthetic
V02172,914.581952,1.0875662,commercial,True,synthetic
V02173,1356.025801,1.38746397,preferred,True,synthetic
V02174,313.80882,1.14462924,standard,True,synthetic
V02175,397.852699,1.01217059,preferred,False,synthetic
V02176,258.288947,1.21466286,preferred,True,synthetic
V02177,507.088328,1.0174402,standard,False,synthetic
V02178,837.104855,0.58618343,standard,True,synthetic
V02179,1098.358453,1.02241057,preferred,True,synthetic
V02180,593.735507,1.6025558,standard,True,synthetic
V02181,1605.213067,0.91529425,preferred,False,synthetic
V02182,935.902022,0.90979633,commercial,False,synthetic
V02183,522.062303,1.53334533,standard,False,synthetic
V02184,1258.883386,1.55493594,standard,True,synthetic
V02185,1330.533868,0.54592228,standard,True,synthetic
V02186,405.708119,0.66792572,standard,True,synthetic
V02187,304.098388,0.98696263,preferred,True,synthetic
V02188,693.173267,0.93068147,preferred,False,synthetic
V02189,821.678542,0.79669925,standard,False,synthetic
V02190,618.399502,1.17301165,standard,True,synthetic
V02191,1242.16402,0.79184473,preferred,True,synthetic
V02192,1350.528877,1.18102167,standard,True,synthetic
V02193,483.24554,0.94263083,preferred,True,synthetic
V02194,891.836626,1.9871288,standard,True,synthetic
V02195,907.964938,0.7679645,standard,True,synthetic
V02196,1075.808926,1.01185413,standard,True,synthetic
V02197,1152.502749,1.70399857,standard,False,synthetic
V02198,893.625762,1.55480331,standard,True,synthetic
V02199,380.432175,1.69137655,preferred,True,synthetic
V02200,818.957669,0.42108031,commercial,True,synthetic
V02201,1619.412981,1.07840085,standard,True,synthetic
V02202,545.245683,1.82854718,standard,True,synthetic
V02203,440.16491,0.79389886,standard,True,synthetic
V02204,1825.291663,0.84482084,preferred,True,synthetic
V02205,760.327723,1.33335329,standard,True,synthetic
V02206,849.303019,1.07607121,standard,True,synthetic
V02207,810.482689,0.92704245,preferred,False,synthetic
V02208,250.0,1.03333962,standard,False,synthetic
V02209,620.89929,0.61989106,standard,False,synthetic
V02210,1043.357877,0.44504748,standard,False,synthetic
V02211,509.011064,1.39772162,standard,True,synthetic
V02212,526.85933,1.17346383,standard,True,synthetic
V02213,1161.312594,0.98209165,standard,False,synthetic
V02214,458.479681,0.81635707,preferred,True,synthetic
V02215,1273.127988,0.99216943,standard,False,synthetic
V02216,648.245365,1.07918759,standard,True,synthetic
V02217,608.512065,0.8166902,commercial,True,synthetic
V02218,838.65988,1.18444211,preferred,True,synthetic
V02219,843.338504,1.3873967,preferred,True,synthetic
V02220,698.024935,1.41053342,standard,False,synthetic
V02221,1319.360428,0.7600646,preferred,True,synthetic
V02222,504.055996,1.29071494,standard,True,synthetic
V02223,288.048317,0.69710424,preferred,True,synthetic
V02224,834.294232,1.27154119,preferred,False,synthetic
V02225,1145.582449,1.13772661,commercial,True,synthetic
V02226,303.335434,1.0965693,preferred,False,synthetic
V02227,901.464798,1.35850594,standard,False,synthetic
V02228,592.85556,0.58024032,standard,True,synthetic
V02229,1023.039393,0.8577999,preferred,True,synthetic
V02230,1229.868982,2.46320379,standard,True,synthetic
V02231,888.598803,0.68507461,standard,True,synthetic
V02232,1306.372247,1.74961434,preferred,True,synthetic
V02233,876.811104,1.45229391,standard,True,synthetic
V02234,1720.142147,0.67697462,standard,True,synthetic
V02235,1036.790621,1.0685376,standard,True,synthetic
V02236,407.489302,1.22233344,commercial,True,synthetic
V02237,353.918385,1.58930719,standard,True,synthetic
V02238,566.07918,1.45771035,standard,True,synthetic
V02239,1098.91835,0.8048173,preferred,False,synthetic
V02240,598.55535,0.76495294,standard,True,synthetic
V02241,250.0,0.62537072,standard,True,synthetic
V02242,1183.405337,0.77334186,standard,True,synthetic
V02243,914.62139,0.75003257,commercial,True,synthetic
V02244,427.407886,1.78759374,commercial,False,synthetic
V02245,950.953545,1.60921384,standard,True,synthetic
V02246,1666.658069,1.42910485,standard,True,synthetic
V02247,1055.197146,0.9877455,preferred,True,synthetic
V02248,736.310839,1.17758667,preferred,True,synthetic
V02249,645.424027,0.94692128,commercial,False,synthetic
V02250,1130.035564,0.78234311,preferred,True,synthetic
V02251,645.486448,1.00176032,standard,True,synthetic
V02252,879.347563,1.23497321,standard,True,synthetic
V02253,433.122834,0.67103661,preferred,True,synthetic
V02254,1153.843336,1.475164,standard,True,synthetic
V02255,366.22265,1.30491574,standard,False,synthetic
V02256,533.730566,1.19504141,standard,True,synthetic
V02257,1038.073347,0.66898175,standard,True,synthetic
V02258,1375.342565,1.05973528,standard,False,synthetic
V02259,725.631459,0.87738336,commercial,False,synthetic
V02260,779.540912,0.95300059,standard,False,synthetic
V02261,957.582013,0.66822748,standard,True,synthetic
V02262,548.014074,1.26304586,preferred,False,synthetic
V02263,1077.405159,1.35994515,standard,False,synthetic
V02264,1093.535654,0.71522008,standard,False,synthetic
V02265,394.147947,1.51594646,standard,False,synthetic
V02266,693.42049,0.73553625,standard,False,synthetic
V02267,2124.102927,1.66210181,standard,True,synthetic
V02268,1890.553287,0.64886696,preferred,True,synthetic
V02269,752.232324,1.01589115,standard,False,synthetic
V02270,495.104353,1.23683694,commercial,True,synthetic
V02271,801.70832,1.65144432,preferred,True,synthetic
V02272,1682.220476,0.80404153,standard,True,synthetic
V02273,1046.551573,1.48399442,standard,True,synthetic
V02274,531.311584,1.032838,standard,False,synthetic
V02275,1640.423778,0.77407766,preferred,True,synthetic
V02276,685.590714,0.64944058,preferred,True,synthetic
V02277,1161.71847,0.9468674,preferred,False,synthetic
V02278,592.94746,0.88982264,standard,True,synthetic
V02279,753.839834,1.75103071,commercial,True,synthetic
V02280,679.603806,0.4,standard,True,synthetic
V02281,1645.459309,0.75052715,standard,True,synthetic
V02282,681.61917,1.44658909,commercial,True,synthetic
V02283,385.666512,1.22612375,standard,True,synthetic
V02284,916.232384,0.56385192,standard,True,synthetic
V02285,1066.88533,0.76286537,standard,True,synthetic
V02286,621.086402,0.98071821,standard,True,synthetic
V02287,776.102325,0.78979187,standard,False,synthetic
V02288,1655.873887,1.29508273,standard,True,synthetic
V02289,476.700947,1.08484677,standard,True,synthetic
V02290,374.730385,0.70505306,standard,True,synthetic
V02291,1036.14573,1.76829408,standard,True,synthetic
V02292,523.441006,1.25108052,commercial,True,synthetic
V02293,912.019815,1.00879614,preferred,True,synthetic
V02294,847.778106,0.80024726,preferred,True,synthetic
V02295,1927.398951,0.79272359,standard,True,synthetic
V02296,1133.449356,1.58300457,standard,True,synthetic
V02297,753.392302,1.15744052,standard,True,synthetic
V02298,470.969822,1.77458283,standard,True,synthetic
V02299,1044.88324,0.75577816,standard,True,synthetic
V02300,1033.993346,1.04716024,standard,True,synthetic
V02301,592.475742,1.6346754,preferred,False,synthetic
V02302,659.767431,0.85974129,preferred,False,synthetic
V02303,607.096907,0.94439619,standard,True,synthetic
V02304,465.094757,1.1128699,preferred,True,synthetic
V02305,403.175781,1.3466756,standard,True,synthetic
V02306,534.158892,1.18578203,standard,False,synthetic
V02307,3069.890129,1.2600795,commercial,True,synthetic
V02308,1852.379272,1.1650818,preferred,True,synthetic
V02309,2694.696705,0.74472475,standard,False,synthetic
V02310,745.87642,1.30016082,preferred,False,synthetic
V02311,1176.93547,0.83291849,commercial,False,synthetic
V02312,1133.610874,1.16976386,standard,False,synthetic
V02313,433.560736,0.88425058,standard,False,synthetic
V02314,604.675642,2.08584412,commercial,True,synthetic
V02315,367.895033,1.05879168,standard,True,synthetic
V02316,847.999639,1.21776263,preferred,True,synthetic
V02317,3500.0,0.98926814,standard,True,synthetic
V02318,1362.176764,1.17465492,preferred,True,synthetic
V02319,1188.06865,0.64284278,standard,True,synthetic
V02320,775.736603,0.95212184,standard,True,synthetic
V02321,695.590125,1.30820074,commercial,True,synthetic
V02322,855.707616,0.63117575,standard,True,synthetic
V02323,608.233581,0.89995266,standard,True,synthetic
V02324,663.602308,1.1824315,standard,True,synthetic
V02325,895.878393,0.95689203,standard,True,synthetic
V02326,979.374428,1.09288271,standard,True,synthetic
V02327,362.815032,0.99356099,commercial,True,synthetic
V02328,689.652936,0.61274916,standard,True,synthetic
V02329,930.167916,1.14278009,commercial,True,synthetic
V02330,525.801489,0.60745271,standard,True,synthetic
V02331,955.665909,1.05315103,standard,True,synthetic
V02332,761.903102,1.30794323,standard,False,synthetic
V02333,1936.37616,0.54104384,commercial,False,synthetic
V02334,667.259564,1.10172734,standard,False,synthetic
V02335,382.551355,0.79879122,standard,True,synthetic
V02336,404.31027,0.7641071,commercial,True,synthetic
V02337,356.557278,0.54549138,preferred,True,synthetic
V02338,1211.774793,1.1083858,standard,True,synthetic
V02339,615.127424,1.37430088,preferred,True,synthetic
V02340,547.574468,1.15899188,standard,True,synthetic
V02341,912.61396,0.96471085,standard,True,synthetic
V02342,591.946912,1.1742915,standard,True,synthetic
V02343,463.226457,1.03039377,standard,False,synthetic
V02344,819.72294,1.09149691,preferred,True,synthetic
V02345,1042.680738,1.41944718,standard,False,synthetic
V02346,396.679991,1.32740319,standard,True,synthetic
V02347,603.658425,1.0326735,standard,True,synthetic
V02348,602.951987,1.03682677,standard,False,synthetic
V02349,798.5414,0.8707375,standard,False,synthetic
V02350,377.696434,1.41976217,preferred,True,synthetic
V02351,2542.767233,1.0683723,commercial,False,synthetic
V02352,950.381169,2.48984872,commercial,True,synthetic
V02353,424.066529,1.28120823,preferred,True,synthetic
V02354,1371.85863,1.28096466,standard,True,synthetic
V02355,1044.635678,1.5489752,standard,True,synthetic
V02356,616.683968,1.37093131,standard,False,synthetic
V02357,1090.810319,0.83306104,standard,True,synthetic
V02358,515.262869,0.78465569,preferred,False,synthetic
V02359,1017.306887,0.70803763,standard,True,synthetic
V02360,480.438993,1.04480648,commercial,True,synthetic
V02361,627.755748,0.97338048,standard,True,synthetic
V02362,844.08181,0.67981991,preferred,True,synthetic
V02363,850.134508,0.71460674,standard,True,synthetic
V02364,621.39419,1.10331731,commercial,True,synthetic
V02365,1058.727577,0.85225783,standard,False,synthetic
V02366,469.203589,0.87225215,standard,False,synthetic
V02367,410.276044,1.45623042,standard,True,synthetic
V02368,1097.691661,0.95963641,standard,False,synthetic
V02369,912.829234,0.41931241,commercial,True,synthetic
V02370,919.867821,1.335253,commercial,True,synthetic
V02371,771.38768,0.77469941,standard,True,synthetic
V02372,832.877931,1.31111898,standard,True,synthetic
V02373,1802.92007,1.55824737,standard,False,synthetic
V02374,267.974946,0.97571024,commercial,True,synthetic
V02375,928.046141,1.25023298,preferred,True,synthetic
V02376,486.417237,1.30258521,standard,True,synthetic
V02377,1867.213448,0.85031517,standard,True,synthetic
V02378,438.676777,1.24037092,commercial,False,synthetic
V02379,473.293885,1.35713888,standard,True,synthetic
V02380,693.510137,0.81599199,standard,True,synthetic
V02381,654.906222,1.66996305,standard,False,synthetic
V02382,1677.930667,0.92787642,standard,False,synthetic
V02383,1085.109732,1.6534655,commercial,True,synthetic
V02384,698.278957,1.66890568,standard,False,synthetic
V02385,882.118525,1.24631264,standard,False,synthetic
V02386,2816.380562,0.81429753,preferred,True,synthetic
V02387,990.179594,0.97194691,commercial,True,synthetic
V02388,362.277208,0.95438037,standard,True,synthetic
V02389,554.365823,0.873983,preferred,False,synthetic
V02390,375.13756,1.07561285,commercial,False,synthetic
V02391,1019.854059,1.2865089,standard,True,synthetic
V02392,417.683018,2.25310841,commercial,True,synthetic
V02393,2255.234599,0.57716941,preferred,True,synthetic
V02394,1025.566179,1.09858565,preferred,True,synthetic
V02395,293.728085,1.67008447,standard,True,synthetic
V02396,772.98672,1.38215859,standard,True,synthetic
V02397,1335.790063,1.40012586,standard,True,synthetic
V02398,663.326127,1.62965,commercial,False,synthetic
V02399,585.814518,0.93769997,standard,True,synthetic
V02400,650.075141,2.22308303,standard,True,synthetic
V02401,868.439214,0.64775105,standard,True,synthetic
V02402,771.769022,0.78502245,preferred,True,synthetic
V02403,644.240338,1.39349004,standard,True,synthetic
V02404,1391.087061,1.02369616,preferred,True,synthetic
V02405,866.609393,1.08781645,commercial,True,synthetic
V02406,551.494025,0.88422977,standard,True,synthetic
V02407,1354.291858,1.37396247,preferred,True,synthetic
V02408,791.87153,1.80825178,standard,False,synthetic
V02409,334.904572,0.9593979,preferred,True,synthetic
V02410,350.788013,0.86411331,preferred,True,synthetic
V02411,1596.58867,0.82826716,standard,False,synthetic
V02412,526.34946,1.05399098,preferred,True,synthetic
V02413,818.996518,0.76973619,standard,True,synthetic
V02414,803.50332,0.92514942,commercial,False,synthetic
V02415,827.30517,1.35578258,preferred,False,synthetic
V02416,1641.446694,1.3715075,commercial,False,synthetic
V02417,953.581363,0.59471424,preferred,False,synthetic
V02418,1393.448906,0.81016656,standard,False,synthetic
V02419,546.609599,0.81670165,preferred,True,synthetic
V02420,573.204909,1.46237882,standard,True,synthetic
V02421,979.177262,1.56277244,preferred,True,synthetic
V02422,838.656868,0.54133422,preferred,False,synthetic
V02423,449.900871,0.76022999,preferred,True,synthetic
V02424,486.470639,1.06339694,standard,False,synthetic
V02425,410.572969,1.1519622,preferred,True,synthetic
V02426,599.228445,0.96337246,preferred,True,synthetic
V02427,875.552497,0.95065301,standard,True,synthetic
V02428,466.769199,0.78361751,preferred,False,synthetic
V02429,990.09643,0.72512756,commercial,False,synthetic
V02430,764.074443,1.32372627,preferred,True,synthetic
V02431,659.886379,0.7862175,standard,True,synthetic
V02432,896.878572,1.53646277,commercial,True,synthetic
V02433,545.931891,1.12648416,standard,False,synthetic
V02434,563.629239,1.15350452,standard,False,synthetic
V02435,2643.861561,0.76165685,standard,True,synthetic
V02436,415.798904,0.98284505,preferred,True,synthetic
V02437,1290.108089,0.95476392,preferred,True,synthetic
V02438,817.862426,1.31395363,commercial,True,synthetic
V02439,438.936361,1.3916882,commercial,True,synthetic
V02440,491.089631,0.96104814,standard,True,synthetic
V02441,1071.740844,1.43977615,preferred,False,synthetic
V02442,1187.628248,1.17309838,preferred,False,synthetic
V02443,1184.978393,0.57337407,standard,True,synthetic
V02444,568.544994,1.2132737,standard,False,synthetic
V02445,484.05594,1.67975079,standard,True,synthetic
V02446,727.304102,1.39557856,standard,False,synthetic
V02447,566.204845,1.53296376,preferred,True,synthetic
V02448,1133.855264,1.03966491,standard,True,synthetic
V02449,378.620578,0.75833077,preferred,False,synthetic
V02450,1085.539768,2.36792253,standard,True,synthetic
V02451,690.729118,1.34310311,standard,True,synthetic
V02452,769.357832,0.65576374,commercial,False,synthetic
V02453,389.232885,1.21376533,preferred,False,synthetic
V02454,881.110299,1.05624444,standard,True,synthetic
V02455,250.0,0.97649288,preferred,False,synthetic
V02456,1137.342986,1.39949214,preferred,True,synthetic
V02457,664.006542,0.83479094,standard,True,synthetic
V02458,435.061482,0.99368804,commercial,True,synthetic
V02459,2141.492831,2.12037263,commercial,True,synthetic
V02460,713.866998,1.22780269,standard,True,synthetic
V02461,953.893814,0.90394094,standard,False,synthetic
V02462,990.771995,0.69423841,preferred,True,synthetic
V02463,477.900405,0.59289978,preferred,True,synthetic
V02464,955.071518,0.88644388,standard,True,synthetic
V02465,369.123725,1.08622207,standard,True,synthetic
V02466,1787.565064,0.85947587,standard,False,synthetic
V02467,721.063304,1.09412913,commercial,True,synthetic
V02468,534.53431,1.53502088,standard,True,synthetic
V02469,535.182192,0.95230831,preferred,True,synthetic
V02470,673.237938,1.08904588,commercial,True,synthetic
V02471,846.425564,1.23803761,standard,False,synthetic
V02472,1568.541491,1.01325974,commercial,True,synthetic
V02473,585.282789,1.15850981,standard,False,synthetic
V02474,596.338242,1.11682165,standard,True,synthetic
V02475,514.222383,1.48038347,preferred,True,synthetic
V02476,1201.653142,0.84052559,commercial,True,synthetic
V02477,704.692538,1.28093396,standard,True,synthetic
V02478,250.0,0.52411562,standard,True,synthetic
V02479,2331.550715,0.88542119,standard,True,synthetic
V02480,778.959519,0.69459263,standard,True,synthetic
V02481,795.310618,0.61561268,standard,True,synthetic
V02482,975.37339,1.08179593,preferred,False,synthetic
V02483,930.312075,0.7755835,standard,True,synthetic
V02484,1683.947362,1.15840864,preferred,True,synthetic
V02485,1724.264938,1.43704213,standard,False,synthetic
V02486,772.344233,1.80805657,standard,True,synthetic
V02487,1047.851823,1.09105797,standard,False,synthetic
V02488,1334.694241,1.46855588,standard,False,synthetic
V02489,527.053676,0.60825199,preferred,False,synthetic
V02490,779.511656,2.03526289,preferred,True,synthetic
V02491,552.118442,0.98685161,standard,True,synthetic
V02492,553.72037,1.64156053,standard,True,synthetic
V02493,1910.210552,1.21115698,standard,True,synthetic
V02494,771.65369,1.18651909,standard,False,synthetic
V02495,545.35,0.68786594,standard,True,synthetic
V02496,604.602846,1.38971387,standard,True,synthetic
V02497,1950.340266,1.13785418,commercial,True,synthetic
V02498,1635.193847,0.80264692,standard,True,synthetic
V02499,403.051852,1.10965061,standard,True,synthetic
V02500,674.153831,1.50492682,standard,True,synthetic
V02501,411.69791,1.32492981,standard,True,synthetic
V02502,528.127395,0.50901407,commercial,True,synthetic
V02503,813.355601,0.85443195,standard,True,synthetic
V02504,986.45861,0.94505404,preferred,True,synthetic
V02505,1160.907291,1.82072285,commercial,True,synthetic
V02506,978.114356,0.91141439,preferred,True,synthetic
V02507,354.430291,1.0338731,commercial,False,synthetic
V02508,390.562783,1.00901473,preferred,False,synthetic
V02509,1131.25855,1.40152389,preferred,True,synthetic
V02510,273.584157,0.828479,preferred,True,synthetic
V02511,1788.318244,0.80195143,commercial,False,synthetic
V02512,561.704398,1.08087602,standard,True,synthetic
V02513,833.519083,0.77313761,commercial,True,synthetic
V02514,1156.738079,1.28467106,standard,True,synthetic
V02515,328.989874,0.90691023,standard,False,synthetic
V02516,327.504593,1.27820864,standard,True,synthetic
V02517,986.275438,0.70774462,standard,False,synthetic
V02518,1043.579746,0.8166885,preferred,True,synthetic
V02519,405.708246,0.9978642,standard,True,synthetic
V02520,255.554082,0.92574429,standard,True,synthetic
V02521,1301.355282,0.65787464,standard,True,synthetic
V02522,422.087162,2.10502452,preferred,True,synthetic
V02523,1024.436985,1.5105363,preferred,True,synthetic
V02524,338.871519,1.27596971,standard,True,synthetic
V02525,681.952056,0.98101516,standard,True,synthetic
V02526,1064.231364,1.05265556,commercial,True,synthetic
V02527,982.751083,1.50765551,preferred,True,synthetic
V02528,604.426615,1.39609349,standard,True,synthetic
V02529,1067.363335,1.51865005,standard,True,synthetic
V02530,1148.101068,0.82890883,commercial,True,synthetic
V02531,535.771194,1.0823352,standard,True,synthetic
V02532,250.0,1.16703293,commercial,True,synthetic
V02533,1655.93668,1.10529516,standard,True,synthetic
V02534,1087.695993,0.99534036,standard,False,synthetic
V02535,1136.915416,1.02953855,standard,False,synthetic
V02536,819.964378,0.92803603,standard,False,synthetic
V02537,1057.262829,1.64494003,standard,True,synthetic
V02538,1457.388382,1.0389215,standard,True,synthetic
V02539,306.14177,1.52599629,standard,True,synthetic
V02540,610.04495,0.97434081,standard,True,synthetic
V02541,1527.759956,0.4,standard,True,synthetic
V02542,363.751856,1.31858295,commercial,False,synthetic
V02543,668.701756,0.83255372,standard,True,synthetic
V02544,2238.935666,1.23737141,standard,True,synthetic
V02545,1106.739258,1.60349918,standard,True,synthetic
V02546,1177.481292,1.7714662,standard,True,synthetic
V02547,605.371818,0.82138527,preferred,True,synthetic
V02548,702.513112,0.99902104,standard,True,synthetic
V02549,1931.549287,1.11990479,preferred,False,synthetic
V02550,926.403195,0.63615475,commercial,False,synthetic
V02551,807.903241,0.80201446,standard,False,synthetic
V02552,524.563137,1.33120717,standard,False,synthetic
V02553,298.482965,1.88612769,standard,True,synthetic
V02554,990.906505,1.65936434,standard,True,synthetic
V02555,3094.940998,0.59682001,commercial,True,synthetic
V02556,432.101255,0.81618808,standard,True,synthetic
V02557,587.909864,1.79226925,preferred,False,synthetic
V02558,413.409071,1.06520424,preferred,True,synthetic
V02559,1039.821997,0.69677649,standard,False,synthetic
V02560,490.508579,0.99176409,commercial,True,synthetic
V02561,602.120368,1.71656265,commercial,True,synthetic
V02562,429.111185,1.60841283,preferred,False,synthetic
V02563,665.664901,0.99041373,preferred,True,synthetic
V02564,398.475783,1.04149987,standard,True,synthetic
V02565,632.639391,0.71451964,standard,True,synthetic
V02566,599.558035,0.97394817,preferred,True,synthetic
V02567,412.97562,1.69648761,standard,True,synthetic
V02568,642.477448,1.57476206,standard,True,synthetic
V02569,485.382757,0.88091838,standard,True,synthetic
V02570,582.105888,1.75502716,commercial,True,synthetic
V02571,1210.283492,0.70087548,standard,True,synthetic
V02572,595.969389,0.65783205,standard,True,synthetic
V02573,2451.589688,0.8654569,commercial,True,synthetic
V02574,1351.312231,0.52094481,standard,True,synthetic
V02575,2557.223722,3.2,preferred,True,synthetic
V02576,1598.921164,1.05760687,preferred,False,synthetic
V02577,548.852936,1.6796948,standard,False,synthetic
V02578,467.780458,1.35914501,preferred,True,synthetic
V02579,806.936672,1.18821302,standard,True,synthetic
V02580,356.929384,1.06866573,preferred,False,synthetic
V02581,503.351106,0.77138521,standard,False,synthetic
V02582,347.252037,1.93384527,standard,True,synthetic
V02583,1672.561756,0.86456754,commercial,True,synthetic
V02584,482.797324,1.24582071,preferred,False,synthetic
V02585,1180.025605,1.52309952,standard,True,synthetic
V02586,504.027344,0.73396307,standard,True,synthetic
V02587,403.755379,1.36074317,commercial,True,synthetic
V02588,1359.625006,1.17699189,preferred,True,synthetic
V02589,667.183745,0.85727403,standard,False,synthetic
V02590,850.566935,0.44594893,standard,True,synthetic
V02591,611.996574,1.06068238,preferred,True,synthetic
V02592,474.899704,1.82133323,standard,False,synthetic
V02593,1555.170883,0.78476129,standard,False,synthetic
V02594,657.226017,1.3148045,standard,True,synthetic
V02595,2081.05584,2.44127675,preferred,True,synthetic
V02596,730.418339,0.94702594,standard,True,synthetic
V02597,1213.412565,0.94923526,standard,False,synthetic
V02598,1761.181545,0.80009719,standard,True,synthetic
V02599,938.014288,1.58939099,commercial,True,synthetic
V02600,2594.34631,1.0108559,preferred,False,synthetic
V02601,2483.191907,0.77413655,standard,True,synthetic
V02602,318.954737,1.69283065,commercial,True,synthetic
V02603,1229.142522,0.94115368,standard,False,synthetic
V02604,805.082017,1.38526028,standard,False,synthetic
V02605,1303.495138,1.07606613,standard,True,synthetic
V02606,675.130833,1.35926671,standard,True,synthetic
V02607,1019.520961,0.78358538,standard,True,synthetic
V02608,250.0,0.72336817,standard,True,synthetic
V02609,603.11774,1.04238956,commercial,False,synthetic
V02610,578.82495,2.23703015,standard,True,synthetic
V02611,487.692625,0.66654394,standard,True,synthetic
V02612,878.758524,1.27481122,standard,True,synthetic
V02613,902.280909,2.01563803,preferred,True,synthetic
V02614,797.018756,0.86734149,standard,True,synthetic
V02615,579.382855,1.03761406,standard,False,synthetic
V02616,250.0,0.58767652,standard,True,synthetic
V02617,250.0,0.63963577,commercial,True,synthetic
V02618,1279.216024,0.91223572,commercial,False,synthetic
V02619,490.403764,0.75936732,preferred,True,synthetic
V02620,1068.81935,1.43005363,standard,True,synthetic
V02621,406.237521,0.99774192,commercial,True,synthetic
V02622,1377.406362,0.84819784,standard,True,synthetic
V02623,705.675338,0.81488901,commercial,False,synthetic
V02624,1964.324747,1.63349023,standard,True,synthetic
V02625,508.332099,0.55360535,standard,True,synthetic
V02626,1367.948997,1.038878,standard,True,synthetic
V02627,711.971217,1.38523646,standard,True,synthetic
V02628,1424.289422,1.48735933,standard,True,synthetic
V02629,1452.288565,1.1330808,standard,True,synthetic
V02630,547.927541,0.68809823,standard,True,synthetic
V02631,1981.837979,0.68111086,preferred,True,synthetic
V02632,379.944512,1.12924315,preferred,True,synthetic
V02633,736.619832,1.12507187,standard,True,synthetic
V02634,455.486709,1.2259792,commercial,False,synthetic
V02635,2185.689472,1.17539476,standard,False,synthetic
V02636,321.136809,0.98965495,standard,True,synthetic
V02637,1556.78034,1.16758818,preferred,True,synthetic
V02638,1413.70668,1.61109779,preferred,True,synthetic
V02639,919.612321,1.68709079,commercial,False,synthetic
V02640,733.223683,1.19034885,preferred,True,synthetic
V02641,828.516321,0.76605314,standard,False,synthetic
V02642,559.472324,0.92415916,standard,False,synthetic
V02643,756.822966,0.63014793,standard,True,synthetic
V02644,703.898464,1.15300938,preferred,True,synthetic
V02645,487.323942,0.70485862,standard,False,synthetic
V02646,854.698058,0.87353501,standard,False,synthetic
V02647,410.40559,1.06945054,standard,True,synthetic
V02648,669.264522,1.01762366,preferred,True,synthetic
V02649,812.877171,0.53567243,preferred,True,synthetic
V02650,448.960633,0.5533551,preferred,True,synthetic
V02651,581.841374,1.23952612,commercial,True,synthetic
V02652,337.048263,0.54780332,preferred,False,synthetic
V02653,403.936465,0.79793372,standard,True,synthetic
V02654,519.342796,1.18580354,preferred,True,synthetic
V02655,1910.798212,1.09202275,standard,False,synthetic
V02656,1394.408417,0.58646454,preferred,True,synthetic
V02657,250.0,1.67294759,commercial,False,synthetic
V02658,481.216866,0.7599886,preferred,False,synthetic
V02659,636.247055,1.11898173,standard,True,synthetic
V02660,340.543957,1.11003069,commercial,True,synthetic
V02661,354.916944,1.31944471,standard,True,synthetic
V02662,532.807517,1.27112871,commercial,False,synthetic
V02663,289.702055,1.34576823,standard,True,synthetic
V02664,446.3298,0.68776868,standard,True,synthetic
V02665,553.538512,0.66447911,standard,True,synthetic
V02666,485.78815,1.46616477,standard,True,synthetic
V02667,774.760214,1.37241711,commercial,False,synthetic
V02668,889.35541,1.05365232,standard,True,synthetic
V02669,438.926452,0.94636898,standard,False,synthetic
V02670,1077.6637,0.60132782,preferred,True,synthetic
V02671,464.768081,1.69542047,commercial,False,synthetic
V02672,830.912878,1.39234703,standard,True,synthetic
V02673,985.641128,1.38298247,preferred,True,synthetic
V02674,694.14207,0.97266607,preferred,True,synthetic
V02675,842.424437,0.63166784,standard,True,synthetic
V02676,583.58618,0.7983409,commercial,True,synthetic
V02677,953.016649,0.93286294,standard,True,synthetic
V02678,1059.756333,1.34594805,preferred,True,synthetic
V02679,508.07759,1.42878919,preferred,True,synthetic
V02680,623.313482,0.68918797,preferred,False,synthetic
V02681,913.741842,0.55035541,standard,True,synthetic
V02682,522.036826,0.99937791,standard,True,synthetic
V02683,1069.381232,0.72845518,commercial,False,synthetic
V02684,741.437863,1.28080998,standard,False,synthetic
V02685,330.453239,0.7162846,standard,False,synthetic
V02686,441.514073,0.56844062,standard,True,synthetic
V02687,597.697422,0.91456253,standard,False,synthetic
V02688,1509.375365,0.7553018,standard,True,synthetic
V02689,449.012183,0.92270019,commercial,True,synthetic
V02690,1858.468477,0.72790116,preferred,True,synthetic
V02691,900.970923,0.88423071,preferred,False,synthetic
V02692,568.261042,0.86408539,standard,True,synthetic
V02693,409.697358,0.77690083,standard,True,synthetic
V02694,810.058034,0.61233003,commercial,True,synthetic
V02695,1669.335921,1.16522714,standard,False,synthetic
V02696,269.92791,0.80783984,standard,True,synthetic
V02697,468.366498,1.3939505,commercial,False,synthetic
V02698,324.872954,0.80152974,commercial,True,synthetic
V02699,1897.212896,1.31016623,standard,True,synthetic
V02700,551.266264,0.9194501,commercial,False,synthetic
V02701,613.396588,0.70099003,standard,True,synthetic
V02702,399.829622,1.12517768,standard,True,synthetic
V02703,294.101291,0.51608626,standard,False,synthetic
V02704,647.305539,0.97840714,standard,True,synthetic
V02705,991.343944,1.06433119,preferred,True,synthetic
V02706,1783.900396,0.73999783,standard,False,synthetic
V02707,1065.367419,0.53710238,standard,True,synthetic
V02708,950.509217,1.2985706,standard,True,synthetic
V02709,692.430795,0.53380185,preferred,True,synthetic
V02710,1963.928189,1.06310741,standard,True,synthetic
V02711,449.505255,1.32835485,standard,False,synthetic
V02712,1334.705349,0.85637262,standard,True,synthetic
V02713,480.753422,1.66120165,preferred,True,synthetic
V02714,532.082517,0.88357485,standard,False,synthetic
V02715,364.227697,1.21194189,standard,False,synthetic
V02716,555.847955,0.87632189,standard,True,synthetic
V02717,531.909512,1.41190977,standard,True,synthetic
V02718,554.187338,0.75896184,preferred,True,synthetic
V02719,988.046323,0.66676651,preferred,True,synthetic
V02720,1276.680475,0.71954309,standard,True,synthetic
V02721,846.026581,0.95495744,preferred,True,synthetic
V02722,514.337449,1.4180155,standard,False,synthetic
V02723,1853.05954,1.36669947,preferred,False,synthetic
V02724,1011.983862,0.81728438,commercial,True,synthetic
V02725,937.704501,0.84275089,preferred,True,synthetic
V02726,1231.185212,0.74437804,standard,True,synthetic
V02727,804.10471,0.6106226,preferred,True,synthetic
V02728,404.530598,0.66915832,standard,False,synthetic
V02729,1145.396097,1.04612971,preferred,True,synthetic
V02730,374.424026,1.09826549,standard,True,synthetic
V02731,1323.723451,0.52934648,standard,True,synthetic
V02732,510.851456,1.20159273,standard,False,synthetic
V02733,1488.741896,1.08874392,standard,False,synthetic
V02734,1833.534875,1.54012118,standard,True,synthetic
V02735,653.060525,1.13213328,standard,False,synthetic
V02736,1830.186708,1.07706778,preferred,True,synthetic
V02737,250.0,1.13849804,preferred,True,synthetic
V02738,758.868881,1.4682113,standard,False,synthetic
V02739,332.545644,0.95103602,standard,True,synthetic
V02740,1415.513331,0.82765364,preferred,True,synthetic
V02741,742.615965,1.2487638,commercial,False,synthetic
V02742,1382.991379,0.63841167,commercial,True,synthetic
V02743,2090.776158,1.73506778,commercial,True,synthetic
V02744,1087.739771,0.70500647,standard,True,synthetic
V02745,1040.549617,0.84255816,commercial,True,synthetic
V02746,275.308159,0.85556892,commercial,False,synthetic
V02747,428.860639,1.05198806,standard,True,synthetic
V02748,576.462994,0.48573296,preferred,True,synthetic
V02749,1199.265059,0.91866756,standard,True,synthetic
V02750,309.24977,1.55800885,preferred,True,synthetic
V02751,1131.444332,1.26056471,preferred,True,synthetic
V02752,1696.827516,1.31705851,standard,True,synthetic
V02753,846.405451,0.58743424,standard,True,synthetic
V02754,433.357036,0.93981918,standard,True,synthetic
V02755,756.308808,0.55579957,standard,True,synthetic
V02756,432.508096,1.78621009,commercial,True,synthetic
V02757,960.578518,1.01685991,preferred,True,synthetic
V02758,1082.501784,0.92277731,standard,True,synthetic
V02759,677.909502,1.50284276,preferred,True,synthetic
V02760,814.799242,0.999726,standard,False,synthetic
V02761,664.822292,1.05936848,standard,True,synthetic
V02762,546.884573,0.75084584,standard,False,synthetic
V02763,1836.77907,0.74178086,standard,True,synthetic
V02764,250.0,0.97188034,preferred,True,synthetic
V02765,982.214879,1.53395551,standard,True,synthetic
V02766,1930.167712,1.4591085,standard,False,synthetic
V02767,712.107175,1.1682423,standard,True,synthetic
V02768,274.059524,1.1027977,standard,False,synthetic
V02769,599.838558,1.49000437,standard,False,synthetic
V02770,281.714829,0.98647906,commercial,True,synthetic
V02771,1267.55371,0.49021038,standard,True,synthetic
V02772,1089.3574,0.88222861,standard,True,synthetic
V02773,856.026197,0.69801697,standard,True,synthetic
V02774,676.729107,1.09805954,commercial,True,synthetic
V02775,525.631797,1.15830737,preferred,False,synthetic
V02776,674.757366,0.81092002,standard,False,synthetic
V02777,908.645949,1.11115481,standard,True,synthetic
V02778,313.571927,0.81374433,standard,False,synthetic
V02779,855.631192,0.69352106,commercial,True,synthetic
V02780,946.954204,0.7953505,standard,True,synthetic
V02781,508.956799,0.89228752,standard,False,synthetic
V02782,592.069091,0.96047503,commercial,False,synthetic
V02783,707.195315,0.46130266,commercial,True,synthetic
V02784,1291.398108,1.15928256,preferred,True,synthetic
V02785,1512.751278,0.68829955,standard,True,synthetic
V02786,406.22775,1.50948058,commercial,False,synthetic
V02787,560.198867,1.05449849,preferred,False,synthetic
V02788,566.407052,0.94256554,standard,True,synthetic
V02789,931.75749,1.35557695,commercial,False,synthetic
V02790,1040.974439,1.68905876,standard,True,synthetic
V02791,1557.977351,2.00430169,standard,True,synthetic
V02792,2418.942004,1.01897171,preferred,True,synthetic
V02793,250.0,0.77969515,preferred,True,synthetic
V02794,861.099548,0.97214821,standard,True,synthetic
V02795,621.40256,1.36705086,standard,True,synthetic
V02796,837.297719,0.99731703,standard,True,synthetic
V02797,1119.255298,0.7905411,standard,True,synthetic
V02798,897.843582,1.20314979,preferred,True,synthetic
V02799,1087.059505,0.90007011,commercial,False,synthetic
V02800,1464.701405,1.53443012,standard,False,synthetic
V02801,914.82832,1.15686395,standard,True,synthetic
V02802,760.48473,1.0776752,standard,True,synthetic
V02803,598.122653,0.86015654,standard,True,synthetic
V02804,470.619139,1.17316524,standard,True,synthetic
V02805,831.632418,1.44179627,standard,True,synthetic
V02806,517.613105,1.72981879,standard,False,synthetic
V02807,405.616438,1.18065858,standard,False,synthetic
V02808,1140.828679,1.35008382,preferred,False,synthetic
V02809,572.934557,1.21420544,preferred,True,synthetic
V02810,1282.871326,1.31322692,standard,True,synthetic
V02811,311.792427,1.56835879,standard,False,synthetic
V02812,779.46792,1.30519522,standard,True,synthetic
V02813,607.883122,0.9811716,standard,False,synthetic
V02814,555.906205,1.50226231,preferred,True,synthetic
V02815,450.6402,0.95820711,commercial,True,synthetic
V02816,1290.089633,0.69540061,standard,True,synthetic
V02817,560.882907,0.83947914,standard,True,synthetic
V02818,605.979483,0.56942056,standard,False,synthetic
V02819,1445.421591,0.62617244,commercial,True,synthetic
V02820,1436.486007,0.70682692,standard,True,synthetic
V02821,291.130352,0.88125118,standard,True,synthetic
V02822,455.982214,0.60511083,standard,True,synthetic
V02823,579.637315,1.12218167,standard,True,synthetic
V02824,1200.643751,0.57383457,commercial,True,synthetic
V02825,250.0,1.90820677,standard,True,synthetic
V02826,319.472323,1.21798067,standard,True,synthetic
V02827,1352.817824,0.86450905,standard,True,synthetic
V02828,463.717132,0.83182019,standard,True,synthetic
V02829,1242.86867,1.1026712,preferred,False,synthetic
V02830,288.179165,1.38590075,preferred,False,synthetic
V02831,758.196096,0.91849454,standard,True,synthetic
V02832,534.823061,0.78294949,preferred,True,synthetic
V02833,1046.288723,1.36185457,standard,False,synthetic
V02834,1177.729158,0.93999988,standard,True,synthetic
V02835,1230.085649,0.52977398,standard,False,synthetic
V02836,390.524282,0.79801505,preferred,False,synthetic
V02837,1824.585867,0.97868083,standard,True,synthetic
V02838,1020.87668,0.74392971,standard,True,synthetic
V02839,250.0,1.17399093,preferred,False,synthetic
V02840,1136.113444,1.9675657,standard,True,synthetic
V02841,344.968072,1.25955406,standard,True,synthetic
V02842,1239.799809,0.64858056,standard,True,synthetic
V02843,576.383531,1.02412037,commercial,False,synthetic
V02844,549.815784,0.63317186,standard,True,synthetic
V02845,518.589294,1.27242272,preferred,True,synthetic
V02846,466.093731,0.57365252,standard,True,synthetic
V02847,250.0,1.76727665,commercial,True,synthetic
V02848,322.057458,1.21160159,preferred,False,synthetic
V02849,296.7016,1.28021713,commercial,True,synthetic
V02850,704.150218,0.83794647,preferred,True,synthetic
V02851,250.0,1.17994841,standard,False,synthetic
V02852,839.59073,0.88947898,standard,True,synthetic
V02853,444.258228,0.69348002,standard,False,synthetic
V02854,685.64404,0.76729584,standard,True,synthetic
V02855,1343.731759,0.98893979,preferred,True,synthetic
V02856,428.276817,0.91875899,commercial,False,synthetic
V02857,1879.222807,0.92434987,standard,True,synthetic
V02858,1365.337144,1.1657843,preferred,True,synthetic
V02859,991.932248,1.75330118,standard,True,synthetic
V02860,540.334904,1.60613051,standard,False,synthetic
V02861,1093.350896,0.67314004,standard,True,synthetic
V02862,2032.736492,1.29424798,standard,True,synthetic
V02863,719.843416,1.27448894,preferred,True,synthetic
V02864,1315.070083,0.71860674,standard,True,synthetic
V02865,351.354156,0.97449111,preferred,True,synthetic
V02866,840.234699,1.08888096,standard,True,synthetic
V02867,288.900813,0.86112161,standard,False,synthetic
V02868,1039.423802,1.23930979,standard,True,synthetic
V02869,267.869085,0.94498612,preferred,False,synthetic
V02870,946.127462,1.42260023,standard,True,synthetic
V02871,644.197681,0.69060519,commercial,True,synthetic
V02872,404.022704,0.90972625,standard,True,synthetic
V02873,277.796597,1.58775917,standard,True,synthetic
V02874,1579.101393,2.07446818,standard,True,synthetic
V02875,1183.84857,1.07946379,preferred,False,synthetic
V02876,1124.049086,0.94969348,standard,True,synthetic
V02877,1517.698821,1.1964754,standard,False,synthetic
V02878,542.250118,0.95509557,commercial,True,synthetic
V02879,1431.918692,0.82624846,standard,True,synthetic
V02880,573.676947,0.90390141,standard,True,synthetic
V02881,590.090259,1.12372668,preferred,True,synthetic
V02882,625.868305,1.24701477,preferred,True,synthetic
V02883,546.66903,0.8518219,standard,False,synthetic
V02884,637.918474,0.86638046,standard,True,synthetic
V02885,531.3831,1.479153,standard,True,synthetic
V02886,1086.28378,0.55290742,standard,True,synthetic
V02887,420.817797,1.24716079,commercial,False,synthetic
V02888,1725.972634,0.92762587,standard,True,synthetic
V02889,923.823676,0.69519369,standard,True,synthetic
V02890,2037.718033,0.96226468,commercial,False,synthetic
V02891,392.897782,1.11344876,standard,False,synthetic
V02892,763.037674,0.58293221,standard,True,synthetic
V02893,1928.901651,0.95778993,standard,True,synthetic
V02894,538.628597,0.71628697,preferred,True,synthetic
V02895,559.713489,1.14411256,standard,False,synthetic
V02896,519.120594,0.77204845,standard,False,synthetic
V02897,434.17903,1.72761164,preferred,True,synthetic
V02898,668.660922,1.27457878,commercial,True,synthetic
V02899,759.28277,0.58336257,standard,True,synthetic
V02900,759.799658,0.69169596,commercial,False,synthetic
V02901,586.805024,0.8463599,preferred,True,synthetic
V02902,348.847021,1.01283757,preferred,False,synthetic
V02903,548.193797,1.30355295,preferred,True,synthetic
V02904,269.403266,0.90132716,standard,True,synthetic
V02905,624.668008,0.59490388,standard,True,synthetic
V02906,1235.184468,0.82153511,standard,True,synthetic
V02907,489.011269,1.31108655,standard,True,synthetic
V02908,863.74483,0.45204748,commercial,True,synthetic
V02909,2104.080496,1.09425555,standard,True,synthetic
V02910,680.102144,1.85022933,preferred,False,synthetic
V02911,1475.121583,1.20968492,standard,True,synthetic
V02912,731.449165,0.66296575,preferred,True,synthetic
V02913,395.692653,1.22376165,preferred,True,synthetic
V02914,1201.519647,0.98027691,standard,True,synthetic
V02915,1225.244237,0.86863873,standard,True,synthetic
V02916,479.607579,0.73040948,standard,True,synthetic
V02917,629.050163,0.65755951,standard,True,synthetic
V02918,634.919886,0.63539173,standard,False,synthetic
V02919,2729.562399,1.91839461,standard,True,synthetic
V02920,720.557281,0.82337781,commercial,True,synthetic
V02921,837.301734,1.09253016,standard,False,synthetic
V02922,778.604862,0.88218773,preferred,True,synthetic
V02923,545.921878,1.77484131,standard,False,synthetic
V02924,1170.52693,0.63446612,preferred,True,synthetic
V02925,1325.861434,1.07418943,standard,True,synthetic
V02926,427.843656,1.44048855,preferred,True,synthetic
V02927,894.839491,0.75616803,preferred,False,synthetic
V02928,583.933527,0.86956394,standard,True,synthetic
V02929,1333.485603,1.20082446,commercial,False,synthetic
V02930,573.095159,1.31589438,commercial,True,synthetic
V02931,616.685248,1.44894871,preferred,True,synthetic
V02932,1043.921807,1.3450644,commercial,False,synthetic
V02933,462.411247,1.06213589,standard,True,synthetic
V02934,1333.694818,1.00433563,preferred,True,synthetic
V02935,252.292318,0.80889044,standard,True,synthetic
V02936,909.501767,1.17920097,standard,False,synthetic
V02937,813.513808,1.31869932,preferred,True,synthetic
V02938,713.306071,0.78779297,standard,True,synthetic
V02939,1064.39717,1.44985672,standard,True,synthetic
V02940,469.536196,1.35175411,preferred,True,synthetic
V02941,769.153726,0.74506457,standard,True,synthetic
V02942,2125.016288,1.07127567,standard,True,synthetic
V02943,1023.604829,1.29163234,commercial,True,synthetic
V02944,740.207154,1.40907971,standard,False,synthetic
V02945,321.599703,0.69933767,commercial,True,synthetic
V02946,1586.340089,1.66741687,standard,True,synthetic
V02947,680.400001,0.68909089,standard,True,synthetic
V02948,400.841516,1.18015115,commercial,False,synthetic
V02949,851.875155,0.51317246,standard,False,synthetic
V02950,1240.069181,1.55005418,standard,False,synthetic
V02951,672.319549,0.80179016,preferred,True,synthetic
V02952,819.079546,1.06587844,standard,False,synthetic
V02953,748.242453,0.84468746,standard,False,synthetic
V02954,1203.275083,0.80633124,standard,False,synthetic
V02955,284.169595,0.65544372,preferred,True,synthetic
V02956,526.365225,0.86524283,preferred,True,synthetic
V02957,495.525043,0.91877136,standard,True,synthetic
V02958,471.07327,0.45066549,standard,True,synthetic
V02959,476.813454,1.11495692,standard,True,synthetic
V02960,923.114762,0.7229815,standard,True,synthetic
V02961,493.343759,1.04986637,commercial,True,synthetic
V02962,1116.132112,2.81777504,standard,True,synthetic
V02963,707.567371,0.61547383,standard,True,synthetic
V02964,268.418986,0.83665048,standard,False,synthetic
V02965,511.72353,1.49014473,standard,True,synthetic
V02966,682.873088,0.97639984,preferred,True,synthetic
V02967,880.380287,0.62623821,preferred,True,synthetic
V02968,717.478848,1.23260034,standard,False,synthetic
V02969,276.180692,1.08819987,commercial,False,synthetic
V02970,1215.376826,1.84444826,preferred,True,synthetic
V02971,559.094864,1.5734029,preferred,False,synthetic
V02972,488.832319,1.12593629,standard,False,synthetic
V02973,542.309718,0.7402488,preferred,True,synthetic
V02974,870.337437,1.08756172,standard,True,synthetic
V02975,493.916954,1.41906689,preferred,False,synthetic
V02976,1116.698884,0.71279158,standard,True,synthetic
V02977,975.689912,0.89742643,standard,True,synthetic
V02978,309.622422,1.6981164,commercial,True,synthetic
V02979,1402.534122,1.17753126,standard,False,synthetic
V02980,353.240684,0.53685577,preferred,True,synthetic
V02981,1551.111366,1.20824961,standard,False,synthetic
V02982,1102.800844,0.83651168,standard,False,synthetic
V02983,526.96472,0.90318211,standard,True,synthetic
V02984,1021.873436,1.52823834,standard,True,synthetic
V02985,792.383518,1.35038906,commercial,False,synthetic
V02986,394.378847,0.80937731,preferred,True,synthetic
V02987,374.717857,0.85438045,commercial,True,synthetic
V02988,1341.141863,1.48447936,preferred,True,synthetic
V02989,907.940003,0.79766941,standard,True,synthetic
V02990,541.440685,0.57417268,standard,True,synthetic
V02991,650.733855,0.92514046,preferred,True,synthetic
V02992,3500.0,1.1303464,standard,True,synthetic
V02993,1846.363366,1.07795291,standard,True,synthetic
V02994,912.224565,0.82288965,standard,True,synthetic
V02995,929.013668,0.83529922,commercial,False,synthetic
V02996,1509.406389,1.04240996,preferred,False,synthetic
V02997,1131.329894,1.46571735,commercial,True,synthetic
V02998,748.824513,1.04170222,commercial,True,synthetic
V02999,735.108788,1.13808619,standard,True,synthetic
V03000,656.424327,1.25909055,standard,True,synthetic
V03001,2581.164735,0.57413842,standard,True,synthetic
V03002,397.878848,0.93495805,standard,True,synthetic
V03003,289.174428,0.72873506,commercial,True,synthetic
V03004,492.232597,1.02237805,standard,True,synthetic
V03005,477.046912,0.90100187,standard,True,synthetic
V03006,1673.067169,0.99897845,commercial,True,synthetic
V03007,289.986717,1.10183832,commercial,True,synthetic
V03008,626.39138,1.1975247,preferred,True,synthetic
V03009,493.275406,1.0655058,preferred,True,synthetic
V03010,335.400121,1.49299793,standard,True,synthetic
V03011,1474.18138,0.68241815,standard,True,synthetic
V03012,787.023726,0.73378541,standard,True,synthetic
V03013,582.960089,1.44851848,standard,True,synthetic
V03014,446.166224,1.11369815,standard,False,synthetic
V03015,374.544156,1.3182399,standard,True,synthetic
V03016,309.187939,1.49164547,standard,True,synthetic
V03017,638.140157,0.7527609,preferred,False,synthetic
V03018,709.645531,0.79051374,standard,False,synthetic
V03019,1697.674328,0.932411,preferred,False,synthetic
V03020,867.030366,1.15346284,preferred,False,synthetic
V03021,1086.747096,1.78386376,preferred,False,synthetic
V03022,1080.723059,0.60592686,standard,True,synthetic
V03023,1901.032271,0.8207292,standard,True,synthetic
V03024,1390.563854,1.13864066,standard,True,synthetic
V03025,1226.65842,1.05247878,standard,True,synthetic
V03026,1271.240829,0.95624,standard,True,synthetic
V03027,822.999768,1.05177494,standard,False,synthetic
V03028,295.558293,0.8072926,standard,True,synthetic
V03029,726.621136,0.72362556,standard,True,synthetic
V03030,418.100528,1.14352475,preferred,True,synthetic
V03031,1383.278628,0.90275024,standard,True,synthetic
V03032,868.452602,1.0987454,standard,True,synthetic
V03033,1184.22353,1.24095204,commercial,True,synthetic
V03034,1248.449388,0.62296744,standard,False,synthetic
V03035,756.634004,1.26740302,standard,True,synthetic
V03036,800.378702,2.01356507,standard,False,synthetic
V03037,288.818279,1.46120773,standard,True,synthetic
V03038,810.953438,0.96568516,standard,False,synthetic
V03039,733.541559,1.24272237,standard,False,synthetic
V03040,718.05402,1.32574242,standard,True,synthetic
V03041,867.117295,0.42060297,standard,False,synthetic
V03042,987.019132,2.74656469,standard,True,synthetic
V03043,645.073385,1.51838046,standard,True,synthetic
V03044,1281.821094,1.64957513,commercial,False,synthetic
V03045,1308.841822,0.66853766,standard,False,synthetic
V03046,408.478903,1.14901515,standard,True,synthetic
V03047,899.645181,1.0009962,commercial,True,synthetic
V03048,469.734807,0.81613008,standard,True,synthetic
V03049,757.215309,0.92520206,standard,True,synthetic
V03050,921.947541,0.5913249,standard,True,synthetic
V03051,1794.09339,0.69421768,standard,False,synthetic
V03052,674.485328,0.7300561,standard,True,synthetic
V03053,466.020865,0.93320569,standard,True,synthetic
V03054,457.232411,1.3747772,standard,True,synthetic
V03055,554.804236,1.19209726,standard,False,synthetic
V03056,655.932562,0.72627279,commercial,False,synthetic
V03057,649.366077,1.44228563,standard,True,synthetic
V03058,527.576569,0.8309318,standard,True,synthetic
V03059,370.498533,0.53937748,standard,False,synthetic
V03060,467.557129,0.75165372,preferred,True,synthetic
V03061,572.248217,0.4,preferred,True,synthetic
V03062,528.981571,1.31159435,standard,False,synthetic
V03063,706.208735,0.94878361,preferred,False,synthetic
V03064,728.800296,0.79556277,standard,True,synthetic
V03065,876.208651,0.84941041,standard,True,synthetic
V03066,640.914271,0.67217476,commercial,True,synthetic
V03067,476.271201,0.84288976,standard,True,synthetic
V03068,717.929918,0.90714573,standard,True,synthetic
V03069,824.918763,0.97697023,standard,False,synthetic
V03070,324.105789,0.88418643,commercial,True,synthetic
V03071,861.170641,1.60321747,standard,True,synthetic
V03072,446.579837,0.78997833,preferred,False,synthetic
V03073,830.029061,0.76927951,standard,True,synthetic
V03074,1076.731581,0.65337928,standard,True,synthetic
V03075,507.333778,0.4864341,preferred,False,synthetic
V03076,776.681155,0.90793591,standard,False,synthetic
V03077,903.000887,1.27174315,preferred,True,synthetic
V03078,578.326615,0.97680179,standard,False,synthetic
V03079,541.518313,0.55824671,standard,True,synthetic
V03080,1245.711859,1.20106682,standard,True,synthetic
V03081,503.010074,0.81831558,commercial,True,synthetic
V03082,836.404573,1.30933118,standard,False,synthetic
V03083,2091.279636,0.65465961,standard,True,synthetic
V03084,539.300668,1.30425417,commercial,False,synthetic
V03085,1021.821702,1.00547899,standard,False,synthetic
V03086,410.706576,0.55643414,preferred,True,synthetic
V03087,856.773066,0.87015888,commercial,True,synthetic
V03088,406.677893,0.95014181,standard,True,synthetic
V03089,517.150223,0.59416281,preferred,True,synthetic
V03090,847.538355,1.2415926,standard,True,synthetic
V03091,922.983217,1.12973949,commercial,False,synthetic
V03092,544.629743,0.94608701,preferred,True,synthetic
V03093,2797.956548,0.86900719,standard,False,synthetic
V03094,595.507497,0.96970188,preferred,True,synthetic
V03095,700.263194,0.71238138,standard,False,synthetic
V03096,775.640187,1.39920685,commercial,True,synthetic
V03097,613.974183,0.80040226,commercial,True,synthetic
V03098,1152.366406,0.53608883,standard,False,synthetic
V03099,1264.392976,1.04206761,standard,False,synthetic
V03100,1537.980217,0.79768364,commercial,True,synthetic
V03101,647.994732,0.64973075,standard,True,synthetic
V03102,335.228842,1.61181649,standard,True,synthetic
V03103,577.259015,0.96864506,standard,False,synthetic
V03104,409.812499,1.19161908,standard,True,synthetic
V03105,1066.099134,0.63737482,standard,True,synthetic
V03106,345.606144,1.9046463,standard,True,synthetic
V03107,893.877933,0.47671766,preferred,True,synthetic
V03108,1370.364763,0.621052,preferred,False,synthetic
V03109,1560.741951,1.36019711,standard,True,synthetic
V03110,793.767019,1.4407957,standard,True,synthetic
V03111,505.459836,0.64769305,preferred,True,synthetic
V03112,371.556135,1.18190167,standard,False,synthetic
V03113,275.500469,1.4773295,standard,False,synthetic
V03114,560.014354,0.81271457,preferred,True,synthetic
V03115,935.069972,1.1104331,commercial,True,synthetic
V03116,1390.877204,0.70306222,commercial,False,synthetic
V03117,931.700479,0.93830438,preferred,True,synthetic
V03118,595.877767,0.75670347,standard,True,synthetic
V03119,1106.058973,1.18255234,standard,True,synthetic
V03120,572.706602,1.47377144,preferred,False,synthetic
V03121,1215.722251,1.01538875,standard,True,synthetic
V03122,1535.424641,1.67979294,standard,True,synthetic
V03123,677.432195,0.94420516,standard,False,synthetic
V03124,485.816406,0.61856536,standard,True,synthetic
V03125,859.12307,0.71183081,preferred,True,synthetic
V03126,634.854419,0.66352953,standard,False,synthetic
V03127,753.959259,0.77852102,commercial,True,synthetic
V03128,1679.179059,1.06301481,standard,True,synthetic
V03129,606.934101,1.41979735,standard,False,synthetic
V03130,912.376953,1.9420247,preferred,True,synthetic
V03131,685.047002,0.8766336,preferred,True,synthetic
V03132,330.30376,0.48118862,standard,True,synthetic
V03133,548.001089,1.26008347,preferred,False,synthetic
V03134,543.85796,0.74630159,commercial,False,synthetic
V03135,750.011565,1.14519443,standard,False,synthetic
V03136,533.240719,0.77639796,standard,True,synthetic
V03137,646.98394,1.29700959,standard,True,synthetic
V03138,1336.229308,0.62242458,standard,True,synthetic
V03139,1905.603407,1.0072784,standard,True,synthetic
V03140,513.715978,1.03210173,standard,True,synthetic
V03141,750.233195,1.35809739,commercial,False,synthetic
V03142,623.050115,0.73710282,standard,True,synthetic
V03143,417.84823,0.81152088,standard,False,synthetic
V03144,718.84069,1.59233362,standard,True,synthetic
V03145,2384.261002,1.25763002,standard,True,synthetic
V03146,418.009324,1.05896777,standard,False,synthetic
V03147,1182.121599,0.9484243,standard,False,synthetic
V03148,516.864445,0.7836937,preferred,True,synthetic
V03149,478.220998,1.19540243,standard,True,synthetic
V03150,510.467155,0.90790927,standard,True,synthetic
V03151,1321.710404,1.38441344,preferred,True,synthetic
V03152,738.638221,0.72886167,standard,True,synthetic
V03153,1286.056829,0.66604591,standard,True,synthetic
V03154,656.054599,1.34717071,standard,True,synthetic
V03155,865.558837,0.73784461,standard,False,synthetic
V03156,1555.727088,1.22104409,commercial,False,synthetic
V03157,737.450103,0.93003227,standard,False,synthetic
V03158,345.964896,1.13406575,standard,False,synthetic
V03159,533.352311,1.06010699,standard,True,synthetic
V03160,566.621618,1.05801024,standard,True,synthetic
V03161,751.388391,1.15086384,preferred,False,synthetic
V03162,414.996131,0.84571041,standard,False,synthetic
V03163,936.027569,1.00168043,preferred,True,synthetic
V03164,607.641399,1.53171336,standard,False,synthetic
V03165,405.3385,0.72870635,standard,True,synthetic
V03166,612.426959,0.92800732,standard,False,synthetic
V03167,455.936612,0.9018826,standard,True,synthetic
V03168,514.103518,0.87134835,standard,True,synthetic
V03169,814.789829,1.08150047,standard,True,synthetic
V03170,250.0,1.12784623,standard,True,synthetic
V03171,1741.350609,0.95056286,preferred,False,synthetic
V03172,416.085308,0.85663771,preferred,True,synthetic
V03173,638.00631,0.79763747,preferred,True,synthetic
V03174,1051.222714,0.76180476,standard,True,synthetic
V03175,1106.339325,1.64286744,standard,True,synthetic
V03176,963.91039,1.02633808,standard,True,synthetic
V03177,406.37246,0.87434694,commercial,True,synthetic
V03178,250.0,0.98113192,preferred,False,synthetic
V03179,628.355982,0.7146886,standard,True,synthetic
V03180,463.590913,1.67649215,preferred,True,synthetic
V03181,686.680656,1.1942337,standard,False,synthetic
V03182,652.458519,0.75743311,standard,False,synthetic
V03183,1068.600066,0.93559762,commercial,True,synthetic
V03184,2836.246715,0.96465167,preferred,True,synthetic
V03185,1005.828662,0.73865141,preferred,True,synthetic
V03186,1673.001742,0.92891464,standard,True,synthetic
V03187,1025.062043,1.08465973,standard,True,synthetic
V03188,717.415189,1.08925957,preferred,True,synthetic
V03189,621.101768,0.71595493,standard,True,synthetic
V03190,699.017865,1.18756824,standard,False,synthetic
V03191,699.296066,1.35011105,standard,True,synthetic
V03192,601.715889,0.96158629,standard,True,synthetic
V03193,1111.173267,0.92110327,standard,False,synthetic
V03194,1518.596291,1.28969352,standard,True,synthetic
V03195,554.997371,0.61473466,standard,True,synthetic
V03196,486.441436,0.98606182,standard,False,synthetic
V03197,652.500525,1.1212248,preferred,True,synthetic
V03198,862.311172,0.90968381,standard,True,synthetic
V03199,1099.731432,1.10584644,standard,True,synthetic
V03200,991.610391,1.12752946,preferred,True,synthetic
V03201,893.541834,1.17573464,preferred,True,synthetic
V03202,425.026011,1.00143889,preferred,False,synthetic
V03203,535.870324,0.8391593,standard,True,synthetic
V03204,707.292511,1.36734603,standard,True,synthetic
V03205,412.410269,0.4,preferred,True,synthetic
V03206,419.040105,1.1467111,standard,True,synthetic
V03207,351.399595,0.46343556,standard,True,synthetic
V03208,470.126194,0.47424954,preferred,True,synthetic
V03209,729.026359,1.62821165,standard,True,synthetic
V03210,343.412038,0.75103538,standard,True,synthetic
V03211,1060.441807,1.17244819,standard,True,synthetic
V03212,514.791236,1.08671806,standard,True,synthetic
V03213,1555.551125,0.81357039,standard,True,synthetic
V03214,385.343585,0.77720322,preferred,True,synthetic
V03215,329.323203,0.63630133,standard,True,synthetic
V03216,792.896467,0.90875597,preferred,False,synthetic
V03217,654.806282,1.46582111,standard,True,synthetic
V03218,405.417075,0.78054829,standard,True,synthetic
V03219,1029.603779,0.49272734,commercial,True,synthetic
V03220,793.318445,2.03217031,standard,False,synthetic
V03221,819.12452,1.5636261,standard,True,synthetic
V03222,1111.54018,1.74284323,preferred,False,synthetic
V03223,580.645161,1.26037267,preferred,True,synthetic
V03224,1069.098338,1.32535487,preferred,True,synthetic
V03225,550.38973,0.87063358,preferred,False,synthetic
V03226,1526.100809,0.90141056,preferred,False,synthetic
V03227,934.306627,0.925649,standard,False,synthetic
V03228,728.151501,1.61022379,standard,True,synthetic
V03229,641.902625,0.91349855,preferred,False,synthetic
V03230,2085.433028,1.43302413,commercial,True,synthetic
V03231,982.159855,0.87452337,preferred,True,synthetic
V03232,463.08636,1.21086898,standard,True,synthetic
V03233,903.970166,1.97746021,standard,True,synthetic
V03234,1723.033412,0.90435722,commercial,True,synthetic
V03235,832.272515,1.02225435,preferred,False,synthetic
V03236,537.778735,0.60492861,preferred,True,synthetic
V03237,586.257559,1.04461936,standard,True,synthetic
V03238,1002.29315,0.63518422,preferred,True,synthetic
V03239,425.039493,0.75715574,standard,True,synthetic
V03240,575.109115,2.01931881,standard,True,synthetic
V03241,980.628991,1.24684637,commercial,True,synthetic
V03242,583.913102,1.03624313,standard,True,synthetic
V03243,667.060348,0.80096552,standard,False,synthetic
V03244,533.619126,0.87698762,preferred,True,synthetic
V03245,271.408327,0.70407232,preferred,True,synthetic
V03246,1095.497253,0.77105739,standard,False,synthetic
V03247,525.703487,2.29858786,commercial,False,synthetic
V03248,657.866646,0.81969889,commercial,False,synthetic
V03249,250.0,1.49772558,commercial,True,synthetic
V03250,3500.0,1.03839911,standard,True,synthetic
V03251,678.804893,1.01826899,preferred,False,synthetic
V03252,815.978804,1.64890534,preferred,True,synthetic
V03253,754.081175,1.21174182,standard,False,synthetic
V03254,299.23836,1.00796128,preferred,True,synthetic
V03255,437.34701,1.49639286,standard,True,synthetic
V03256,391.130939,1.17621876,standard,False,synthetic
V03257,727.486072,0.60586483,standard,True,synthetic
V03258,592.531738,1.00897878,standard,True,synthetic
V03259,705.830342,0.97133786,standard,True,synthetic
V03260,2646.874358,1.03964015,standard,True,synthetic
V03261,417.561909,0.92384642,standard,True,synthetic
V03262,909.271882,1.75230683,standard,False,synthetic
V03263,2114.446043,0.85967319,standard,True,synthetic
V03264,631.132682,1.19287245,commercial,True,synthetic
V03265,430.821239,0.59063682,standard,False,synthetic
V03266,335.832302,0.81323697,standard,False,synthetic
V03267,472.088439,0.94413219,standard,False,synthetic
V03268,1032.791113,0.60200402,preferred,True,synthetic
V03269,814.895797,1.12765792,standard,True,synthetic
V03270,660.222255,0.4,standard,True,synthetic
V03271,822.626594,0.86009345,preferred,True,synthetic
V03272,507.281103,1.00882793,commercial,True,synthetic
V03273,619.291031,1.30412138,standard,True,synthetic
V03274,1127.591237,1.09689708,standard,False,synthetic
V03275,309.558963,0.95718629,preferred,True,synthetic
V03276,575.426989,1.17562519,standard,True,synthetic
V03277,401.335472,0.4,preferred,False,synthetic
V03278,790.910843,0.56996362,standard,True,synthetic
V03279,1674.457645,1.26830372,standard,False,synthetic
V03280,250.0,0.6879375,standard,True,synthetic
V03281,523.446022,0.82770999,standard,False,synthetic
V03282,614.451211,1.49633408,preferred,True,synthetic
V03283,2291.285344,1.1381295,commercial,True,synthetic
V03284,303.662153,1.04110093,commercial,True,synthetic
V03285,2207.50029,2.51157716,preferred,False,synthetic
V03286,250.0,1.01912416,standard,False,synthetic
V03287,777.295226,0.70717385,standard,False,synthetic
V03288,631.628189,0.88167049,standard,True,synthetic
V03289,982.374966,0.56630135,standard,True,synthetic
V03290,769.327299,0.86949018,standard,True,synthetic
V03291,336.028428,0.88437754,preferred,True,synthetic
V03292,390.017118,1.06828284,standard,True,synthetic
V03293,490.245271,1.14708847,preferred,True,synthetic
V03294,1265.766008,0.45349802,standard,True,synthetic
V03295,668.702135,1.20882539,standard,True,synthetic
V03296,1008.635808,0.79838867,commercial,True,synthetic
V03297,1366.649463,1.40864828,commercial,True,synthetic
V03298,1463.101449,0.83471011,standard,False,synthetic
V03299,357.180364,1.05610789,preferred,True,synthetic
V03300,472.716367,0.55397561,standard,True,synthetic
V03301,1388.021669,0.68672103,standard,True,synthetic
V03302,2472.037137,1.02184947,standard,False,synthetic
V03303,916.92487,1.18604372,standard,False,synthetic
V03304,886.312843,1.15343928,preferred,False,synthetic
V03305,655.76055,0.76403321,preferred,True,synthetic
V03306,962.49419,1.12845037,standard,True,synthetic
V03307,1273.023135,1.82406812,standard,False,synthetic
V03308,1606.031178,2.11016674,standard,True,synthetic
V03309,520.097337,0.68720308,standard,False,synthetic
V03310,1637.717941,0.95322568,preferred,True,synthetic
V03311,658.253823,1.98315018,standard,False,synthetic
V03312,1043.430337,1.68275425,standard,False,synthetic
V03313,531.510627,0.96575236,standard,True,synthetic
V03314,375.106153,0.78057834,standard,True,synthetic
V03315,466.632156,1.27915798,standard,True,synthetic
V03316,1035.774376,2.06724246,standard,True,synthetic
V03317,779.474636,0.74633001,standard,True,synthetic
V03318,791.673176,0.92978532,preferred,True,synthetic
V03319,966.406937,1.33017259,standard,False,synthetic
V03320,250.0,1.94951137,preferred,False,synthetic
V03321,455.324858,1.30132763,standard,False,synthetic
V03322,2195.286438,1.12435373,standard,True,synthetic
V03323,982.221274,0.86592383,standard,True,synthetic
V03324,1002.026246,0.93844879,standard,True,synthetic
V03325,651.91646,0.96821444,preferred,True,synthetic
V03326,942.058213,1.73412011,preferred,False,synthetic
V03327,1646.056343,0.94762226,preferred,True,synthetic
V03328,523.915053,1.21423786,preferred,True,synthetic
V03329,1512.26332,0.78204059,preferred,True,synthetic
V03330,1200.32712,1.25215502,standard,True,synthetic
V03331,931.842492,0.9514761,standard,True,synthetic
V03332,494.703809,1.11682233,preferred,True,synthetic
V03333,1795.452025,1.47718889,standard,True,synthetic
V03334,399.640047,0.7111349,preferred,True,synthetic
V03335,407.533218,0.93689014,standard,True,synthetic
V03336,793.484944,1.14705529,preferred,True,synthetic
V03337,621.644722,0.6321194,standard,True,synthetic
V03338,766.159115,1.83125007,commercial,False,synthetic
V03339,1253.131646,0.86521777,standard,True,synthetic
V03340,1112.220246,0.95781078,standard,True,synthetic
V03341,576.522761,1.09980684,standard,True,synthetic
V03342,1461.083355,1.21907094,standard,True,synthetic
V03343,275.578708,0.80649805,standard,True,synthetic
V03344,460.504394,1.31177025,standard,True,synthetic
V03345,1331.475228,1.63705229,commercial,True,synthetic
V03346,1409.338327,1.74985063,preferred,True,synthetic
V03347,428.904382,1.83334969,standard,True,synthetic
V03348,422.354403,0.69543471,standard,True,synthetic
V03349,893.048078,1.13353282,commercial,True,synthetic
V03350,654.910231,0.66867648,standard,True,synthetic
V03351,900.451716,1.23393553,standard,True,synthetic
V03352,757.934672,1.13985894,commercial,True,synthetic
V03353,403.237002,1.75545126,standard,True,synthetic
V03354,506.958732,1.41627922,standard,False,synthetic
V03355,1054.301723,0.99097049,standard,True,synthetic
V03356,498.909207,1.17658411,commercial,False,synthetic
V03357,858.940874,0.86535087,standard,True,synthetic
V03358,936.620605,1.16530607,preferred,True,synthetic
V03359,637.850467,1.28941299,preferred,True,synthetic
V03360,747.998117,1.15676606,preferred,True,synthetic
V03361,531.962617,1.65056196,standard,True,synthetic
V03362,1106.013269,1.34296582,standard,False,synthetic
V03363,3241.174016,0.68892958,standard,False,synthetic
V03364,490.021597,1.74327197,standard,True,synthetic
V03365,1039.15233,1.42399564,preferred,True,synthetic
V03366,512.1971,1.41126142,preferred,True,synthetic
V03367,785.600697,0.61526552,preferred,True,synthetic
V03368,683.224722,1.39039936,standard,True,synthetic
V03369,510.535212,0.81216894,standard,True,synthetic
V03370,321.906154,1.31620385,standard,True,synthetic
V03371,532.806678,1.34708692,preferred,True,synthetic
V03372,501.660529,0.74601728,standard,True,synthetic
V03373,746.306549,1.11502971,preferred,False,synthetic
V03374,924.564994,0.81332062,standard,False,synthetic
V03375,1471.656001,0.77230446,preferred,True,synthetic
V03376,844.726257,1.29850636,standard,False,synthetic
V03377,250.0,0.83151525,standard,True,synthetic
V03378,641.470391,1.1417969,standard,False,synthetic
V03379,1710.304501,1.66771425,commercial,True,synthetic
V03380,441.856639,1.53158583,standard,False,synthetic
V03381,1467.049493,0.81242854,commercial,True,synthetic
V03382,585.928346,0.96270692,standard,False,synthetic
V03383,1151.447612,0.68083694,standard,False,synthetic
V03384,629.68985,1.48109422,standard,True,synthetic
V03385,250.0,0.70155198,standard,True,synthetic
V03386,1134.362543,0.47251834,preferred,True,synthetic
V03387,797.345617,1.16888049,standard,True,synthetic
V03388,1048.001108,0.81871002,standard,True,synthetic
V03389,1008.203969,1.95491835,standard,True,synthetic
V03390,594.92072,1.06670002,standard,True,synthetic
V03391,942.23425,0.98891215,standard,False,synthetic
V03392,394.924622,1.57125838,commercial,False,synthetic
V03393,663.23168,1.00046237,standard,True,synthetic
V03394,1093.839497,0.98204035,standard,False,synthetic
V03395,542.600602,0.95391075,standard,True,synthetic
V03396,1440.512864,0.59974128,standard,True,synthetic
V03397,807.06511,1.30593985,standard,True,synthetic
V03398,1091.923231,0.91057911,commercial,True,synthetic
V03399,841.488547,1.53973805,standard,True,synthetic
V03400,941.811446,0.74888997,standard,True,synthetic
V03401,534.701055,0.89880886,preferred,False,synthetic
V03402,690.814257,0.86198134,standard,False,synthetic
V03403,250.0,1.06449235,standard,True,synthetic
V03404,382.832185,1.81757984,preferred,True,synthetic
V03405,858.262883,1.44683567,standard,True,synthetic
V03406,1707.314013,0.85244789,standard,True,synthetic
V03407,340.125338,0.83075626,preferred,True,synthetic
V03408,2939.369477,0.85485174,standard,True,synthetic
V03409,511.364716,2.11042963,preferred,True,synthetic
V03410,913.230094,1.33102795,standard,False,synthetic
V03411,469.824205,0.6050885,commercial,True,synthetic
V03412,1185.822637,0.81616032,preferred,False,synthetic
V03413,878.265391,1.28933546,standard,True,synthetic
V03414,821.020281,1.09056529,standard,True,synthetic
V03415,777.744556,0.89368007,preferred,True,synthetic
V03416,592.366164,0.67245476,commercial,False,synthetic
V03417,715.732484,0.75788436,standard,True,synthetic
V03418,1530.89575,0.67760036,standard,True,synthetic
V03419,624.504837,1.47447909,standard,True,synthetic
V03420,696.88591,0.7988716,standard,True,synthetic
V03421,1418.900616,1.27765647,standard,True,synthetic
V03422,483.846821,1.45963316,standard,True,synthetic
V03423,957.939871,0.79948298,standard,False,synthetic
V03424,915.166858,0.42588875,standard,True,synthetic
V03425,945.526862,1.02390649,standard,True,synthetic
V03426,1607.680149,1.31922143,standard,False,synthetic
V03427,734.798331,0.82890734,standard,False,synthetic
V03428,1352.25123,0.99295778,standard,False,synthetic
V03429,1756.337804,0.78317489,preferred,True,synthetic
V03430,290.704217,1.44864821,standard,True,synthetic
V03431,286.14092,0.65169572,standard,True,synthetic
V03432,741.026532,0.56053055,standard,False,synthetic
V03433,990.788552,0.40147232,standard,True,synthetic
V03434,392.851016,0.95800481,standard,False,synthetic
V03435,504.452445,0.87559046,standard,True,synthetic
V03436,504.869914,0.6332207,standard,True,synthetic
V03437,550.112027,0.99668067,preferred,True,synthetic
V03438,1268.146534,0.9335356,standard,True,synthetic
V03439,828.101195,1.17073389,standard,False,synthetic
V03440,1195.620228,1.56877778,standard,True,synthetic
V03441,1044.475147,1.97808688,preferred,True,synthetic
V03442,1597.405216,1.66271837,standard,True,synthetic
V03443,1055.641278,1.16461363,commercial,False,synthetic
V03444,720.442805,2.03562993,standard,False,synthetic
V03445,600.224597,0.89392504,standard,True,synthetic
V03446,415.10709,1.09537927,commercial,True,synthetic
V03447,534.80804,1.19268039,standard,False,synthetic
V03448,820.280095,0.88518549,standard,True,synthetic
V03449,3138.129948,0.81137597,standard,True,synthetic
V03450,1107.603319,1.42154586,preferred,True,synthetic
V03451,868.36819,0.6811426,commercial,False,synthetic
V03452,968.940443,0.68421029,standard,False,synthetic
V03453,838.826637,1.17590803,preferred,True,synthetic
V03454,393.75948,0.75793251,standard,True,synthetic
V03455,258.969004,1.21496938,preferred,True,synthetic
V03456,939.076696,0.84924132,preferred,True,synthetic
V03457,1830.669737,1.68512631,standard,True,synthetic
V03458,1041.215255,0.83338998,standard,True,synthetic
V03459,815.891835,1.10122764,preferred,True,synthetic
V03460,603.009237,1.15604511,standard,True,synthetic
V03461,562.697086,1.05607167,standard,True,synthetic
V03462,1002.405128,1.40606381,standard,False,synthetic
V03463,782.751024,0.98563274,preferred,True,synthetic
V03464,416.467903,1.10022275,standard,False,synthetic
V03465,263.44895,1.57417748,commercial,True,synthetic
V03466,250.0,0.71183387,commercial,False,synthetic
V03467,838.065436,0.69736051,preferred,True,synthetic
V03468,1349.216865,1.05333693,preferred,False,synthetic
V03469,718.312216,0.83988658,preferred,True,synthetic
V03470,638.651285,0.96880364,commercial,True,synthetic
V03471,474.696037,1.0086906,standard,True,synthetic
V03472,1741.532871,0.73929737,standard,True,synthetic
V03473,558.116878,1.10839447,standard,True,synthetic
V03474,510.624056,1.10873246,standard,True,synthetic
V03475,1401.503304,1.64932373,standard,True,synthetic
V03476,480.344799,1.09326447,preferred,True,synthetic
V03477,517.275892,0.61672852,preferred,True,synthetic
V03478,986.396561,1.07117527,standard,True,synthetic
V03479,403.11089,1.33360754,commercial,True,synthetic
V03480,274.61153,0.74121827,standard,True,synthetic
V03481,267.643291,1.16785211,preferred,True,synthetic
V03482,735.050746,1.26444726,preferred,True,synthetic
V03483,861.375976,0.98677046,standard,True,synthetic
V03484,1422.990751,0.79875362,standard,False,synthetic
V03485,616.110988,1.73801751,standard,True,synthetic
V03486,570.946157,1.6986918,preferred,True,synthetic
V03487,250.0,0.59116104,standard,True,synthetic
V03488,1341.425343,0.5770843,commercial,True,synthetic
V03489,1324.359231,1.33043817,standard,False,synthetic
V03490,850.656613,1.20612431,preferred,True,synthetic
V03491,1579.685922,0.93391282,preferred,True,synthetic
V03492,1363.679623,1.22303262,standard,False,synthetic
V03493,761.871279,0.56946002,commercial,True,synthetic
V03494,985.002381,0.43435085,standard,False,synthetic
V03495,450.134286,1.02341775,standard,False,synthetic
V03496,1078.277313,0.72061241,standard,True,synthetic
V03497,888.502927,0.94834004,standard,True,synthetic
V03498,1082.489747,1.730378,standard,False,synthetic
V03499,704.872506,1.59587135,preferred,True,synthetic
V03500,563.437582,0.57507833,standard,True,synthetic
V03501,352.876192,1.62078922,standard,False,synthetic
V03502,722.080344,1.14131446,standard,True,synthetic
V03503,858.375694,0.78775756,standard,True,synthetic
V03504,924.603067,0.84924583,standard,True,synthetic
V03505,744.210265,0.73864247,standard,True,synthetic
V03506,689.673984,0.89954149,standard,True,synthetic
V03507,692.825061,1.18340424,preferred,True,synthetic
V03508,1470.576295,1.26341252,standard,False,synthetic
V03509,2218.261298,1.13960611,standard,True,synthetic
V03510,503.259615,0.96958303,standard,True,synthetic
V03511,1140.033531,1.12380396,preferred,True,synthetic
V03512,1783.162392,1.73504099,preferred,True,synthetic
V03513,595.072509,0.75763439,preferred,True,synthetic
V03514,388.090397,0.8371106,commercial,True,synthetic
V03515,338.855747,1.27479489,commercial,False,synthetic
V03516,2211.740742,0.6387938,standard,False,synthetic
V03517,2702.535175,0.66200746,preferred,True,synthetic
V03518,471.815801,0.82798991,standard,True,synthetic
V03519,849.274441,0.83008821,standard,True,synthetic
V03520,807.676777,1.19088436,standard,True,synthetic
V03521,2271.537152,0.76976279,preferred,False,synthetic
V03522,258.664079,1.4555576,standard,True,synthetic
V03523,998.570571,1.30970732,commercial,True,synthetic
V03524,1442.391502,0.91448624,standard,True,synthetic
V03525,341.700685,1.58006346,standard,True,synthetic
V03526,675.144421,0.92038074,standard,False,synthetic
V03527,601.106394,1.076293,standard,True,synthetic
V03528,880.734124,1.12125487,standard,True,synthetic
V03529,725.197108,0.71054424,commercial,False,synthetic
V03530,375.415838,1.57625884,preferred,True,synthetic
V03531,1343.018708,0.89966767,preferred,True,synthetic
V03532,544.365575,0.63915236,standard,False,synthetic
V03533,1780.134793,0.99537749,standard,True,synthetic
V03534,602.861892,0.74154856,standard,False,synthetic
V03535,579.73627,1.03844,standard,False,synthetic
V03536,867.615635,0.76604518,standard,False,synthetic
V03537,812.786073,0.58424296,standard,False,synthetic
V03538,1412.162724,1.38632841,preferred,True,synthetic
V03539,435.002678,0.84542329,preferred,True,synthetic
V03540,2100.863584,0.65301244,preferred,True,synthetic
V03541,545.684462,0.9700244,standard,True,synthetic
V03542,1077.007879,1.155742,preferred,False,synthetic
V03543,2602.063818,0.97824124,preferred,True,synthetic
V03544,736.221547,0.84455607,standard,False,synthetic
V03545,879.445826,1.79986161,standard,True,synthetic
V03546,954.869766,0.74757514,standard,True,synthetic
V03547,622.974333,1.01450498,standard,False,synthetic
V03548,476.683683,1.19846027,standard,True,synthetic
V03549,695.599868,0.86026429,standard,True,synthetic
V03550,509.091875,1.37982709,preferred,False,synthetic
V03551,630.331141,1.15397952,standard,False,synthetic
V03552,428.940309,0.87509083,commercial,True,synthetic
V03553,722.650343,1.27531748,standard,True,synthetic
V03554,1315.924252,1.29873799,commercial,True,synthetic
V03555,497.066536,0.78265058,standard,True,synthetic
V03556,1090.042849,0.99588682,standard,True,synthetic
V03557,656.159091,1.62424162,standard,False,synthetic
V03558,441.315506,1.42735107,preferred,False,synthetic
V03559,645.510291,0.94889412,standard,True,synthetic
V03560,265.140631,1.04786491,standard,True,synthetic
V03561,617.768486,1.37659114,preferred,False,synthetic
V03562,558.217863,1.05980896,preferred,True,synthetic
V03563,289.613294,0.6481662,standard,True,synthetic
V03564,572.989035,1.72383292,commercial,True,synthetic
V03565,466.044443,0.55240842,standard,False,synthetic
V03566,978.270639,1.0025515,commercial,False,synthetic
V03567,1006.260199,1.33942304,standard,False,synthetic
V03568,537.272576,1.46868448,standard,True,synthetic
V03569,337.597275,1.1372451,standard,True,synthetic
V03570,1280.56043,0.62646599,standard,False,synthetic
V03571,720.377691,1.0804746,standard,True,synthetic
V03572,2006.067901,1.33014805,standard,True,synthetic
V03573,576.744471,1.45988278,preferred,True,synthetic
V03574,385.998505,0.75061727,preferred,False,synthetic
V03575,1061.66381,1.14048086,standard,False,synthetic
V03576,572.355572,1.03959537,standard,True,synthetic
V03577,2486.191537,1.32324025,standard,True,synthetic
V03578,1630.836839,1.28112233,standard,True,synthetic
V03579,1084.034231,1.17431165,commercial,True,synthetic
V03580,360.822749,1.13829349,commercial,False,synthetic
V03581,560.189008,1.31862781,standard,True,synthetic
V03582,817.437493,0.47143133,commercial,False,synthetic
V03583,305.197922,1.44190409,standard,True,synthetic
V03584,817.040709,0.69399883,standard,True,synthetic
V03585,428.538574,0.6486656,standard,True,synthetic
V03586,1208.500858,0.6741438,standard,True,synthetic
V03587,624.330715,1.50963184,preferred,True,synthetic
V03588,632.016187,1.34834743,standard,True,synthetic
V03589,286.265768,0.72697606,standard,True,synthetic
V03590,707.176389,1.18319835,standard,True,synthetic
V03591,1532.186376,2.34323445,commercial,False,synthetic
V03592,607.274135,0.90945629,standard,False,synthetic
V03593,1032.410718,0.9801441,preferred,True,synthetic
V03594,574.659982,1.68746913,commercial,True,synthetic
V03595,612.484153,0.8829567,standard,True,synthetic
V03596,522.059168,0.79423789,standard,True,synthetic
V03597,547.68202,0.97382683,preferred,True,synthetic
V03598,781.711038,1.3880746,standard,True,synthetic
V03599,348.522468,0.71897113,standard,True,synthetic
V03600,906.114144,1.16591081,preferred,True,synthetic
V03601,320.100329,0.80318787,standard,True,synthetic
V03602,250.0,0.87512302,standard,False,synthetic
V03603,474.721877,0.82306219,standard,True,synthetic
V03604,854.264527,1.19896433,commercial,True,synthetic
V03605,1355.408122,1.42751906,standard,True,synthetic
V03606,690.821354,1.41583025,standard,True,synthetic
V03607,656.178366,0.87641314,standard,False,synthetic
V03608,298.893916,1.03651837,preferred,False,synthetic
V03609,2028.904898,0.99821819,standard,True,synthetic
V03610,346.874,1.38176314,standard,True,synthetic
V03611,580.782295,0.81620959,standard,False,synthetic
V03612,794.287394,1.01464363,standard,True,synthetic
V03613,898.302808,1.04189551,standard,True,synthetic
V03614,286.853883,2.11156855,standard,True,synthetic
V03615,828.1186,1.43102196,standard,True,synthetic
V03616,250.0,0.91344269,standard,True,synthetic
V03617,801.465478,1.28667129,commercial,True,synthetic
V03618,356.533179,1.41093994,standard,True,synthetic
V03619,521.650634,0.6597611,commercial,True,synthetic
V03620,491.368419,1.95520712,standard,False,synthetic
V03621,656.775457,0.60796254,preferred,False,synthetic
V03622,1133.886839,1.00655132,standard,True,synthetic
V03623,536.239891,1.19359991,preferred,True,synthetic
V03624,673.914016,1.55475303,standard,False,synthetic
V03625,434.528068,1.30701139,commercial,True,synthetic
V03626,256.524625,0.62173406,commercial,True,synthetic
V03627,461.498316,0.85493079,standard,False,synthetic
V03628,1010.21242,1.00725824,standard,True,synthetic
V03629,1730.266876,0.55328687,preferred,True,synthetic
V03630,513.093918,0.87831377,standard,True,synthetic
V03631,636.858665,1.16404757,standard,False,synthetic
V03632,536.432227,0.95210255,preferred,True,synthetic
V03633,328.543187,1.01206482,standard,True,synthetic
V03634,807.340459,1.11255344,preferred,True,synthetic
V03635,453.812308,1.15142821,commercial,False,synthetic
V03636,527.901184,0.98489263,preferred,False,synthetic
V03637,664.248642,1.46348401,standard,False,synthetic
V03638,1327.379152,0.71563131,standard,True,synthetic
V03639,609.110158,0.8254683,standard,False,synthetic
V03640,1249.14152,1.28047724,standard,False,synthetic
V03641,250.0,0.93278648,commercial,True,synthetic
V03642,721.786974,0.5881479,standard,True,synthetic
V03643,548.038259,0.93923797,standard,True,synthetic
V03644,320.421972,0.93422092,standard,False,synthetic
V03645,1726.272549,0.53249595,standard,True,synthetic
V03646,1056.926292,0.84541928,preferred,True,synthetic
V03647,682.673466,1.34700147,standard,False,synthetic
V03648,479.62944,0.85333852,standard,True,synthetic
V03649,357.540198,0.900462,preferred,False,synthetic
V03650,1586.172944,1.07652806,standard,True,synthetic
V03651,1047.026889,0.56561254,commercial,True,synthetic
V03652,366.837802,1.13015019,standard,True,synthetic
V03653,410.897826,1.08692581,standard,True,synthetic
V03654,775.925168,1.21990371,standard,True,synthetic
V03655,1075.159217,0.59143239,commercial,False,synthetic
V03656,719.239515,1.50974978,standard,True,synthetic
V03657,611.653659,1.11864655,standard,False,synthetic
V03658,250.0,1.1507853,standard,True,synthetic
V03659,504.720953,0.96586347,standard,True,synthetic
V03660,564.432203,0.72314875,preferred,True,synthetic
V03661,1031.069098,1.10938939,commercial,True,synthetic
V03662,940.529719,0.81691658,standard,True,synthetic
V03663,1060.355709,0.69184704,preferred,True,synthetic
V03664,482.64434,0.70465616,preferred,True,synthetic
V03665,420.164268,1.20053456,commercial,True,synthetic
V03666,985.424061,0.73159916,standard,True,synthetic
V03667,1899.739927,0.99775345,preferred,True,synthetic
V03668,1071.73728,1.46183993,preferred,True,synthetic
V03669,854.826257,1.17559899,standard,True,synthetic
V03670,862.5773,0.7736796,preferred,True,synthetic
V03671,1173.470988,0.76897026,preferred,False,synthetic
V03672,575.451803,1.30905468,standard,True,synthetic
V03673,1120.280405,0.77953799,preferred,False,synthetic
V03674,804.322555,1.74806424,standard,True,synthetic
V03675,398.634418,1.18449329,standard,True,synthetic
V03676,529.32387,1.61376834,standard,False,synthetic
V03677,725.246372,0.64296198,standard,True,synthetic
V03678,434.540283,0.95030499,preferred,False,synthetic
V03679,1798.337429,0.9574229,commercial,False,synthetic
V03680,755.485518,1.26232989,preferred,True,synthetic
V03681,1276.698284,0.90855276,preferred,True,synthetic
V03682,674.433726,1.03154089,standard,True,synthetic
V03683,1961.595604,0.93808744,standard,False,synthetic
V03684,617.18691,1.00457166,standard,True,synthetic
V03685,634.878934,0.88380507,standard,True,synthetic
V03686,416.602054,0.55196855,standard,True,synthetic
V03687,1163.364793,2.30950869,commercial,False,synthetic
V03688,922.782599,1.2795563,commercial,True,synthetic
V03689,1227.891258,1.06351664,preferred,True,synthetic
V03690,1159.878831,1.02611959,standard,False,synthetic
V03691,1103.002576,0.76883636,standard,False,synthetic
V03692,1041.669001,0.67253334,standard,True,synthetic
V03693,1079.377705,1.02949856,standard,True,synthetic
V03694,670.783833,1.40100496,standard,False,synthetic
V03695,1467.046934,0.98031342,preferred,True,synthetic
V03696,563.715067,0.63472442,commercial,True,synthetic
V03697,647.55504,0.98366352,standard,True,synthetic
V03698,1268.474096,0.51194739,standard,True,synthetic
V03699,466.00374,0.67296802,standard,True,synthetic
V03700,655.929439,1.38559877,preferred,False,synthetic
V03701,632.473958,1.27610386,standard,False,synthetic
V03702,696.133567,0.83648717,standard,True,synthetic
V03703,685.711053,0.53266897,commercial,True,synthetic
V03704,645.073511,1.02339868,standard,True,synthetic
V03705,1123.519867,0.6379294,standard,True,synthetic
V03706,404.297366,0.86338483,preferred,True,synthetic
V03707,910.896464,1.02093098,standard,True,synthetic
V03708,369.828929,0.77033936,standard,True,synthetic
V03709,362.684195,0.75075321,standard,True,synthetic
V03710,252.170192,0.86099155,standard,True,synthetic
V03711,403.341519,0.84557672,commercial,False,synthetic
V03712,302.227353,1.14715162,preferred,True,synthetic
V03713,681.178324,0.49559529,standard,True,synthetic
V03714,711.503953,0.47023844,standard,True,synthetic
V03715,250.0,1.16820824,preferred,True,synthetic
V03716,630.345698,0.80592891,standard,True,synthetic
V03717,269.339127,0.64716881,standard,True,synthetic
V03718,835.321545,0.83914933,standard,False,synthetic
V03719,250.0,0.80271178,standard,False,synthetic
V03720,505.004278,1.08760773,commercial,False,synthetic
V03721,1195.577851,1.23419191,commercial,True,synthetic
V03722,728.590642,0.93896822,preferred,False,synthetic
V03723,1059.713696,1.06825338,standard,True,synthetic
V03724,1829.093471,0.85983888,standard,False,synthetic
V03725,376.819754,1.19707878,commercial,False,synthetic
V03726,1970.300164,1.31466658,standard,False,synthetic
V03727,375.580756,1.17840367,preferred,True,synthetic
V03728,819.943968,1.04398943,standard,True,synthetic
V03729,742.402978,0.89012138,standard,True,synthetic
V03730,725.222948,0.85907563,standard,False,synthetic
V03731,734.165358,0.82610092,standard,False,synthetic
V03732,844.949294,1.2033083,standard,False,synthetic
V03733,1086.313247,0.74610034,standard,True,synthetic
V03734,502.817922,0.75133893,standard,True,synthetic
V03735,680.758687,0.87122389,standard,False,synthetic
V03736,937.648106,0.91514292,preferred,True,synthetic
V03737,1677.890756,0.75821057,preferred,True,synthetic
V03738,608.319601,0.75856545,standard,True,synthetic
V03739,1061.65079,1.09595729,standard,False,synthetic
V03740,1361.349913,1.26645096,standard,False,synthetic
V03741,690.828853,1.24806021,standard,True,synthetic
V03742,474.569932,1.38848449,preferred,False,synthetic
V03743,404.493159,0.85729803,standard,True,synthetic
V03744,796.610537,1.12707051,standard,False,synthetic
V03745,957.744475,0.99110215,standard,True,synthetic
V03746,1128.994142,0.98857856,standard,True,synthetic
V03747,381.797401,0.92610267,commercial,True,synthetic
V03748,1199.584404,0.99435683,standard,True,synthetic
V03749,406.4937,0.57768022,standard,True,synthetic
V03750,483.030126,1.01662487,preferred,True,synthetic
V03751,510.659957,1.52552356,standard,False,synthetic
V03752,788.68018,0.45406964,standard,True,synthetic
V03753,256.561354,0.80452222,preferred,False,synthetic
V03754,250.0,0.67117706,standard,True,synthetic
V03755,874.412588,0.78001959,commercial,True,synthetic
V03756,1383.172483,1.32425061,preferred,True,synthetic
V03757,838.576347,0.93952312,standard,False,synthetic
V03758,683.310952,1.2608302,commercial,True,synthetic
V03759,1696.379757,0.8957192,standard,True,synthetic
V03760,492.625433,1.21646416,standard,False,synthetic
V03761,1161.466749,0.79862905,standard,True,synthetic
V03762,513.482629,0.82783661,preferred,True,synthetic
V03763,1546.66172,1.34098178,commercial,True,synthetic
V03764,553.798291,0.45482138,preferred,False,synthetic
V03765,1755.695293,1.79975495,standard,True,synthetic
V03766,2202.595573,2.18685627,standard,True,synthetic
V03767,277.189785,0.70103169,standard,True,synthetic
V03768,814.20606,1.34636689,preferred,True,synthetic
V03769,645.625007,1.22611772,standard,True,synthetic
V03770,432.438773,1.00553658,preferred,False,synthetic
V03771,577.276816,1.06447585,preferred,True,synthetic
V03772,503.265926,0.86536685,standard,True,synthetic
V03773,847.337449,1.63710193,preferred,False,synthetic
V03774,618.472597,1.03680126,preferred,True,synthetic
V03775,833.772815,0.93968099,standard,True,synthetic
V03776,335.942738,0.92165186,preferred,True,synthetic
V03777,1433.533221,0.78862088,preferred,True,synthetic
V03778,611.340271,1.43469435,standard,True,synthetic
V03779,543.703377,1.55662116,standard,True,synthetic
V03780,637.629262,0.46509491,standard,False,synthetic
V03781,775.825108,0.97036276,standard,True,synthetic
V03782,569.2384,1.25415434,preferred,True,synthetic
V03783,567.936302,0.54595099,preferred,True,synthetic
V03784,816.404349,1.62309273,preferred,False,synthetic
V03785,455.492714,1.06292216,standard,False,synthetic
V03786,926.379981,1.13450111,commercial,False,synthetic
V03787,808.75989,0.74972811,standard,True,synthetic
V03788,491.902426,3.2,standard,True,synthetic
V03789,668.662734,0.69310028,standard,True,synthetic
V03790,1060.417733,1.00878839,standard,True,synthetic
V03791,854.423232,1.86488014,preferred,True,synthetic
V03792,532.139375,1.58549546,standard,False,synthetic
V03793,396.051343,0.82771715,standard,False,synthetic
V03794,370.633644,1.71853107,preferred,True,synthetic
V03795,721.119572,0.82872903,commercial,True,synthetic
V03796,899.639661,0.89546543,commercial,True,synthetic
V03797,1100.297932,1.20705537,standard,True,synthetic
V03798,3452.638058,1.02436839,standard,True,synthetic
V03799,1038.905716,1.58526951,preferred,True,synthetic
V03800,1289.752907,0.90898559,preferred,True,synthetic
V03801,439.2836,0.86310814,preferred,True,synthetic
V03802,319.701198,1.02612769,commercial,True,synthetic
V03803,642.297951,1.56196795,commercial,True,synthetic
V03804,629.606419,0.72085448,standard,True,synthetic
V03805,268.009628,0.69475087,preferred,True,synthetic
V03806,1591.108068,0.85765885,commercial,True,synthetic
V03807,1284.738905,1.47696663,commercial,True,synthetic
V03808,619.112217,1.84564622,standard,True,synthetic
V03809,503.375677,1.09874508,commercial,True,synthetic
V03810,675.066777,0.89576959,standard,False,synthetic
V03811,1211.613309,1.65005759,standard,False,synthetic
V03812,721.952802,1.14911065,preferred,True,synthetic
V03813,2008.273357,0.89977678,standard,True,synthetic
V03814,1020.942753,0.47848168,preferred,True,synthetic
V03815,634.635734,0.66542484,standard,True,synthetic
V03816,305.10987,1.254779,standard,True,synthetic
V03817,900.031497,0.46977227,preferred,True,synthetic
V03818,666.427631,0.63632001,standard,False,synthetic
V03819,250.0,0.99583775,preferred,True,synthetic
V03820,462.675342,1.17145253,standard,True,synthetic
V03821,632.058593,1.00000994,standard,True,synthetic
V03822,1379.008447,1.86293596,preferred,False,synthetic
V03823,790.984135,1.1084812,standard,True,synthetic
V03824,1461.913781,0.75777629,preferred,False,synthetic
V03825,250.0,0.71519469,standard,True,synthetic
V03826,1217.036519,0.9570696,standard,True,synthetic
V03827,630.370148,1.41174532,standard,True,synthetic
V03828,279.400308,0.73325597,preferred,False,synthetic
V03829,752.917539,0.81846886,standard,False,synthetic
V03830,277.207482,0.72715789,standard,True,synthetic
V03831,1106.645899,0.7394118,standard,False,synthetic
V03832,259.779915,0.68605422,standard,False,synthetic
V03833,1800.62632,0.9580799,preferred,True,synthetic
V03834,539.05827,0.63795372,standard,False,synthetic
V03835,748.643341,1.17234224,preferred,True,synthetic
V03836,496.307353,0.89142193,commercial,False,synthetic
V03837,501.461896,0.75668225,standard,False,synthetic
V03838,1027.69105,0.79626539,standard,True,synthetic
V03839,940.89771,0.80478437,standard,True,synthetic
V03840,970.215458,0.66763496,standard,True,synthetic
V03841,1181.56385,1.07920567,standard,False,synthetic
V03842,810.919268,0.82725568,standard,False,synthetic
V03843,804.24372,0.85084352,standard,True,synthetic
V03844,505.135799,0.86248959,standard,True,synthetic
V03845,529.200661,0.59179587,standard,True,synthetic
V03846,806.754825,0.83973619,standard,True,synthetic
V03847,1265.110331,0.67119834,standard,False,synthetic
V03848,1352.080632,1.02236326,standard,True,synthetic
V03849,674.022441,1.19526621,preferred,True,synthetic
V03850,1335.332753,0.70521034,standard,True,synthetic
V03851,806.811351,1.40693188,commercial,True,synthetic
V03852,372.970784,0.66356394,standard,True,synthetic
V03853,1110.937377,0.75085582,preferred,True,synthetic
V03854,409.174577,1.01409834,preferred,False,synthetic
V03855,370.404697,1.04766054,standard,True,synthetic
V03856,1098.127061,1.38988232,preferred,True,synthetic
V03857,429.556561,1.25108618,standard,True,synthetic
V03858,625.57424,1.1941705,commercial,True,synthetic
V03859,729.365062,0.80050712,standard,True,synthetic
V03860,708.980035,1.9257629,standard,True,synthetic
V03861,958.465227,0.66448061,standard,False,synthetic
V03862,1649.249059,0.46540483,standard,True,synthetic
V03863,343.937474,0.84496091,standard,True,synthetic
V03864,1090.771226,1.01995204,standard,True,synthetic
V03865,520.370323,0.67955691,preferred,True,synthetic
V03866,629.621506,0.43875828,preferred,False,synthetic
V03867,1062.260293,1.36367028,standard,False,synthetic
V03868,664.64534,1.44165487,standard,True,synthetic
V03869,1008.360496,1.29199695,standard,True,synthetic
V03870,939.611305,0.81169612,standard,False,synthetic
V03871,757.573049,0.79194214,standard,True,synthetic
V03872,360.699201,0.98607176,standard,True,synthetic
V03873,704.681743,1.23779965,commercial,False,synthetic
V03874,2157.262991,1.24839051,standard,False,synthetic
V03875,1086.390132,0.93539708,standard,True,synthetic
V03876,763.573119,1.19922872,commercial,True,synthetic
V03877,586.145147,1.03748222,commercial,True,synthetic
V03878,719.984436,1.06518012,commercial,True,synthetic
V03879,592.182946,0.93132616,commercial,True,synthetic
V03880,255.193617,0.71862742,preferred,True,synthetic
V03881,842.148362,0.85888759,standard,True,synthetic
V03882,422.460931,0.97315631,preferred,True,synthetic
V03883,394.340172,0.76230966,preferred,False,synthetic
V03884,793.54113,0.54724231,standard,True,synthetic
V03885,937.079148,1.61892555,commercial,True,synthetic
V03886,301.743703,0.62278876,preferred,False,synthetic
V03887,986.543714,1.14005377,preferred,True,synthetic
V03888,819.992666,1.06673122,preferred,True,synthetic
V03889,532.316376,1.1073615,standard,True,synthetic
V03890,853.901231,1.50666398,commercial,True,synthetic
V03891,792.129046,0.75214794,standard,True,synthetic
V03892,1208.086869,2.34215583,standard,False,synthetic
V03893,1492.645426,1.43439524,standard,True,synthetic
V03894,1783.744775,0.68268873,commercial,True,synthetic
V03895,447.741107,0.85427131,standard,True,synthetic
V03896,1922.005846,0.82298074,standard,True,synthetic
V03897,508.940114,0.9387171,standard,True,synthetic
V03898,714.887208,0.90715199,commercial,True,synthetic
V03899,871.208476,0.88350117,standard,False,synthetic
V03900,698.093626,0.85664631,preferred,True,synthetic
V03901,2655.678303,0.75772486,standard,False,synthetic
V03902,855.02499,0.64666395,preferred,True,synthetic
V03903,250.0,0.81042329,standard,False,synthetic
V03904,760.014692,0.62396859,standard,True,synthetic
V03905,987.561108,1.56889187,standard,False,synthetic
V03906,420.89246,1.41748367,preferred,True,synthetic
V03907,909.950017,0.72260545,standard,True,synthetic
V03908,1018.823769,1.30620156,standard,True,synthetic
V03909,748.979187,1.32459676,standard,False,synthetic
V03910,889.518993,1.10762967,standard,True,synthetic
V03911,547.893806,1.54176227,commercial,False,synthetic
V03912,1541.484533,0.60500439,preferred,True,synthetic
V03913,487.77768,1.00519994,standard,True,synthetic
V03914,290.807782,1.33629603,standard,True,synthetic
V03915,648.24809,0.82289922,standard,True,synthetic
V03916,438.256338,1.3295627,standard,True,synthetic
V03917,614.285043,1.23875769,standard,True,synthetic
V03918,756.333814,0.812621,standard,False,synthetic
V03919,373.442753,0.80705872,commercial,False,synthetic
V03920,1310.619493,1.11246803,standard,True,synthetic
V03921,473.023666,0.5381954,standard,False,synthetic
V03922,388.393144,0.63659703,standard,False,synthetic
V03923,867.598777,1.08092191,preferred,False,synthetic
V03924,1967.994603,0.84231819,standard,True,synthetic
V03925,1168.392539,0.94012175,standard,False,synthetic
V03926,1134.344756,1.56382473,standard,True,synthetic
V03927,430.320282,0.69529458,preferred,True,synthetic
V03928,596.568487,0.4811585,preferred,True,synthetic
V03929,425.281329,1.24288187,standard,False,synthetic
V03930,265.368022,1.44319355,standard,True,synthetic
V03931,1193.462502,0.4,standard,True,synthetic
V03932,700.269385,0.947104,standard,True,synthetic
V03933,876.781836,0.89959464,standard,False,synthetic
V03934,466.362275,1.33905121,standard,True,synthetic
V03935,762.212043,1.02886262,standard,True,synthetic
V03936,348.852474,0.66948171,standard,True,synthetic
V03937,744.188277,0.69099133,commercial,False,synthetic
V03938,695.535945,1.0293577,preferred,True,synthetic
V03939,1277.542995,0.72718638,standard,True,synthetic
V03940,594.22261,0.84795781,standard,True,synthetic
V03941,1304.593176,0.85316709,standard,True,synthetic
V03942,471.317218,0.99600713,standard,True,synthetic
V03943,849.711017,1.17395525,commercial,True,synthetic
V03944,994.642438,1.21104099,preferred,True,synthetic
V03945,497.289252,1.16672666,standard,True,synthetic
V03946,961.849447,2.19134997,standard,True,synthetic
V03947,311.260444,0.81343692,preferred,False,synthetic
V03948,1416.309167,0.87849017,preferred,True,synthetic
V03949,334.796518,2.210412,preferred,True,synthetic
V03950,959.68498,0.67601155,standard,False,synthetic
V03951,599.635195,0.8991366,preferred,True,synthetic
V03952,973.982981,1.19057387,preferred,True,synthetic
V03953,1583.654945,0.73196897,preferred,False,synthetic
V03954,517.80655,1.07654884,preferred,True,synthetic
V03955,353.351,0.60546392,commercial,False,synthetic
V03956,807.72622,0.4,standard,True,synthetic
V03957,1298.746947,0.9718234,preferred,True,synthetic
V03958,670.218899,1.03766544,standard,True,synthetic
V03959,1056.882195,0.86243132,standard,True,synthetic
V03960,1095.040641,1.773676,standard,True,synthetic
V03961,485.329406,1.03797797,standard,False,synthetic
V03962,471.539552,0.93060893,standard,False,synthetic
V03963,340.981849,1.37173853,standard,True,synthetic
V03964,627.476627,0.68851534,commercial,True,synthetic
V03965,933.410168,0.74827671,preferred,True,synthetic
V03966,596.131852,1.7060611,standard,True,synthetic
V03967,364.843196,0.92814336,standard,True,synthetic
V03968,1663.571057,0.8479823,preferred,True,synthetic
V03969,498.609566,1.21887605,standard,True,synthetic
V03970,795.192081,1.0711103,standard,True,synthetic
V03971,522.257904,0.70025946,preferred,True,synthetic
V03972,592.607081,0.81624906,preferred,True,synthetic
V03973,404.287768,0.92865278,standard,False,synthetic
V03974,1729.242453,1.03621208,standard,True,synthetic
V03975,1076.106305,1.87819105,standard,False,synthetic
V03976,1371.652213,2.42299675,preferred,True,synthetic
V03977,1072.52381,0.69887794,standard,True,synthetic
V03978,608.232117,1.01087808,standard,True,synthetic
V03979,1489.351834,1.50856835,standard,False,synthetic
V03980,405.187108,1.61660815,standard,False,synthetic
V03981,250.0,0.67875338,standard,True,synthetic
V03982,294.951673,1.12288981,preferred,True,synthetic
V03983,1644.162791,0.69599482,standard,True,synthetic
V03984,350.974606,1.69969087,standard,True,synthetic
V03985,908.452099,1.25509167,standard,True,synthetic
V03986,562.472581,1.16574603,standard,False,synthetic
V03987,697.011893,1.04526357,preferred,False,synthetic
V03988,421.808293,0.50487732,preferred,False,synthetic
V03989,1109.384851,0.9583284,standard,False,synthetic
V03990,1431.938676,1.11347505,standard,True,synthetic
V03991,1185.195813,1.48855728,standard,True,synthetic
V03992,1630.471245,0.79379639,preferred,True,synthetic
V03993,973.214989,0.75044712,standard,True,synthetic
V03994,394.13655,1.46126931,preferred,True,synthetic
V03995,1467.53957,1.15959929,commercial,False,synthetic
V03996,1097.140045,1.98633296,standard,False,synthetic
V03997,697.004451,0.70619332,commercial,True,synthetic
V03998,1463.218128,1.84924851,standard,True,synthetic
V03999,385.189384,1.36026754,commercial,True,synthetic
V04000,1197.569231,0.94801509,preferred,True,synthetic
V04001,526.299751,1.44313924,preferred,True,synthetic
V04002,1428.972485,1.52850288,commercial,True,synthetic
V04003,500.280163,0.67092068,standard,True,synthetic
V04004,681.959849,1.01634793,standard,False,synthetic
V04005,732.326167,1.39676851,commercial,True,synthetic
V04006,930.011312,0.88175848,standard,False,synthetic
V04007,582.124348,1.64742616,preferred,True,synthetic
V04008,390.415786,1.0942756,standard,True,synthetic
V04009,1117.741283,1.44352885,preferred,True,synthetic
V04010,250.128102,0.88605004,standard,False,synthetic
V04011,701.779836,1.06054375,commercial,True,synthetic
V04012,786.406032,0.6277578,standard,True,synthetic
V04013,814.153932,0.52631136,standard,False,synthetic
V04014,633.225429,0.83674746,standard,False,synthetic
V04015,250.0,1.23565048,standard,False,synthetic
V04016,1298.868107,0.42847357,standard,True,synthetic
V04017,679.496032,0.7628875,commercial,True,synthetic
V04018,983.813792,0.77439847,preferred,True,synthetic
V04019,852.452767,0.60589581,standard,True,synthetic
V04020,657.247731,1.04840575,standard,True,synthetic
V04021,845.356076,0.72785539,preferred,True,synthetic
V04022,1004.087076,0.99623065,standard,True,synthetic
V04023,670.293033,0.8557135,standard,False,synthetic
V04024,481.926191,0.79562324,standard,True,synthetic
V04025,400.451966,1.7839959,standard,True,synthetic
V04026,550.411086,0.92770508,standard,True,synthetic
V04027,286.770249,0.73781097,standard,True,synthetic
V04028,719.768123,1.75943313,preferred,True,synthetic
V04029,320.169745,1.12550072,preferred,True,synthetic
V04030,250.0,1.46355004,standard,True,synthetic
V04031,938.397067,1.6161614,standard,False,synthetic
V04032,1031.417396,0.71100328,standard,True,synthetic
V04033,676.273175,1.00966882,commercial,True,synthetic
V04034,273.716976,1.01643288,standard,True,synthetic
V04035,1712.441396,1.32521206,preferred,False,synthetic
V04036,455.024355,1.49678509,standard,False,synthetic
V04037,925.370434,0.83141002,preferred,False,synthetic
V04038,1874.829967,0.53466935,commercial,True,synthetic
V04039,688.449573,0.84715625,preferred,True,synthetic
V04040,347.600456,0.94602207,standard,True,synthetic
V04041,1510.537605,0.95459181,standard,True,synthetic
V04042,380.38309,1.46253386,standard,True,synthetic
V04043,907.140589,1.40091076,standard,False,synthetic
V04044,250.743749,0.85306866,preferred,True,synthetic
V04045,676.002082,1.07653028,commercial,True,synthetic
V04046,956.546783,0.72186911,standard,True,synthetic
V04047,439.902691,0.8169181,commercial,True,synthetic
V04048,1802.481804,1.15108688,standard,False,synthetic
V04049,761.606609,1.05944864,commercial,False,synthetic
V04050,1008.240873,1.92398589,standard,True,synthetic
V04051,505.607062,1.26163711,standard,True,synthetic
V04052,610.928827,0.90494764,preferred,True,synthetic
V04053,1166.6237,1.42586886,commercial,True,synthetic
V04054,1167.852983,0.92854572,preferred,True,synthetic
V04055,1041.375341,0.72069732,standard,True,synthetic
V04056,550.244411,0.71180249,preferred,False,synthetic
V04057,854.280211,1.3449628,preferred,True,synthetic
V04058,1370.858139,0.83569204,preferred,False,synthetic
V04059,844.248946,0.73429442,preferred,True,synthetic
V04060,564.188742,0.67840833,standard,True,synthetic
V04061,998.151883,0.92080338,preferred,True,synthetic
V04062,1171.051421,1.10748832,standard,True,synthetic
V04063,927.162772,1.0938245,preferred,True,synthetic
V04064,896.02961,1.17974451,standard,False,synthetic
V04065,446.490291,0.95247557,preferred,True,synthetic
V04066,515.425703,1.45295463,preferred,True,synthetic
V04067,785.687834,0.85146744,standard,True,synthetic
V04068,499.946951,0.6426078,standard,True,synthetic
V04069,375.371346,1.98141394,standard,True,synthetic
V04070,623.980323,0.73024521,standard,False,synthetic
V04071,1336.781467,1.13558676,standard,False,synthetic
V04072,796.788823,1.33299243,standard,False,synthetic
V04073,353.87536,1.08570344,standard,True,synthetic
V04074,1064.131857,1.83518345,standard,False,synthetic
V04075,1283.698427,0.68798128,standard,True,synthetic
V04076,434.399842,1.10552511,standard,True,synthetic
V04077,636.564179,1.08905875,standard,True,synthetic
V04078,570.355403,0.95784307,standard,True,synthetic
V04079,2077.334237,0.95901736,preferred,True,synthetic
V04080,250.0,0.9697154,standard,True,synthetic
V04081,559.532148,0.84233117,preferred,True,synthetic
V04082,1331.121437,0.58376547,standard,True,synthetic
V04083,286.597604,0.56131264,standard,False,synthetic
V04084,421.894623,0.86615578,preferred,False,synthetic
V04085,1040.509754,1.25004133,standard,True,synthetic
V04086,791.775234,1.34317716,preferred,True,synthetic
V04087,606.422046,1.4582086,preferred,True,synthetic
V04088,395.755792,1.0421929,commercial,False,synthetic
V04089,773.6137,0.95363388,preferred,False,synthetic
V04090,270.942468,1.10761273,standard,True,synthetic
V04091,1432.497047,2.17896186,standard,False,synthetic
V04092,485.661629,1.17353736,preferred,True,synthetic
V04093,250.0,0.75335566,commercial,True,synthetic
V04094,683.769658,1.30451472,standard,False,synthetic
V04095,625.550975,0.68090525,preferred,True,synthetic
V04096,688.679554,1.25944377,standard,True,synthetic
V04097,762.760196,0.69701974,standard,False,synthetic
V04098,509.255365,0.50214882,standard,False,synthetic
V04099,1696.754207,0.70587914,preferred,True,synthetic
V04100,1195.439499,0.73101218,preferred,True,synthetic
V04101,764.423793,1.1668591,preferred,True,synthetic
V04102,570.598861,0.97468984,standard,True,synthetic
V04103,1262.351417,1.26369417,standard,False,synthetic
V04104,387.613954,0.78229915,standard,True,synthetic
V04105,546.220268,1.01553448,standard,True,synthetic
V04106,618.531469,1.20125127,commercial,True,synthetic
V04107,855.994484,1.34958239,standard,True,synthetic
V04108,618.902904,1.93868934,standard,False,synthetic
V04109,707.38682,1.1548224,standard,True,synthetic
V04110,250.0,1.82143483,preferred,True,synthetic
V04111,683.620115,0.62629568,standard,True,synthetic
V04112,520.550742,1.70755917,standard,True,synthetic
V04113,661.312137,0.74871325,preferred,True,synthetic
V04114,258.311423,0.67468784,standard,True,synthetic
V04115,879.584613,0.69159376,standard,True,synthetic
V04116,1069.343782,1.72010776,standard,False,synthetic
V04117,541.15263,0.96182315,standard,True,synthetic
V04118,672.953026,0.86055003,preferred,True,synthetic
V04119,936.572224,0.92641499,commercial,True,synthetic
V04120,520.512747,0.75876641,standard,True,synthetic
V04121,784.541636,0.89883491,commercial,True,synthetic
V04122,611.193496,1.30956257,preferred,True,synthetic
V04123,784.152622,1.13416556,standard,True,synthetic
V04124,435.331683,1.09147278,standard,True,synthetic
V04125,431.770666,0.8954665,standard,True,synthetic
V04126,647.852798,0.93355511,preferred,True,synthetic
V04127,629.864965,0.75178797,commercial,True,synthetic
V04128,734.089812,0.82485376,standard,True,synthetic
V04129,488.103676,1.74089064,standard,False,synthetic
V04130,885.313489,1.16184007,commercial,True,synthetic
V04131,1394.132301,1.99129889,standard,True,synthetic
V04132,462.173069,1.57002257,standard,True,synthetic
V04133,946.485796,0.84019176,standard,True,synthetic
V04134,825.959402,0.71560398,standard,True,synthetic
V04135,1683.961166,0.83516242,standard,True,synthetic
V04136,2080.002766,1.62693555,standard,True,synthetic
V04137,391.428653,0.93882289,standard,True,synthetic
V04138,266.566172,0.96674193,standard,True,synthetic
V04139,910.36814,0.88179774,standard,True,synthetic
V04140,1276.31925,1.01006399,standard,False,synthetic
V04141,921.062479,1.02379957,preferred,True,synthetic
V04142,622.913932,1.12152184,commercial,True,synthetic
V04143,701.145784,1.7263046,standard,False,synthetic
V04144,537.64117,0.74922262,preferred,True,synthetic
V04145,329.55534,2.28481987,standard,False,synthetic
V04146,410.158087,2.04683094,standard,True,synthetic
V04147,566.462084,0.9022111,standard,True,synthetic
V04148,506.358448,0.97373391,standard,True,synthetic
V04149,717.810312,0.91722616,standard,True,synthetic
V04150,1189.541072,1.80626972,standard,True,synthetic
V04151,1021.981465,1.80030775,commercial,True,synthetic
V04152,2579.247066,0.53128133,preferred,True,synthetic
V04153,1715.711361,0.64740428,standard,True,synthetic
V04154,797.130452,1.23321223,preferred,True,synthetic
V04155,1055.905848,0.87156033,standard,True,synthetic
V04156,1332.324486,0.8241064,standard,True,synthetic
V04157,1502.558303,0.6854612,commercial,False,synthetic
V04158,516.931167,0.91216879,preferred,False,synthetic
V04159,250.0,1.30186093,standard,False,synthetic
V04160,521.638764,0.94972957,commercial,False,synthetic
V04161,914.068177,0.89580111,preferred,True,synthetic
V04162,486.383456,1.41858507,standard,False,synthetic
V04163,802.330908,0.67781852,standard,True,synthetic
V04164,912.449292,0.9949456,standard,True,synthetic
V04165,589.995729,0.60631775,standard,False,synthetic
V04166,897.00885,1.01323683,standard,True,synthetic
V04167,672.212967,1.28854095,commercial,False,synthetic
V04168,430.695266,1.20022514,standard,True,synthetic
V04169,365.242713,1.09488529,standard,True,synthetic
V04170,781.362844,1.84873222,commercial,False,synthetic
V04171,742.292644,0.78861332,standard,False,synthetic
V04172,627.570539,1.04564125,standard,True,synthetic
V04173,449.939851,0.86027467,standard,True,synthetic
V04174,1822.789493,1.33528625,standard,True,synthetic
V04175,701.985627,1.09223835,standard,False,synthetic
V04176,406.323583,0.48639468,commercial,True,synthetic
V04177,902.404197,0.93199525,preferred,False,synthetic
V04178,853.673677,0.81835796,standard,False,synthetic
V04179,308.591743,1.33225341,standard,False,synthetic
V04180,766.814658,1.49709061,standard,True,synthetic
V04181,1064.335968,2.18469056,standard,True,synthetic
V04182,2585.3307,0.73225017,standard,True,synthetic
V04183,604.92619,0.63464001,standard,True,synthetic
V04184,283.940872,0.93164193,preferred,True,synthetic
V04185,1488.371621,1.51733108,standard,True,synthetic
V04186,463.493779,0.89238592,standard,True,synthetic
V04187,844.155914,0.59855546,preferred,False,synthetic
V04188,592.560243,1.00548313,standard,True,synthetic
V04189,480.224894,0.59925299,standard,True,synthetic
V04190,2205.690043,1.62840994,standard,True,synthetic
V04191,1015.002967,1.07268841,commercial,True,synthetic
V04192,512.60126,0.76138135,standard,True,synthetic
V04193,572.275543,0.77646256,standard,True,synthetic
V04194,699.642985,0.66007413,standard,True,synthetic
V04195,653.10532,2.26827644,preferred,True,synthetic
V04196,258.522435,1.20494209,standard,False,synthetic
V04197,1154.604039,1.71532793,standard,True,synthetic
V04198,458.993535,0.81844113,standard,True,synthetic
V04199,250.0,1.34206837,standard,False,synthetic
V04200,1772.272692,0.88429521,standard,True,synthetic
V04201,552.831954,0.64479016,standard,False,synthetic
V04202,892.828343,0.5563689,standard,True,synthetic
V04203,885.299407,0.78883289,standard,False,synthetic
V04204,456.358336,0.96375677,preferred,True,synthetic
V04205,441.739,0.75316739,standard,True,synthetic
V04206,521.706545,1.17212355,standard,False,synthetic
V04207,1317.347781,0.84276717,standard,False,synthetic
V04208,849.259103,0.98619332,preferred,True,synthetic
V04209,1116.725056,0.83684336,standard,False,synthetic
V04210,1290.582972,1.01247819,commercial,True,synthetic
V04211,497.633513,1.04041361,standard,True,synthetic
V04212,805.462669,0.87322598,standard,True,synthetic
V04213,663.122983,1.98465407,preferred,True,synthetic
V04214,250.0,1.15431365,standard,True,synthetic
V04215,414.073852,0.51961681,preferred,False,synthetic
V04216,511.65424,2.26134365,standard,False,synthetic
V04217,983.511007,1.26744986,standard,False,synthetic
V04218,514.812265,0.92123153,preferred,True,synthetic
V04219,665.84097,2.02811774,commercial,True,synthetic
V04220,414.046147,1.11799725,standard,True,synthetic
V04221,1158.985795,1.48905904,standard,True,synthetic
V04222,439.557484,1.41901012,standard,True,synthetic
V04223,401.273155,0.68248624,standard,True,synthetic
V04224,334.554361,0.6294896,preferred,False,synthetic
V04225,1228.562987,1.33753379,preferred,True,synthetic
V04226,2588.010443,1.41788355,standard,False,synthetic
V04227,617.025488,1.17431087,preferred,True,synthetic
V04228,858.765436,1.37490471,standard,True,synthetic
V04229,287.193014,0.54101489,standard,True,synthetic
V04230,1138.023059,0.93099963,standard,True,synthetic
V04231,1769.585263,1.00224502,commercial,True,synthetic
V04232,628.165073,1.17406247,standard,True,synthetic
V04233,626.148009,0.57075626,commercial,True,synthetic
V04234,291.326128,1.40382691,standard,True,synthetic
V04235,1866.09953,1.67564117,standard,True,synthetic
V04236,304.027573,1.22285267,standard,True,synthetic
V04237,523.27743,0.78621009,commercial,False,synthetic
V04238,498.512672,1.61314001,standard,True,synthetic
V04239,1128.064644,1.25145234,standard,True,synthetic
V04240,729.08676,0.70273694,standard,True,synthetic
V04241,883.538477,1.25025995,standard,True,synthetic
V04242,1314.996651,0.96351431,preferred,True,synthetic
V04243,1214.265703,1.21353032,preferred,True,synthetic
V04244,354.161567,0.71854246,standard,False,synthetic
V04245,692.701701,0.94717282,standard,False,synthetic
V04246,786.098094,0.7831668,commercial,False,synthetic
V04247,387.676292,1.11041609,standard,False,synthetic
V04248,503.243774,0.45500829,standard,False,synthetic
V04249,785.819405,1.42949635,standard,False,synthetic
V04250,481.800401,0.92631157,commercial,True,synthetic
V04251,555.193681,1.04217409,commercial,True,synthetic
V04252,1943.967089,1.35836785,preferred,True,synthetic
V04253,1007.876543,0.86489553,standard,True,synthetic
V04254,2968.430052,0.94958338,standard,True,synthetic
V04255,495.267318,0.9429152,standard,False,synthetic
V04256,353.255006,1.1370195,preferred,True,synthetic
V04257,892.8803,0.93896545,standard,True,synthetic
V04258,1154.891851,1.69344958,standard,True,synthetic
V04259,403.270192,0.40403129,standard,True,synthetic
V04260,918.989912,0.72373993,standard,True,synthetic
V04261,1283.537465,1.62130755,standard,True,synthetic
V04262,670.132043,0.75753526,preferred,True,synthetic
V04263,250.0,1.2546826,standard,True,synthetic
V04264,1485.662253,0.8804127,standard,False,synthetic
V04265,317.0049,1.14925492,standard,True,synthetic
V04266,485.33864,1.35880588,standard,False,synthetic
V04267,1408.556557,1.01341336,commercial,True,synthetic
V04268,635.23715,0.69109361,standard,False,synthetic
V04269,1311.175126,1.0110414,standard,True,synthetic
V04270,1086.630184,1.14808456,standard,False,synthetic
V04271,681.89619,1.27003554,standard,True,synthetic
V04272,764.822139,0.94824383,preferred,True,synthetic
V04273,536.991912,1.37107158,standard,True,synthetic
V04274,565.026441,0.95699477,commercial,True,synthetic
V04275,2457.267025,1.51367599,preferred,True,synthetic
V04276,334.271202,0.9769798,standard,True,synthetic
V04277,898.35886,1.07639524,standard,True,synthetic
V04278,479.957253,0.4495769,preferred,True,synthetic
V04279,511.072316,0.92378668,preferred,True,synthetic
V04280,441.668332,1.5139503,standard,False,synthetic
V04281,940.234697,0.77200249,standard,True,synthetic
V04282,2628.785304,0.75278393,standard,True,synthetic
V04283,792.676789,0.96033651,commercial,True,synthetic
V04284,1003.435282,0.57383017,standard,False,synthetic
V04285,434.62366,1.26279734,preferred,True,synthetic
V04286,884.622981,1.03453019,preferred,True,synthetic
V04287,1149.66386,1.48100685,standard,False,synthetic
V04288,705.203982,0.76716684,standard,False,synthetic
V04289,1064.509339,1.13324405,preferred,True,synthetic
V04290,865.908688,0.80279084,standard,False,synthetic
V04291,470.843622,1.28351591,commercial,True,synthetic
V04292,1234.268183,2.21602778,standard,False,synthetic
V04293,517.904068,0.80826638,standard,False,synthetic
V04294,1266.55064,0.56504912,preferred,True,synthetic
V04295,385.390708,1.61802283,standard,True,synthetic
V04296,250.0,1.11333412,standard,True,synthetic
V04297,574.487655,1.43119509,standard,True,synthetic
V04298,592.481007,0.91454196,preferred,True,synthetic
V04299,584.571922,1.56472505,commercial,False,synthetic
V04300,2642.764536,1.29953786,commercial,False,synthetic
V04301,515.666967,0.62096999,preferred,False,synthetic
V04302,741.852325,1.18358425,standard,False,synthetic
V04303,250.0,0.72294381,standard,True,synthetic
V04304,975.252817,0.92602055,standard,True,synthetic
V04305,546.898284,0.82355112,commercial,False,synthetic
V04306,1019.200361,0.70200475,preferred,True,synthetic
V04307,597.730918,0.68098635,standard,True,synthetic
V04308,382.00769,1.77163655,preferred,True,synthetic
V04309,739.880121,0.95958689,standard,True,synthetic
V04310,466.603579,0.85319719,standard,False,synthetic
V04311,892.893609,1.48837504,standard,True,synthetic
V04312,562.435947,1.32504234,standard,False,synthetic
V04313,1807.54323,0.79489462,standard,True,synthetic
V04314,1572.692567,0.91582297,preferred,True,synthetic
V04315,1504.410084,0.69995867,standard,True,synthetic
V04316,415.853213,1.07241365,standard,True,synthetic
V04317,998.116804,0.62260479,standard,True,synthetic
V04318,384.257654,1.31250592,standard,True,synthetic
V04319,456.912408,1.93803742,standard,True,synthetic
V04320,3255.70493,1.25664706,preferred,True,synthetic
V04321,434.403234,0.64203902,preferred,True,synthetic
V04322,281.584589,0.57905667,standard,True,synthetic
V04323,250.0,0.63646357,standard,False,synthetic
V04324,268.820397,1.67327418,preferred,True,synthetic
V04325,746.503478,1.19875333,standard,True,synthetic
V04326,765.689712,1.24536802,standard,True,synthetic
V04327,631.790867,0.98554829,standard,False,synthetic
V04328,1505.729058,1.62762287,standard,False,synthetic
V04329,789.307442,0.69226361,standard,True,synthetic
V04330,1920.354552,0.47465415,standard,True,synthetic
V04331,1482.78222,0.77325396,commercial,True,synthetic
V04332,333.861376,1.05891747,preferred,True,synthetic
V04333,557.184017,0.68140322,standard,False,synthetic
V04334,559.04397,1.2236706,standard,True,synthetic
V04335,1845.371645,1.36048491,preferred,True,synthetic
V04336,659.67628,1.11326411,standard,True,synthetic
V04337,715.96518,0.75289346,preferred,True,synthetic
V04338,1831.937515,0.55368971,commercial,True,synthetic
V04339,256.208718,0.98237091,standard,True,synthetic
V04340,756.059376,1.26711082,preferred,False,synthetic
V04341,1528.931515,0.66710451,preferred,False,synthetic
V04342,1017.929117,0.7276828,standard,True,synthetic
V04343,954.750125,1.40279695,standard,True,synthetic
V04344,757.612807,1.34630742,standard,False,synthetic
V04345,768.674908,1.2368218,commercial,True,synthetic
V04346,415.19143,1.09052731,standard,True,synthetic
V04347,1221.624812,0.76734063,standard,True,synthetic
V04348,826.816976,0.9599196,standard,True,synthetic
V04349,678.284303,0.92287899,standard,True,synthetic
V04350,671.997884,1.22516038,standard,True,synthetic
V04351,545.678781,0.81153344,preferred,False,synthetic
V04352,1802.330282,1.64348245,preferred,False,synthetic
V04353,794.933528,1.45652988,preferred,False,synthetic
V04354,880.215397,0.89269374,standard,True,synthetic
V04355,422.718308,0.72268569,preferred,True,synthetic
V04356,774.138195,0.78839976,standard,True,synthetic
V04357,2445.234251,0.72274757,standard,True,synthetic
V04358,421.177367,2.26278235,preferred,False,synthetic
V04359,576.718587,3.2,preferred,True,synthetic
V04360,286.947879,1.66249477,standard,True,synthetic
V04361,843.532074,1.28914422,standard,True,synthetic
V04362,327.29539,1.3081391,preferred,True,synthetic
V04363,872.649415,0.7227312,standard,False,synthetic
V04364,425.09709,0.80420998,standard,True,synthetic
V04365,970.661602,1.23497858,standard,False,synthetic
V04366,1139.915935,0.74337563,standard,False,synthetic
V04367,1532.225879,0.81614616,preferred,True,synthetic
V04368,316.659582,1.09871979,standard,True,synthetic
V04369,1061.193702,0.99470912,standard,True,synthetic
V04370,1461.228346,1.02171479,commercial,True,synthetic
V04371,870.263683,0.70508338,commercial,True,synthetic
V04372,426.771753,1.42318395,commercial,True,synthetic
V04373,1371.666557,0.4495392,standard,True,synthetic
V04374,1246.791466,0.59666007,commercial,False,synthetic
V04375,569.448522,0.83217277,commercial,True,synthetic
V04376,1028.338524,1.80462179,preferred,False,synthetic
V04377,704.743672,0.92694573,preferred,True,synthetic
V04378,1769.201078,0.76152049,preferred,False,synthetic
V04379,1199.081877,1.04353471,standard,True,synthetic
V04380,1180.114671,1.26891768,standard,False,synthetic
V04381,1383.965662,0.80989312,commercial,True,synthetic
V04382,806.108995,1.50179343,preferred,True,synthetic
V04383,832.845033,0.63926768,preferred,True,synthetic
V04384,1062.269056,0.57146705,commercial,True,synthetic
V04385,2022.536561,1.06542481,standard,False,synthetic
V04386,788.504562,1.25853478,preferred,True,synthetic
V04387,423.087578,0.74272884,standard,False,synthetic
V04388,1278.895875,0.93952928,commercial,True,synthetic
V04389,950.264943,0.72461896,standard,True,synthetic
V04390,408.678856,0.62312472,standard,True,synthetic
V04391,515.380512,0.66264965,standard,True,synthetic
V04392,402.322531,1.40537632,standard,False,synthetic
V04393,419.610547,1.27158269,commercial,False,synthetic
V04394,2503.480266,1.28372321,standard,True,synthetic
V04395,592.586627,0.50840562,standard,False,synthetic
V04396,1700.811648,0.79767072,standard,True,synthetic
V04397,444.423907,0.9886107,standard,True,synthetic
V04398,262.866638,0.9699797,preferred,True,synthetic
V04399,1465.503297,1.15235793,standard,True,synthetic
V04400,1249.408943,1.00030946,standard,True,synthetic
V04401,250.0,1.05902225,standard,False,synthetic
V04402,508.030919,0.80833188,preferred,True,synthetic
V04403,1226.517923,0.75028429,standard,True,synthetic
V04404,541.238847,1.23614652,preferred,False,synthetic
V04405,592.889252,1.04684044,commercial,False,synthetic
V04406,514.496734,0.76611468,standard,True,synthetic
V04407,840.519698,0.78262307,standard,False,synthetic
V04408,557.168518,0.86163995,preferred,True,synthetic
V04409,534.954919,1.12381616,standard,True,synthetic
V04410,365.128824,0.83558265,standard,True,synthetic
V04411,863.842417,0.7491213,standard,False,synthetic
V04412,603.414457,0.93689651,standard,True,synthetic
V04413,1076.682347,0.94994522,standard,False,synthetic
V04414,567.851244,0.82035171,standard,True,synthetic
V04415,810.335283,1.08727637,standard,True,synthetic
V04416,467.902345,1.898423,standard,True,synthetic
V04417,562.418644,1.53144914,standard,True,synthetic
V04418,1072.285458,1.06040197,commercial,False,synthetic
V04419,1947.974186,1.13243478,standard,True,synthetic
V04420,495.620813,1.27638676,standard,True,synthetic
V04421,678.075968,0.48529856,commercial,True,synthetic
V04422,328.609199,0.79616608,standard,True,synthetic
V04423,358.264663,1.29944145,standard,True,synthetic
V04424,809.434679,1.06081011,preferred,False,synthetic
V04425,596.379556,1.29025844,commercial,True,synthetic
V04426,295.927323,1.25351235,preferred,True,synthetic
V04427,1017.334558,1.42859391,standard,True,synthetic
V04428,311.518252,0.89987058,standard,False,synthetic
V04429,438.521435,0.80229503,preferred,True,synthetic
V04430,1549.416394,1.09174484,standard,True,synthetic
V04431,562.216638,1.68678541,standard,True,synthetic
V04432,489.76584,1.93287494,commercial,True,synthetic
V04433,502.037712,0.99100453,standard,False,synthetic
V04434,577.925168,1.03225109,preferred,True,synthetic
V04435,710.343321,1.52939263,standard,True,synthetic
V04436,523.058037,1.0939985,preferred,True,synthetic
V04437,342.256667,0.93655329,standard,True,synthetic
V04438,799.244339,1.20961809,preferred,False,synthetic
V04439,442.427475,0.63012676,preferred,True,synthetic
V04440,495.097334,0.70494273,standard,True,synthetic
V04441,853.872942,0.90652133,preferred,True,synthetic
V04442,762.068193,1.20401305,standard,True,synthetic
V04443,393.837545,1.23357235,preferred,True,synthetic
V04444,771.64022,0.71793919,commercial,False,synthetic
V04445,376.672741,0.55094941,commercial,True,synthetic
V04446,792.83308,1.26092147,standard,False,synthetic
V04447,1164.176527,1.15184908,standard,False,synthetic
V04448,462.238531,1.43167365,commercial,True,synthetic
V04449,930.499892,0.91127333,standard,False,synthetic
V04450,605.594156,1.39027203,preferred,True,synthetic
V04451,764.9608,1.02480233,standard,False,synthetic
V04452,573.917295,0.55993673,standard,True,synthetic
V04453,800.828466,1.22836278,standard,True,synthetic
V04454,1227.199891,1.0359607,standard,True,synthetic
V04455,1540.175407,1.28745677,standard,False,synthetic
V04456,1290.236902,1.23640276,commercial,False,synthetic
V04457,457.654925,0.67034565,preferred,True,synthetic
V04458,310.590042,1.87201091,preferred,False,synthetic
V04459,1193.469843,0.68972228,preferred,True,synthetic
V04460,954.20804,0.73332896,preferred,False,synthetic
V04461,653.477954,1.1296525,commercial,True,synthetic
V04462,691.127262,2.02255367,standard,False,synthetic
V04463,546.614583,0.8085844,commercial,True,synthetic
V04464,1592.968912,0.91206322,standard,True,synthetic
V04465,533.0199,1.07677243,preferred,True,synthetic
V04466,395.154486,0.90682267,standard,True,synthetic
V04467,781.178476,1.49074818,standard,False,synthetic
V04468,603.985649,0.58500649,standard,False,synthetic
V04469,418.397006,0.79055316,preferred,True,synthetic
V04470,441.686734,1.22800087,standard,True,synthetic
V04471,1157.576688,1.18651771,standard,True,synthetic
V04472,671.445168,1.0189104,preferred,True,synthetic
V04473,1375.810716,0.98897945,commercial,False,synthetic
V04474,642.581879,1.02554418,preferred,True,synthetic
V04475,1105.062013,1.33770617,standard,True,synthetic
V04476,403.474919,0.94713234,standard,True,synthetic
V04477,250.0,0.4319571,standard,True,synthetic
V04478,1562.790109,0.8202739,commercial,True,synthetic
V04479,433.025598,1.07345786,standard,True,synthetic
V04480,536.30358,0.4,commercial,False,synthetic
V04481,621.831644,0.97356481,standard,True,synthetic
V04482,863.237582,1.13066225,standard,False,synthetic
V04483,687.201419,0.79087223,commercial,True,synthetic
V04484,250.0,0.74339188,standard,True,synthetic
V04485,258.74458,1.56843275,preferred,True,synthetic
V04486,487.074368,0.92993917,standard,True,synthetic
V04487,1175.352568,0.58487818,standard,False,synthetic
V04488,515.318023,1.40058687,preferred,True,synthetic
V04489,560.505266,1.98852372,standard,True,synthetic
V04490,250.0,0.95805313,standard,False,synthetic
V04491,602.028364,0.75908421,standard,True,synthetic
V04492,1012.953266,2.03266008,standard,False,synthetic
V04493,2145.672356,0.52985174,preferred,False,synthetic
V04494,482.893938,0.87073157,standard,True,synthetic
V04495,1031.548103,0.9800404,preferred,True,synthetic
V04496,688.741283,1.19002724,standard,True,synthetic
V04497,1276.313238,0.91964993,preferred,True,synthetic
V04498,569.246672,1.80005164,standard,True,synthetic
V04499,510.24266,0.86239069,standard,True,synthetic
V04500,576.787188,0.72463467,commercial,True,synthetic
V04501,1096.720288,1.20970516,standard,True,synthetic
V04502,2026.498233,1.23337482,preferred,True,synthetic
V04503,448.868748,0.92642714,standard,False,synthetic
V04504,1055.964166,1.03233402,standard,True,synthetic
V04505,317.84238,0.92218092,standard,False,synthetic
V04506,250.0,1.28166203,standard,False,synthetic
V04507,572.539369,0.70738734,standard,True,synthetic
V04508,1171.519796,0.93678905,standard,True,synthetic
V04509,1119.848394,1.58067887,standard,True,synthetic
V04510,1454.083102,0.98810136,commercial,True,synthetic
V04511,1172.700841,1.76731519,standard,True,synthetic
V04512,1401.709724,1.664838,commercial,True,synthetic
V04513,1344.257434,1.01490501,commercial,True,synthetic
V04514,1987.184874,1.34500749,preferred,True,synthetic
V04515,1033.377262,0.65151649,standard,True,synthetic
V04516,2402.38633,0.61517896,standard,True,synthetic
V04517,843.100771,0.78429333,standard,True,synthetic
V04518,1432.730832,1.39509135,standard,True,synthetic
V04519,397.970264,0.84583202,standard,True,synthetic
V04520,378.217391,0.50087716,commercial,True,synthetic
V04521,853.639043,1.12919206,commercial,False,synthetic
V04522,793.016315,1.44649267,preferred,True,synthetic
V04523,1105.939527,0.56543471,standard,True,synthetic
V04524,1224.209144,1.85768872,standard,False,synthetic
V04525,1024.263146,2.68696338,standard,True,synthetic
V04526,380.820917,1.52782372,standard,True,synthetic
V04527,365.301081,1.79932203,standard,True,synthetic
V04528,429.161802,0.81316318,standard,False,synthetic
V04529,660.489085,1.16867447,standard,False,synthetic
V04530,1999.31033,1.88887758,standard,False,synthetic
V04531,808.516631,1.70645198,standard,True,synthetic
V04532,431.912016,1.77113807,standard,True,synthetic
V04533,840.280751,1.39566204,commercial,True,synthetic
V04534,935.857892,1.54157364,standard,True,synthetic
V04535,548.189024,0.69971612,preferred,True,synthetic
V04536,1211.562165,0.90355605,preferred,False,synthetic
V04537,415.357536,1.55050298,standard,True,synthetic
V04538,1103.793089,1.54640371,preferred,True,synthetic
V04539,1379.42817,0.91496796,preferred,True,synthetic
V04540,928.039234,1.02302755,standard,False,synthetic
V04541,1234.266187,1.40893958,standard,True,synthetic
V04542,1657.193793,0.710217,standard,True,synthetic
V04543,1035.135207,0.96973232,commercial,False,synthetic
V04544,416.558088,0.72844562,commercial,True,synthetic
V04545,758.596759,0.95877621,standard,True,synthetic
V04546,423.76406,1.14966111,standard,True,synthetic
V04547,1076.60579,0.90573726,commercial,False,synthetic
V04548,751.180323,0.80552078,standard,True,synthetic
V04549,546.427663,1.07512834,standard,True,synthetic
V04550,394.993122,0.85274981,standard,False,synthetic
V04551,498.462128,0.62842032,preferred,True,synthetic
V04552,320.13176,1.43585134,standard,False,synthetic
V04553,1639.239341,0.71552652,preferred,False,synthetic
V04554,1129.571749,0.63551946,standard,True,synthetic
V04555,277.724029,0.86514074,commercial,False,synthetic
V04556,603.175032,0.88042861,standard,True,synthetic
V04557,641.639441,0.55880746,preferred,True,synthetic
V04558,1036.963054,0.88809588,standard,True,synthetic
V04559,1343.049604,1.14380626,standard,False,synthetic
V04560,602.682587,1.57247462,standard,True,synthetic
V04561,770.026076,0.96504822,standard,True,synthetic
V04562,1386.589609,0.65024586,standard,False,synthetic
V04563,1514.307288,0.55935442,standard,True,synthetic
V04564,451.139263,1.20135265,commercial,True,synthetic
V04565,1159.0036,0.66830381,preferred,False,synthetic
V04566,784.530967,0.96893327,preferred,True,synthetic
V04567,624.7296,0.41655114,standard,True,synthetic
V04568,708.016644,1.41731551,standard,True,synthetic
V04569,1102.721653,0.89004046,standard,True,synthetic
V04570,1347.579767,1.62712322,standard,False,synthetic
V04571,500.546932,0.9709109,standard,True,synthetic
V04572,605.310395,1.61908038,standard,False,synthetic
V04573,432.094927,0.62251086,preferred,True,synthetic
V04574,812.075724,1.00877512,standard,True,synthetic
V04575,921.03781,1.09461163,standard,True,synthetic
V04576,676.751151,0.97011437,standard,True,synthetic
V04577,1346.550238,0.97797005,standard,True,synthetic
V04578,2249.856658,1.40331292,preferred,True,synthetic
V04579,1617.783777,1.09108161,standard,True,synthetic
V04580,699.023107,0.72981273,preferred,True,synthetic
V04581,865.181663,0.9341475,standard,False,synthetic
V04582,389.34993,2.26361348,standard,False,synthetic
V04583,1015.867841,0.65292781,standard,True,synthetic
V04584,328.63531,1.29417743,standard,True,synthetic
V04585,717.712622,0.660712,preferred,False,synthetic
V04586,690.158026,1.1847314,standard,False,synthetic
V04587,511.770726,0.88340987,standard,False,synthetic
V04588,818.994069,1.15798333,commercial,False,synthetic
V04589,889.083839,1.15758672,preferred,False,synthetic
V04590,562.10661,1.31763557,standard,True,synthetic
V04591,393.693749,0.91679521,preferred,True,synthetic
V04592,757.91267,0.5053951,preferred,True,synthetic
V04593,1240.070764,1.15306492,commercial,True,synthetic
V04594,1025.131247,1.10439984,standard,True,synthetic
V04595,717.132403,0.74638804,preferred,False,synthetic
V04596,1327.271259,0.69427258,standard,True,synthetic
V04597,826.809146,0.96968254,standard,True,synthetic
V04598,681.270195,1.58188125,standard,False,synthetic
V04599,349.56762,1.18412909,standard,True,synthetic
V04600,995.1868,1.46004959,commercial,False,synthetic
V04601,1180.520997,1.31096182,standard,True,synthetic
V04602,1361.760707,1.39842703,preferred,True,synthetic
V04603,589.705621,1.63018148,standard,False,synthetic
V04604,601.362836,0.65390396,standard,False,synthetic
V04605,678.567198,0.73632238,commercial,True,synthetic
V04606,842.769902,1.02820991,standard,True,synthetic
V04607,656.895448,1.18838221,commercial,False,synthetic
V04608,1035.015736,0.89172841,standard,True,synthetic
V04609,637.567216,0.73929557,standard,True,synthetic
V04610,521.623396,1.15768762,standard,True,synthetic
V04611,629.722691,0.73787867,preferred,True,synthetic
V04612,829.536339,1.14885274,standard,False,synthetic
V04613,525.590374,0.7812054,standard,True,synthetic
V04614,369.395707,1.58497431,standard,False,synthetic
V04615,1631.954494,1.09267073,standard,False,synthetic
V04616,586.843752,0.96495346,standard,True,synthetic
V04617,663.92188,1.66616844,preferred,True,synthetic
V04618,1840.933527,0.94702502,standard,True,synthetic
V04619,551.132296,1.25849308,standard,True,synthetic
V04620,2136.792531,0.91373308,standard,True,synthetic
V04621,579.466286,0.90654838,standard,False,synthetic
V04622,1004.447643,0.94899463,standard,True,synthetic
V04623,413.800467,0.82763038,preferred,True,synthetic
V04624,830.79555,1.44159401,commercial,False,synthetic
V04625,1185.423876,0.49273404,commercial,False,synthetic
V04626,996.411164,1.08162789,preferred,True,synthetic
V04627,581.512228,0.76138568,standard,True,synthetic
V04628,443.461808,1.32126061,standard,False,synthetic
V04629,1510.570661,0.89013906,preferred,True,synthetic
V04630,254.838564,1.6008421,commercial,True,synthetic
V04631,371.340325,1.28148118,standard,True,synthetic
V04632,644.406976,0.83253164,standard,True,synthetic
V04633,717.95004,1.09436971,standard,True,synthetic
V04634,1794.27299,0.69289638,standard,True,synthetic
V04635,555.49388,1.01828639,standard,True,synthetic
V04636,1428.746891,1.10664353,standard,False,synthetic
V04637,732.282943,0.68906305,standard,True,synthetic
V04638,1121.572792,1.12909287,commercial,True,synthetic
V04639,782.810323,1.28332131,standard,True,synthetic
V04640,507.961303,0.7255434,standard,True,synthetic
V04641,558.747576,1.92026129,standard,True,synthetic
V04642,962.455094,0.78454979,standard,False,synthetic
V04643,616.699051,1.07250049,standard,False,synthetic
V04644,555.579795,1.71646299,preferred,False,synthetic
V04645,920.6718,0.94255931,preferred,True,synthetic
V04646,2028.028185,0.6056265,standard,True,synthetic
V04647,347.291103,1.19947233,standard,True,synthetic
V04648,1037.444326,1.2170162,standard,True,synthetic
V04649,809.217402,1.10287339,standard,True,synthetic
V04650,521.36835,1.20935617,preferred,True,synthetic
V04651,472.78982,1.39025121,standard,True,synthetic
V04652,845.206485,0.82764622,preferred,False,synthetic
V04653,562.746662,0.75424646,standard,True,synthetic
V04654,376.480073,0.87550535,preferred,False,synthetic
V04655,854.10907,0.68240074,commercial,False,synthetic
V04656,1153.05538,0.72204726,standard,False,synthetic
V04657,562.315414,0.55034769,preferred,True,synthetic
V04658,884.53062,0.59041208,standard,True,synthetic
V04659,250.0,1.55256179,preferred,True,synthetic
V04660,514.177429,1.30902005,standard,True,synthetic
V04661,1083.597863,1.35181749,commercial,True,synthetic
V04662,423.771552,1.10462862,standard,True,synthetic
V04663,1463.29681,1.61876665,preferred,True,synthetic
V04664,745.914243,0.52467588,commercial,True,synthetic
V04665,401.635818,1.2746728,standard,False,synthetic
V04666,1715.809989,0.74470518,preferred,True,synthetic
V04667,965.179296,1.06120364,standard,True,synthetic
V04668,959.395462,0.58085774,standard,True,synthetic
V04669,3500.0,1.366227,standard,False,synthetic
V04670,1329.798333,1.02737568,preferred,False,synthetic
V04671,1330.455954,1.26657414,commercial,True,synthetic
V04672,580.000139,0.83891777,preferred,False,synthetic
V04673,1596.67335,0.80716082,commercial,False,synthetic
V04674,828.611397,0.99255955,commercial,False,synthetic
V04675,1765.790252,0.62118315,preferred,True,synthetic
V04676,589.849666,1.13651485,standard,True,synthetic
V04677,335.914685,0.65912862,standard,True,synthetic
V04678,965.350722,0.83117277,standard,False,synthetic
V04679,531.406017,0.53855149,standard,True,synthetic
V04680,1019.86587,0.88816905,standard,True,synthetic
V04681,603.922711,0.91580345,preferred,True,synthetic
V04682,741.735864,0.76375239,standard,True,synthetic
V04683,510.761835,0.77706363,preferred,True,synthetic
V04684,1059.77456,2.15968874,standard,False,synthetic
V04685,535.788087,0.82358907,commercial,False,synthetic
V04686,630.449532,0.40939491,standard,True,synthetic
V04687,813.464735,0.98053319,standard,True,synthetic
V04688,499.881505,1.15333291,commercial,False,synthetic
V04689,1588.465142,1.00165456,standard,False,synthetic
V04690,802.301569,1.073622,preferred,True,synthetic
V04691,458.842365,0.92981607,standard,False,synthetic
V04692,543.853982,1.49357302,standard,False,synthetic
V04693,923.406306,0.84246975,standard,False,synthetic
V04694,276.338915,1.00264137,preferred,True,synthetic
V04695,380.670847,1.24364075,preferred,True,synthetic
V04696,663.932195,1.2358579,commercial,False,synthetic
V04697,656.598793,0.71948758,preferred,True,synthetic
V04698,273.474666,0.82123237,commercial,False,synthetic
V04699,577.817716,0.83784767,standard,True,synthetic
V04700,1070.981801,1.11934394,standard,True,synthetic
V04701,2782.214549,1.41555536,standard,True,synthetic
V04702,727.865056,2.12119545,preferred,True,synthetic
V04703,519.661695,0.66183906,standard,True,synthetic
V04704,2642.445751,0.8911116,preferred,True,synthetic
V04705,802.65648,1.1027633,standard,True,synthetic
V04706,846.391435,1.40520484,standard,False,synthetic
V04707,292.826912,0.54158853,standard,True,synthetic
V04708,521.643182,0.5555294,standard,True,synthetic
V04709,860.605395,1.39986773,standard,False,synthetic
V04710,250.0,1.81036575,standard,True,synthetic
V04711,1623.947894,0.86703338,commercial,True,synthetic
V04712,794.625275,0.92576898,preferred,True,synthetic
V04713,1321.625533,1.24978599,standard,True,synthetic
V04714,289.88873,1.01301346,standard,True,synthetic
V04715,625.860197,1.4371074,preferred,True,synthetic
V04716,480.553565,0.50174521,standard,True,synthetic
V04717,994.857726,1.36405172,standard,True,synthetic
V04718,925.252222,0.89850595,standard,True,synthetic
V04719,344.764118,0.84075924,commercial,True,synthetic
V04720,1589.191144,1.05823685,standard,True,synthetic
V04721,793.357719,0.99438214,standard,True,synthetic
V04722,1384.14589,0.96580593,standard,True,synthetic
V04723,606.585038,1.12994983,standard,True,synthetic
V04724,1221.708745,0.74352881,standard,False,synthetic
V04725,250.0,1.13097254,standard,True,synthetic
V04726,1096.061118,0.87591009,standard,False,synthetic
V04727,1175.560386,0.76539702,commercial,False,synthetic
V04728,1101.235898,0.93450056,standard,True,synthetic
V04729,1332.709983,1.09661265,standard,True,synthetic
V04730,912.150951,0.94961448,standard,True,synthetic
V04731,1007.411328,0.94045715,standard,True,synthetic
V04732,542.040112,0.98693048,preferred,True,synthetic
V04733,1116.20275,1.13272403,preferred,True,synthetic
V04734,1655.147303,1.57021734,commercial,False,synthetic
V04735,779.247937,0.82397432,standard,True,synthetic
V04736,743.019446,1.10668842,preferred,True,synthetic
V04737,904.482464,0.79085278,standard,True,synthetic
V04738,892.722233,1.3960558,standard,False,synthetic
V04739,1568.095406,0.92058142,commercial,True,synthetic
V04740,535.077032,1.43123469,standard,True,synthetic
V04741,316.889488,0.59715868,standard,True,synthetic
V04742,763.691051,1.00156411,standard,False,synthetic
V04743,366.521129,1.00872194,preferred,True,synthetic
V04744,721.533362,1.07782176,preferred,True,synthetic
V04745,891.210332,0.78128425,commercial,False,synthetic
V04746,1129.430339,1.78049674,standard,True,synthetic
V04747,1985.99432,0.61431006,standard,True,synthetic
V04748,662.162293,1.28361072,standard,True,synthetic
V04749,383.399252,0.98299253,commercial,True,synthetic
V04750,1279.381021,0.95074955,standard,False,synthetic
V04751,937.73758,1.25161355,standard,True,synthetic
V04752,687.435254,1.01321779,standard,True,synthetic
V04753,616.242064,0.81441354,standard,False,synthetic
V04754,392.548437,1.26090304,standard,True,synthetic
V04755,1443.10321,0.86684962,standard,True,synthetic
V04756,933.307413,1.012965,standard,True,synthetic
V04757,358.740914,1.44261351,preferred,True,synthetic
V04758,728.697371,1.04224672,standard,True,synthetic
V04759,893.180192,1.33862486,standard,True,synthetic
V04760,1641.81477,0.48595004,standard,True,synthetic
V04761,1020.538269,1.30987282,standard,True,synthetic
V04762,823.403156,0.6394004,standard,True,synthetic
V04763,1582.528134,1.76281132,commercial,False,synthetic
V04764,798.652013,1.20541511,commercial,True,synthetic
V04765,337.867378,0.95066815,standard,False,synthetic
V04766,635.921516,0.95623165,standard,True,synthetic
V04767,939.733118,1.34870977,preferred,True,synthetic
V04768,699.965969,0.44757142,standard,False,synthetic
V04769,412.692471,0.85770661,standard,False,synthetic
V04770,494.60609,1.36873455,standard,False,synthetic
V04771,2016.33837,0.90981522,standard,True,synthetic
V04772,584.02445,1.26112281,standard,True,synthetic
V04773,1416.356481,1.15917586,preferred,False,synthetic
V04774,808.069938,0.93937308,standard,True,synthetic
V04775,322.122405,0.89178566,standard,True,synthetic
V04776,491.626014,1.42630545,standard,True,synthetic
V04777,872.896912,0.96653542,commercial,True,synthetic
V04778,738.434152,0.67180896,standard,True,synthetic
V04779,3424.691886,1.08432822,preferred,True,synthetic
V04780,406.120103,0.65061732,preferred,True,synthetic
V04781,499.006663,1.11650584,preferred,True,synthetic
V04782,958.268619,0.72435079,commercial,False,synthetic
V04783,558.448521,0.4,standard,True,synthetic
V04784,386.512761,0.63779997,standard,True,synthetic
V04785,762.524281,1.22649955,standard,True,synthetic
V04786,1327.90468,1.06105612,preferred,True,synthetic
V04787,399.300632,0.57187492,preferred,True,synthetic
V04788,567.724897,0.93680894,preferred,True,synthetic
V04789,420.237455,0.80262866,preferred,False,synthetic
V04790,1282.409685,0.90309294,standard,False,synthetic
V04791,1328.963591,0.53637126,standard,False,synthetic
V04792,1133.278082,1.2702384,commercial,True,synthetic
V04793,823.529428,1.4711082,standard,True,synthetic
V04794,809.240115,0.95776465,preferred,False,synthetic
V04795,533.202036,0.57964186,standard,False,synthetic
V04796,281.866421,0.59674146,preferred,True,synthetic
V04797,871.121911,1.02366063,standard,True,synthetic
V04798,371.005808,1.0698083,preferred,True,synthetic
V04799,1107.744194,0.58716276,standard,False,synthetic
V04800,583.128,2.11581783,standard,True,synthetic
V04801,494.642677,0.83477717,preferred,True,synthetic
V04802,679.160357,1.63404717,standard,False,synthetic
V04803,1951.933045,0.70037947,preferred,True,synthetic
V04804,365.995161,1.39838936,standard,True,synthetic
V04805,630.528183,0.66631927,standard,True,synthetic
V04806,784.289583,0.74675642,preferred,True,synthetic
V04807,748.132968,1.02452038,preferred,True,synthetic
V04808,2101.404361,0.46387639,standard,False,synthetic
V04809,694.099341,1.2001341,standard,True,synthetic
V04810,1446.623143,0.71070887,standard,False,synthetic
V04811,600.675458,0.67369553,standard,True,synthetic
V04812,638.914663,1.10707635,standard,True,synthetic
V04813,1976.230346,1.91616979,standard,True,synthetic
V04814,488.19544,0.68148218,preferred,True,synthetic
V04815,887.181289,1.50670149,preferred,True,synthetic
V04816,2685.200242,0.9847817,preferred,False,synthetic
V04817,282.472226,1.28962874,standard,False,synthetic
V04818,1173.570446,0.77225215,standard,False,synthetic
V04819,421.425396,1.00176732,preferred,True,synthetic
V04820,250.0,1.54968404,standard,True,synthetic
V04821,431.636091,1.06723449,standard,False,synthetic
V04822,493.61647,1.03929316,standard,True,synthetic
V04823,1077.303527,1.14600882,standard,True,synthetic
V04824,522.568777,0.82048087,standard,True,synthetic
V04825,680.9373,1.92550286,standard,True,synthetic
V04826,520.040511,0.61322784,standard,True,synthetic
V04827,1286.549934,1.16219469,standard,True,synthetic
V04828,1013.249807,1.31749574,commercial,True,synthetic
V04829,521.723903,0.83441808,standard,False,synthetic
V04830,341.406752,0.65843836,preferred,False,synthetic
V04831,1103.472091,1.13688671,standard,False,synthetic
V04832,614.683405,0.7087614,preferred,True,synthetic
V04833,1367.705346,0.58448629,standard,True,synthetic
V04834,665.121255,0.85946884,standard,True,synthetic
V04835,489.334753,0.80333194,standard,True,synthetic
V04836,698.301166,1.48705485,preferred,True,synthetic
V04837,805.801758,0.72643484,commercial,False,synthetic
V04838,454.993343,0.8745316,standard,True,synthetic
V04839,560.267583,0.90928266,standard,False,synthetic
V04840,1005.113886,0.75372964,standard,True,synthetic
V04841,1167.012001,0.92774157,standard,False,synthetic
V04842,656.709543,0.93774493,standard,True,synthetic
V04843,729.479623,1.50798607,standard,True,synthetic
V04844,615.464001,1.27561475,standard,True,synthetic
V04845,415.41987,0.99121352,preferred,False,synthetic
V04846,901.334308,0.99759681,standard,True,synthetic
V04847,363.647342,0.79012481,standard,True,synthetic
V04848,467.327172,1.22404009,standard,False,synthetic
V04849,1044.747437,0.68712073,standard,True,synthetic
V04850,532.699581,1.18024096,standard,True,synthetic
V04851,799.847366,1.24445289,standard,False,synthetic
V04852,644.405632,1.24615584,standard,True,synthetic
V04853,2003.286698,0.94483362,standard,True,synthetic
V04854,593.542595,1.31757807,standard,True,synthetic
V04855,679.44717,1.28887504,preferred,True,synthetic
V04856,974.211349,1.11835232,standard,True,synthetic
V04857,865.922012,1.24042423,commercial,True,synthetic
V04858,722.856869,1.19803082,standard,True,synthetic
V04859,843.023844,1.21306853,preferred,True,synthetic
V04860,250.0,1.07220862,standard,True,synthetic
V04861,870.573827,1.10413317,preferred,False,synthetic
V04862,792.221069,0.77027707,standard,True,synthetic
V04863,1217.702157,1.30088363,commercial,True,synthetic
V04864,2056.10125,1.14069613,standard,False,synthetic
V04865,369.576508,0.92834833,preferred,False,synthetic
V04866,593.287888,0.96175171,standard,True,synthetic
V04867,428.933587,1.22023087,preferred,True,synthetic
V04868,1090.85132,0.7717849,standard,False,synthetic
V04869,826.729825,1.29052679,standard,True,synthetic
V04870,382.051768,1.48584443,standard,True,synthetic
V04871,250.0,0.93636245,standard,True,synthetic
V04872,611.838325,0.99417051,standard,True,synthetic
V04873,807.258479,1.30989635,preferred,True,synthetic
V04874,514.357479,1.06069988,standard,True,synthetic
V04875,513.456852,0.64708544,commercial,False,synthetic
V04876,841.261433,0.85316985,standard,True,synthetic
V04877,526.985054,0.81139732,preferred,True,synthetic
V04878,823.042572,1.150428,standard,True,synthetic
V04879,426.204247,0.58185016,standard,True,synthetic
V04880,926.082789,1.56521471,preferred,False,synthetic
V04881,560.49755,1.11175443,standard,True,synthetic
V04882,706.38816,0.63877756,standard,True,synthetic
V04883,1067.105495,1.3523286,preferred,True,synthetic
V04884,319.931013,1.48333292,standard,True,synthetic
V04885,691.205458,1.44932249,standard,False,synthetic
V04886,508.765242,0.95901571,standard,False,synthetic
V04887,1076.36776,0.81632305,standard,False,synthetic
V04888,250.0,0.94457028,standard,False,synthetic
V04889,432.994873,0.82686634,standard,True,synthetic
V04890,1440.486648,2.01430837,standard,False,synthetic
V04891,636.200204,0.78377415,standard,True,synthetic
V04892,273.6306,1.17850017,standard,True,synthetic
V04893,1549.171334,0.96587164,standard,True,synthetic
V04894,1336.765514,1.47809479,standard,False,synthetic
V04895,1246.995819,1.37356842,standard,True,synthetic
V04896,285.081209,0.78315856,preferred,True,synthetic
V04897,758.560288,0.73427144,standard,True,synthetic
V04898,433.088554,1.72644028,commercial,False,synthetic
V04899,666.245907,1.11365097,preferred,True,synthetic
V04900,486.090924,1.3546195,preferred,True,synthetic
V04901,483.283978,0.72463287,standard,True,synthetic
V04902,990.19297,1.07241825,commercial,True,synthetic
V04903,1239.891594,1.28552539,commercial,True,synthetic
V04904,317.912646,0.78179751,standard,True,synthetic
V04905,503.419933,0.93377147,standard,False,synthetic
V04906,473.01162,1.51451324,standard,False,synthetic
V04907,1291.791989,1.42138243,preferred,False,synthetic
V04908,515.634075,0.91188344,preferred,False,synthetic
V04909,1019.294499,0.44472766,standard,True,synthetic
V04910,353.843773,1.05003929,standard,True,synthetic
V04911,739.57142,1.34715236,standard,False,synthetic
V04912,799.306153,1.16612675,standard,True,synthetic
V04913,352.752521,2.03495367,standard,True,synthetic
V04914,1569.83294,0.97946648,standard,True,synthetic
V04915,1415.986483,0.76166937,standard,True,synthetic
V04916,380.072668,0.89935063,standard,True,synthetic
V04917,642.0995,0.83419163,standard,True,synthetic
V04918,762.635875,1.16287407,preferred,False,synthetic
V04919,1451.073066,1.63271901,standard,True,synthetic
V04920,501.951343,0.53689333,standard,True,synthetic
V04921,404.017105,0.94987464,standard,False,synthetic
V04922,803.727445,1.54869571,preferred,True,synthetic
V04923,2702.07401,1.13996253,preferred,False,synthetic
V04924,575.580961,1.47998755,standard,False,synthetic
V04925,612.212261,1.16677136,standard,True,synthetic
V04926,1076.255712,0.85851586,standard,True,synthetic
V04927,509.436141,2.10337163,standard,True,synthetic
V04928,453.506769,1.36865407,commercial,True,synthetic
V04929,2200.023869,1.17724028,standard,True,synthetic
V04930,1479.758072,1.24632718,standard,True,synthetic
V04931,310.787611,0.65508846,preferred,True,synthetic
V04932,681.758806,0.83421004,preferred,False,synthetic
V04933,510.827158,1.02218526,standard,True,synthetic
V04934,847.939939,0.58801983,preferred,True,synthetic
V04935,898.390926,1.08656345,preferred,True,synthetic
V04936,1711.252076,0.46424172,standard,True,synthetic
V04937,357.609499,0.76022542,preferred,False,synthetic
V04938,309.978095,1.18898943,standard,False,synthetic
V04939,780.824658,1.08266608,preferred,True,synthetic
V04940,785.853002,1.25266553,standard,True,synthetic
V04941,505.500626,1.65262862,standard,False,synthetic
V04942,685.203029,1.15129593,standard,False,synthetic
V04943,1096.105425,1.3935244,preferred,False,synthetic
V04944,1733.817164,1.5549564,standard,True,synthetic
V04945,340.980024,0.91003521,standard,True,synthetic
V04946,558.372674,0.68883774,standard,True,synthetic
V04947,826.378657,0.89222102,preferred,True,synthetic
V04948,728.250886,0.83708976,standard,True,synthetic
V04949,1381.974895,1.19554174,preferred,True,synthetic
V04950,585.906337,1.44233188,standard,False,synthetic
V04951,369.568501,0.60556049,preferred,True,synthetic
V04952,382.265919,0.56458063,standard,True,synthetic
V04953,615.166894,0.98216598,preferred,True,synthetic
V04954,335.113232,0.85818226,standard,True,synthetic
V04955,792.32711,2.04320673,standard,True,synthetic
V04956,406.732899,1.08745163,standard,True,synthetic
V04957,459.760915,1.01002164,standard,True,synthetic
V04958,1257.49596,1.00886377,standard,True,synthetic
V04959,599.451592,1.0822205,standard,True,synthetic
V04960,614.888277,1.43988058,standard,True,synthetic
V04961,1865.990863,0.94853437,standard,False,synthetic
V04962,710.857963,1.24398826,commercial,True,synthetic
V04963,803.282709,1.42065627,standard,True,synthetic
V04964,662.751122,1.83820636,standard,True,synthetic
V04965,282.359992,0.76392189,preferred,True,synthetic
V04966,324.106664,0.89614938,standard,False,synthetic
V04967,493.934884,0.51719639,standard,True,synthetic
V04968,618.369393,0.89895406,standard,False,synthetic
V04969,587.167138,0.4,preferred,True,synthetic
V04970,1180.211544,0.73011535,standard,True,synthetic
V04971,1405.019846,0.96002538,standard,True,synthetic
V04972,936.009021,1.04522478,standard,True,synthetic
V04973,693.714375,1.10984167,standard,True,synthetic
V04974,1038.981288,1.24779153,standard,True,synthetic
V04975,416.803878,0.97177352,standard,True,synthetic
V04976,470.001536,0.89973044,preferred,True,synthetic
V04977,943.462625,0.83290765,preferred,True,synthetic
V04978,516.764626,0.85488187,standard,True,synthetic
V04979,374.394914,0.67226636,preferred,True,synthetic
V04980,784.365025,1.11101048,standard,False,synthetic
V04981,642.997571,0.76275998,standard,True,synthetic
V04982,578.216826,0.69092192,standard,True,synthetic
V04983,1476.520069,0.82890253,preferred,True,synthetic
V04984,984.308866,1.51849531,standard,False,synthetic
V04985,1389.370562,0.78140269,preferred,True,synthetic
V04986,562.249603,0.62154099,standard,True,synthetic
V04987,912.440182,1.21059225,standard,False,synthetic
V04988,396.29775,0.72286111,commercial,True,synthetic
V04989,455.918374,1.28265959,standard,True,synthetic
V04990,372.955167,1.59446401,preferred,False,synthetic
V04991,773.697648,0.93907622,standard,True,synthetic
V04992,620.045102,1.22858293,standard,True,synthetic
V04993,335.4506,0.87329621,standard,False,synthetic
V04994,475.77797,1.26903911,standard,True,synthetic
V04995,262.738835,1.60658101,preferred,True,synthetic
V04996,722.749486,1.4503772,standard,True,synthetic
V04997,501.73021,0.7865673,standard,True,synthetic
V04998,646.464754,1.74916531,standard,False,synthetic
V04999,250.0,1.13516721,standard,True,synthetic
V05000,613.31396,1.24754221,standard,True,synthetic
V05001,1144.144339,1.02214153,standard,True,synthetic
V05002,1035.170663,1.03631924,preferred,True,synthetic
V05003,1170.821325,0.64745526,preferred,True,synthetic
V05004,958.42454,0.46609212,standard,False,synthetic
V05005,1226.417983,1.04915231,commercial,True,synthetic
V05006,250.0,1.29351825,standard,True,synthetic
V05007,2587.299968,0.72687935,standard,True,synthetic
V05008,250.0,0.92923825,standard,True,synthetic
V05009,444.232474,1.76990538,commercial,False,synthetic
V05010,1164.72953,0.73673553,standard,True,synthetic
V05011,1183.049939,1.49090102,standard,True,synthetic
V05012,324.159004,1.05597406,standard,True,synthetic
V05013,283.981115,1.14009732,standard,True,synthetic
V05014,587.454998,0.61162665,standard,True,synthetic
V05015,1286.533406,0.98659715,standard,True,synthetic
V05016,333.435747,1.49570111,standard,True,synthetic
V05017,529.555259,1.19777582,preferred,True,synthetic
V05018,522.638016,1.32007581,standard,True,synthetic
V05019,599.048363,0.59922368,commercial,False,synthetic
V05020,307.619345,1.622543,preferred,True,synthetic
V05021,662.552016,2.34891854,preferred,True,synthetic
V05022,901.08991,0.70828568,standard,False,synthetic
V05023,280.149283,1.39415209,commercial,True,synthetic
V05024,501.643053,1.33767987,standard,False,synthetic
V05025,452.059856,1.47838028,standard,True,synthetic
V05026,1590.681965,0.97005489,standard,True,synthetic
V05027,542.394642,0.80423106,standard,False,synthetic
V05028,614.059332,0.85353427,standard,True,synthetic
V05029,1208.424463,1.66786145,preferred,True,synthetic
V05030,250.0,0.67774672,standard,False,synthetic
V05031,1503.724324,0.90861856,preferred,False,synthetic
V05032,434.269404,1.01065548,standard,True,synthetic
V05033,835.832718,0.60334695,standard,True,synthetic
V05034,390.348071,1.48642861,preferred,False,synthetic
V05035,1491.466514,1.34567791,standard,True,synthetic
V05036,2008.745964,1.32693285,standard,True,synthetic
V05037,685.353682,1.55718539,standard,False,synthetic
V05038,449.517879,1.14699281,standard,True,synthetic
V05039,250.0,0.82404938,standard,True,synthetic
V05040,890.44382,0.96466125,standard,True,synthetic
V05041,302.956253,0.62316656,standard,True,synthetic
V05042,476.763027,1.11875208,standard,False,synthetic
V05043,582.473524,0.82459478,standard,True,synthetic
V05044,3370.262946,0.97579015,commercial,True,synthetic
V05045,420.50992,0.93146152,standard,False,synthetic
V05046,513.178458,1.07173245,standard,True,synthetic
V05047,1438.843397,0.69769678,standard,False,synthetic
V05048,262.907508,0.91095776,commercial,True,synthetic
V05049,613.986473,0.87677234,preferred,False,synthetic
V05050,361.438375,1.42101133,commercial,True,synthetic
V05051,479.603685,0.93821842,standard,True,synthetic
V05052,268.964772,0.49874444,standard,True,synthetic
V05053,877.788218,1.19619212,standard,False,synthetic
V05054,1987.872565,0.78140378,commercial,True,synthetic
V05055,1328.729252,1.40555447,standard,True,synthetic
V05056,1322.654196,1.28602611,preferred,False,synthetic
V05057,935.942273,0.59704402,standard,False,synthetic
V05058,835.289874,1.1340318,standard,True,synthetic
V05059,788.430473,0.91838897,commercial,True,synthetic
V05060,2017.590898,0.64246011,standard,True,synthetic
V05061,761.890912,0.94018558,standard,True,synthetic
V05062,794.234517,0.63508439,standard,True,synthetic
V05063,259.04054,1.52072532,commercial,True,synthetic
V05064,537.08628,1.26599045,standard,True,synthetic
V05065,1653.652224,0.9484816,preferred,True,synthetic
V05066,525.314251,1.37665602,standard,True,synthetic
V05067,2362.396728,1.28195661,standard,False,synthetic
V05068,890.395662,0.8198042,standard,False,synthetic
V05069,508.820481,1.10041804,preferred,True,synthetic
V05070,677.076031,1.54173319,standard,True,synthetic
V05071,352.831315,1.11587165,preferred,True,synthetic
V05072,250.0,1.02975142,standard,False,synthetic
V05073,703.15737,1.67939775,standard,True,synthetic
V05074,747.009379,1.27594764,commercial,False,synthetic
V05075,620.683357,1.22290564,standard,True,synthetic
V05076,358.090348,1.02583788,standard,True,synthetic
V05077,718.983756,0.87020643,standard,True,synthetic
V05078,1734.890162,1.50105156,standard,False,synthetic
V05079,1046.555287,1.31974826,standard,False,synthetic
V05080,524.696201,0.96285309,standard,True,synthetic
V05081,410.299275,0.86943266,standard,False,synthetic
V05082,426.146302,1.05446316,standard,True,synthetic
V05083,2692.244742,1.10753876,standard,True,synthetic
V05084,591.633594,0.60756715,standard,True,synthetic
V05085,742.218296,0.9530987,commercial,True,synthetic
V05086,771.308678,1.35072367,standard,True,synthetic
V05087,411.997906,1.29625745,standard,True,synthetic
V05088,893.455079,0.57884951,standard,True,synthetic
V05089,651.795032,1.01271618,commercial,True,synthetic
V05090,736.495158,0.8242027,standard,True,synthetic
V05091,628.269987,1.70307352,preferred,True,synthetic
V05092,449.590846,1.60371964,preferred,False,synthetic
V05093,874.350872,0.85773263,preferred,True,synthetic
V05094,1493.993492,0.82984792,commercial,False,synthetic
V05095,316.910515,0.53734601,standard,True,synthetic
V05096,571.280363,1.4951977,standard,True,synthetic
V05097,565.376586,1.30277511,preferred,True,synthetic
V05098,1235.291719,1.59857907,preferred,True,synthetic
V05099,664.755522,1.15831775,commercial,False,synthetic
V05100,1166.093495,0.96377025,standard,False,synthetic
V05101,477.320583,0.52901875,standard,True,synthetic
V05102,694.349181,0.92196922,standard,False,synthetic
V05103,916.738658,0.77379031,standard,True,synthetic
V05104,455.020134,1.12061348,standard,True,synthetic
V05105,635.75837,1.23324602,standard,True,synthetic
V05106,687.750296,1.20265513,standard,True,synthetic
V05107,1061.782289,1.25626961,commercial,False,synthetic
V05108,1818.674528,2.18200953,standard,True,synthetic
V05109,1085.935324,0.69963877,standard,True,synthetic
V05110,585.826869,0.76856324,standard,True,synthetic
V05111,688.865595,0.62369842,standard,True,synthetic
V05112,756.962881,0.89066663,standard,True,synthetic
V05113,363.51586,0.98051721,standard,False,synthetic
V05114,1188.490591,0.96642382,standard,False,synthetic
V05115,1149.775705,0.81579677,standard,False,synthetic
V05116,1820.328523,0.6936866,standard,True,synthetic
V05117,655.053432,1.00176032,standard,False,synthetic
V05118,1840.307623,1.49517755,standard,True,synthetic
V05119,389.02177,0.56377424,standard,True,synthetic
V05120,645.508662,1.44139703,standard,True,synthetic
V05121,405.241849,1.33246764,preferred,True,synthetic
V05122,1675.820112,0.84382658,standard,True,synthetic
V05123,904.349007,1.30659756,standard,True,synthetic
V05124,892.430961,0.4,commercial,True,synthetic
V05125,687.687826,1.28468186,preferred,True,synthetic
V05126,751.244962,0.60435316,commercial,False,synthetic
V05127,957.763301,0.78407752,preferred,True,synthetic
V05128,1087.559997,0.69054588,standard,True,synthetic
V05129,1204.506345,0.65684231,standard,False,synthetic
V05130,585.521647,0.76758797,standard,True,synthetic
V05131,669.017751,1.90018591,standard,True,synthetic
V05132,662.402499,0.72745616,standard,True,synthetic
V05133,1571.233769,1.18708315,standard,True,synthetic
V05134,1273.859588,0.88224106,preferred,True,synthetic
V05135,437.470701,1.16025421,standard,True,synthetic
V05136,2166.02522,1.08916027,standard,False,synthetic
V05137,289.78262,0.94166653,standard,True,synthetic
V05138,990.269218,0.65490925,standard,True,synthetic
V05139,1271.774131,1.57100097,commercial,True,synthetic
V05140,1308.764999,0.85506272,standard,False,synthetic
V05141,1573.280977,1.56136595,preferred,True,synthetic
V05142,657.190144,1.0533321,preferred,False,synthetic
V05143,306.978619,0.75278756,standard,True,synthetic
V05144,1502.632574,2.5747247,commercial,True,synthetic
V05145,626.497758,1.20592571,standard,False,synthetic
V05146,843.029534,1.39231992,preferred,False,synthetic
V05147,978.098545,0.96943939,preferred,True,synthetic
V05148,516.690689,0.61593027,commercial,True,synthetic
V05149,679.038116,2.00544891,commercial,True,synthetic
V05150,1762.382206,1.0378308,standard,False,synthetic
V05151,1090.851896,1.47084333,standard,True,synthetic
V05152,637.55194,1.64171745,standard,True,synthetic
V05153,1705.696404,1.43961628,standard,False,synthetic
V05154,370.471015,1.03357678,standard,True,synthetic
V05155,2983.461687,1.07765437,standard,False,synthetic
V05156,1167.748791,0.61551706,standard,True,synthetic
V05157,842.420603,0.88569032,commercial,True,synthetic
V05158,1013.572376,1.28127544,standard,False,synthetic
V05159,415.517279,0.96669811,standard,False,synthetic
V05160,696.387586,0.61140557,standard,True,synthetic
V05161,500.423279,1.37419057,standard,True,synthetic
V05162,1178.809931,1.41385362,standard,True,synthetic
V05163,976.275707,1.2707757,commercial,True,synthetic
V05164,699.299902,1.19885139,standard,False,synthetic
V05165,2017.416938,0.92701716,standard,True,synthetic
V05166,1244.325279,0.92949633,preferred,True,synthetic
V05167,1566.418544,0.52685887,preferred,False,synthetic
V05168,883.26644,1.45642654,standard,True,synthetic
V05169,353.04177,1.43998641,standard,False,synthetic
V05170,876.397582,0.94605569,standard,False,synthetic
V05171,374.331288,0.90334774,standard,True,synthetic
V05172,458.481582,1.15180958,standard,True,synthetic
V05173,366.062405,1.09613464,standard,True,synthetic
V05174,608.603712,0.68011856,standard,True,synthetic
V05175,470.099895,0.78924,commercial,True,synthetic
V05176,827.162233,0.46368208,standard,False,synthetic
V05177,674.391282,1.0020746,standard,True,synthetic
V05178,510.332046,1.06044629,standard,False,synthetic
V05179,926.524646,0.98072198,preferred,False,synthetic
V05180,880.579145,0.69629276,standard,False,synthetic
V05181,537.32389,1.34150116,standard,False,synthetic
V05182,1390.743294,1.28067065,preferred,True,synthetic
V05183,298.103606,1.3883922,preferred,True,synthetic
V05184,943.118958,0.4,standard,True,synthetic
V05185,1927.170839,1.17833782,standard,False,synthetic
V05186,497.603936,0.82358441,preferred,True,synthetic
V05187,1177.609822,0.64860691,standard,False,synthetic
V05188,2295.35987,1.59398073,standard,True,synthetic
V05189,418.126847,0.928366,preferred,True,synthetic
V05190,1814.577872,1.07405926,standard,True,synthetic
V05191,700.186411,1.13759678,preferred,True,synthetic
V05192,265.210819,1.05917666,standard,True,synthetic
V05193,446.585847,1.49688506,standard,True,synthetic
V05194,256.80932,0.76888388,preferred,False,synthetic
V05195,611.73847,1.34293639,standard,True,synthetic
V05196,1671.246793,1.14624081,standard,False,synthetic
V05197,734.849183,0.94425425,standard,True,synthetic
V05198,250.0,0.9661455,standard,False,synthetic
V05199,250.0,1.13037906,preferred,True,synthetic
V05200,1100.807056,1.14838446,standard,False,synthetic
V05201,701.996314,0.7351358,commercial,True,synthetic
V05202,845.409891,0.76048089,standard,True,synthetic
V05203,2159.068205,1.20141434,standard,True,synthetic
V05204,746.516329,0.62242237,standard,True,synthetic
V05205,1674.881142,1.0829942,standard,True,synthetic
V05206,631.694212,0.58897368,standard,True,synthetic
V05207,857.568802,0.53843838,standard,True,synthetic
V05208,1136.850955,0.64081781,standard,True,synthetic
V05209,488.05717,1.26959155,preferred,True,synthetic
V05210,819.396479,0.82342307,preferred,True,synthetic
V05211,1071.246587,1.29459034,standard,True,synthetic
V05212,429.359476,0.83328617,standard,False,synthetic
V05213,923.748312,1.12944681,preferred,False,synthetic
V05214,616.281702,1.26795858,standard,True,synthetic
V05215,585.126347,0.66352613,standard,True,synthetic
V05216,603.741262,1.58159166,commercial,True,synthetic
V05217,901.845095,0.90651329,preferred,True,synthetic
V05218,330.674044,0.53296022,standard,True,synthetic
V05219,400.249691,2.08885031,commercial,False,synthetic
V05220,509.375602,0.7725285,standard,True,synthetic
V05221,886.289401,1.34117701,preferred,True,synthetic
V05222,1193.76437,1.22534388,standard,True,synthetic
V05223,1078.939559,1.57240952,standard,True,synthetic
V05224,947.595391,1.46676664,preferred,True,synthetic
V05225,694.705716,0.69203124,standard,True,synthetic
V05226,2380.223689,0.54148727,standard,True,synthetic
V05227,785.893287,1.05487974,commercial,True,synthetic
V05228,278.316424,1.70809469,standard,False,synthetic
V05229,406.100852,1.09830134,standard,True,synthetic
V05230,1230.750875,0.99815463,standard,True,synthetic
V05231,1801.414905,1.24185486,preferred,True,synthetic
V05232,265.204051,1.47532996,commercial,False,synthetic
V05233,364.597611,1.14990155,standard,True,synthetic
V05234,1617.617863,0.70483578,preferred,True,synthetic
V05235,622.274382,1.03433415,standard,True,synthetic
V05236,332.857372,0.8171049,standard,False,synthetic
V05237,318.711664,0.67959694,preferred,False,synthetic
V05238,1575.788873,0.89223621,standard,True,synthetic
V05239,669.724906,0.76766786,preferred,True,synthetic
V05240,542.729136,0.76585809,preferred,False,synthetic
V05241,473.802498,1.48372601,standard,True,synthetic
V05242,770.129545,0.9229543,preferred,False,synthetic
V05243,2125.472352,1.00640121,preferred,False,synthetic
V05244,434.218183,1.47977,standard,False,synthetic
V05245,1144.651747,1.20166157,preferred,True,synthetic
V05246,567.77986,0.84094007,standard,True,synthetic
V05247,293.772455,2.14578093,standard,True,synthetic
V05248,327.050887,0.90365784,commercial,True,synthetic
V05249,487.644127,1.47851271,commercial,True,synthetic
V05250,1393.404809,0.59514171,preferred,True,synthetic
V05251,779.496881,1.99882434,standard,False,synthetic
V05252,819.201242,2.18626446,preferred,True,synthetic
V05253,250.0,0.92889062,commercial,True,synthetic
V05254,250.0,0.60650349,standard,True,synthetic
V05255,575.10486,1.81920396,commercial,True,synthetic
V05256,810.160399,1.00183057,standard,True,synthetic
V05257,591.033894,1.25823627,standard,True,synthetic
V05258,1141.873362,0.76951022,standard,True,synthetic
V05259,697.144214,0.65132505,standard,True,synthetic
V05260,1576.416695,0.72397124,preferred,True,synthetic
V05261,503.454991,0.97079026,standard,True,synthetic
V05262,1143.979223,1.37477651,preferred,False,synthetic
V05263,2107.834556,0.89017967,standard,True,synthetic
V05264,759.610988,0.5273122,preferred,True,synthetic
V05265,813.102986,1.0473492,standard,True,synthetic
V05266,557.557415,0.66525623,preferred,True,synthetic
V05267,487.39799,0.73743324,standard,True,synthetic
V05268,255.591099,1.21438671,commercial,True,synthetic
V05269,626.651807,0.65526262,standard,False,synthetic
V05270,1106.611563,0.70744642,standard,True,synthetic
V05271,592.614272,1.08938862,standard,True,synthetic
V05272,733.086451,0.90426143,standard,True,synthetic
V05273,1284.947176,1.49768375,preferred,True,synthetic
V05274,1267.745032,1.33103076,standard,True,synthetic
V05275,832.109523,1.55264785,preferred,False,synthetic
V05276,493.531781,1.2510763,preferred,True,synthetic
V05277,429.130468,1.02261636,standard,False,synthetic
V05278,768.909625,1.09069117,standard,True,synthetic
V05279,635.36188,1.58717771,standard,True,synthetic
V05280,259.844475,1.11160889,standard,False,synthetic
V05281,2308.497037,1.21125302,standard,False,synthetic
V05282,839.425602,1.06206018,preferred,True,synthetic
V05283,1149.630913,0.71674935,standard,True,synthetic
V05284,1366.95681,0.69561206,standard,True,synthetic
V05285,509.747966,1.0214148,standard,True,synthetic
V05286,322.076236,1.14214714,commercial,True,synthetic
V05287,867.45398,2.28554921,standard,True,synthetic
V05288,878.765463,0.80225829,standard,True,synthetic
V05289,956.369325,0.9427,standard,False,synthetic
V05290,770.625593,1.94781525,standard,True,synthetic
V05291,1434.578746,1.3944167,commercial,True,synthetic
V05292,873.804991,0.83872438,standard,False,synthetic
V05293,3500.0,1.5526805,standard,True,synthetic
V05294,979.687289,1.19249955,preferred,True,synthetic
V05295,775.621323,0.77061864,standard,False,synthetic
V05296,1755.913037,1.0541725,preferred,False,synthetic
V05297,2414.471871,1.49562713,preferred,True,synthetic
V05298,590.034854,0.78408526,standard,False,synthetic
V05299,624.116508,0.88371668,preferred,False,synthetic
V05300,306.978191,1.42147553,standard,True,synthetic
V05301,614.699266,0.76736264,preferred,False,synthetic
V05302,1884.593276,0.82450952,standard,True,synthetic
V05303,2292.701486,0.61053562,preferred,True,synthetic
V05304,971.486716,0.67972133,standard,True,synthetic
V05305,1385.567441,1.01354975,standard,False,synthetic
V05306,453.856632,1.97889136,standard,False,synthetic
V05307,725.754125,1.1473397,standard,False,synthetic
V05308,572.233452,0.81453331,standard,True,synthetic
V05309,250.0,1.09375024,preferred,False,synthetic
V05310,1729.155009,1.07261322,commercial,True,synthetic
V05311,866.612859,0.74398235,standard,True,synthetic
V05312,1532.028366,0.8686843,standard,True,synthetic
V05313,342.807343,1.76396915,standard,True,synthetic
V05314,1149.022689,0.90062285,standard,False,synthetic
V05315,719.271458,1.0842227,preferred,True,synthetic
V05316,1403.979566,0.88405034,commercial,True,synthetic
V05317,932.003787,1.75741889,preferred,False,synthetic
V05318,566.252449,0.58632092,standard,True,synthetic
V05319,2338.884945,1.1320918,standard,True,synthetic
V05320,855.840384,1.31122921,standard,True,synthetic
V05321,1808.901869,1.34315154,standard,True,synthetic
V05322,785.207683,1.17109809,preferred,False,synthetic
V05323,876.582198,0.97900523,standard,False,synthetic
V05324,943.616982,0.64785939,standard,False,synthetic
V05325,673.559392,0.67250775,standard,False,synthetic
V05326,880.949806,1.67182783,standard,False,synthetic
V05327,426.62887,0.67599778,standard,True,synthetic
V05328,958.962361,0.76559076,standard,True,synthetic
V05329,552.811122,0.59470739,preferred,False,synthetic
V05330,457.658816,1.59122081,preferred,False,synthetic
V05331,699.084069,1.39183025,commercial,True,synthetic
V05332,654.296555,0.63232286,standard,True,synthetic
V05333,393.089969,0.4,standard,False,synthetic
V05334,499.991518,1.87319331,preferred,True,synthetic
V05335,2322.433779,1.20002689,standard,False,synthetic
V05336,885.700898,0.98310066,standard,True,synthetic
V05337,806.426861,0.94622869,standard,True,synthetic
V05338,1627.979741,0.93033303,standard,True,synthetic
V05339,531.455141,0.96975768,preferred,False,synthetic
V05340,855.830248,1.14652073,standard,True,synthetic
V05341,1634.909361,1.14843402,standard,True,synthetic
V05342,606.68,1.19368201,standard,False,synthetic
V05343,881.692136,0.65269978,standard,False,synthetic
V05344,1126.708893,1.38892099,preferred,True,synthetic
V05345,537.538804,1.39078724,preferred,False,synthetic
V05346,656.495413,0.71755239,preferred,True,synthetic
V05347,328.014365,0.86979077,standard,True,synthetic
V05348,355.75263,1.04285535,commercial,True,synthetic
V05349,1016.922524,0.86215036,standard,True,synthetic
V05350,1920.819652,0.5789725,standard,True,synthetic
V05351,811.001535,1.07911627,preferred,True,synthetic
V05352,649.990522,1.17284213,standard,False,synthetic
V05353,1050.431979,1.18511474,commercial,False,synthetic
V05354,689.788466,1.1137942,standard,False,synthetic
V05355,1779.967792,1.46226366,standard,False,synthetic
V05356,647.871633,0.8318716,standard,True,synthetic
V05357,1445.758739,0.6411906,commercial,False,synthetic
V05358,313.440446,0.75009712,preferred,False,synthetic
V05359,644.77767,0.9490699,preferred,True,synthetic
V05360,1292.140859,1.39462458,standard,True,synthetic
V05361,981.708995,1.36929181,standard,True,synthetic
V05362,841.655916,1.38701228,standard,True,synthetic
V05363,987.607,1.17850267,commercial,True,synthetic
V05364,610.608919,0.86598615,standard,True,synthetic
V05365,691.814942,1.2805285,standard,True,synthetic
V05366,398.596451,0.71710006,standard,False,synthetic
V05367,824.069741,0.67701562,preferred,True,synthetic
V05368,640.128631,1.47782696,standard,False,synthetic
V05369,570.778762,0.89664675,preferred,True,synthetic
V05370,1102.328435,1.37386398,commercial,True,synthetic
V05371,1157.081745,1.01769769,standard,True,synthetic
V05372,605.413781,0.92172228,standard,True,synthetic
V05373,487.566494,0.50966603,standard,True,synthetic
V05374,1092.649418,1.97706631,standard,True,synthetic
V05375,514.85324,0.81002514,preferred,True,synthetic
V05376,569.110395,0.54612128,standard,True,synthetic
V05377,490.641527,1.05479485,preferred,True,synthetic
V05378,789.008617,0.74213039,commercial,True,synthetic
V05379,623.884576,0.74149318,standard,True,synthetic
V05380,280.37556,1.4839315,standard,True,synthetic
V05381,1164.232344,0.63986173,standard,False,synthetic
V05382,459.402494,0.47460508,standard,True,synthetic
V05383,947.93505,0.92502951,standard,True,synthetic
V05384,1155.677531,1.11925285,commercial,True,synthetic
V05385,1902.369519,0.99662212,preferred,True,synthetic
V05386,654.298095,0.53252885,standard,True,synthetic
V05387,280.908063,0.97513269,preferred,True,synthetic
V05388,797.825744,1.39774754,standard,True,synthetic
V05389,933.028517,0.82210829,standard,True,synthetic
V05390,609.423609,0.77868417,commercial,True,synthetic
V05391,1277.519723,1.32983711,preferred,True,synthetic
V05392,1558.701434,1.10722154,preferred,True,synthetic
V05393,991.475216,0.79075973,standard,False,synthetic
V05394,757.672532,0.94079331,standard,True,synthetic
V05395,919.834602,0.82592936,commercial,True,synthetic
V05396,1182.00189,1.1461811,preferred,True,synthetic
V05397,1374.629684,1.16336106,preferred,False,synthetic
V05398,819.543865,0.7039789,preferred,True,synthetic
V05399,388.931894,0.88706476,preferred,True,synthetic
V05400,558.31823,0.73925842,standard,True,synthetic
V05401,1577.614952,1.83421709,standard,True,synthetic
V05402,777.338527,1.31848997,standard,True,synthetic
V05403,811.555357,1.39314169,preferred,False,synthetic
V05404,380.100374,1.07602748,preferred,True,synthetic
V05405,900.967195,0.9127291,standard,False,synthetic
V05406,506.508533,1.00601876,standard,False,synthetic
V05407,367.711974,1.26721846,standard,True,synthetic
V05408,624.371435,1.1175679,standard,False,synthetic
V05409,250.0,1.4893037,standard,True,synthetic
V05410,880.672662,0.71012027,preferred,True,synthetic
V05411,395.748643,0.79284954,standard,False,synthetic
V05412,262.18859,0.79225394,standard,True,synthetic
V05413,494.74965,1.28664278,commercial,True,synthetic
V05414,590.909069,1.30450132,standard,True,synthetic
V05415,1065.331406,1.72272345,standard,True,synthetic
V05416,3199.621963,0.772371,standard,True,synthetic
V05417,745.889725,0.58300481,standard,True,synthetic
V05418,631.910551,1.41731937,standard,True,synthetic
V05419,303.555683,1.44651612,preferred,True,synthetic
V05420,781.250609,1.16531915,standard,False,synthetic
V05421,456.632668,0.82466695,preferred,False,synthetic
V05422,606.087538,1.76949271,preferred,False,synthetic
V05423,822.701766,1.75357087,standard,True,synthetic
V05424,916.864259,1.17909366,commercial,False,synthetic
V05425,423.167991,0.89775783,standard,True,synthetic
V05426,985.289002,0.7999843,preferred,True,synthetic
V05427,1140.748805,0.76173117,standard,True,synthetic
V05428,613.333822,1.17662185,standard,True,synthetic
V05429,437.93509,1.38632243,preferred,True,synthetic
V05430,1248.934878,0.82371135,standard,False,synthetic
V05431,1087.933242,1.20488006,preferred,True,synthetic
V05432,1354.984244,1.06118892,standard,True,synthetic
V05433,564.346727,0.99683398,standard,True,synthetic
V05434,552.386106,0.55043329,preferred,True,synthetic
V05435,1131.812535,0.53236623,standard,False,synthetic
V05436,489.549256,1.18812697,preferred,True,synthetic
V05437,1563.939524,1.54347122,standard,True,synthetic
V05438,366.783402,0.98556039,standard,False,synthetic
V05439,396.617748,0.90381835,preferred,False,synthetic
V05440,384.238726,0.89844519,standard,True,synthetic
V05441,1637.786714,0.63112518,standard,True,synthetic
V05442,461.498747,1.86281472,standard,True,synthetic
V05443,422.624001,0.82600281,standard,True,synthetic
V05444,589.953743,0.66312092,standard,True,synthetic
V05445,1357.655276,1.8992081,standard,True,synthetic
V05446,765.437686,0.91002128,standard,True,synthetic
V05447,1773.882009,1.23717345,standard,True,synthetic
V05448,464.1381,0.82013425,standard,True,synthetic
V05449,1047.860161,0.70700251,preferred,True,synthetic
V05450,716.837527,0.83466434,standard,True,synthetic
V05451,406.785098,0.89087989,standard,False,synthetic
V05452,727.011741,1.0770432,standard,True,synthetic
V05453,1124.448874,1.50316793,standard,False,synthetic
V05454,382.860635,1.43268744,standard,True,synthetic
V05455,672.962187,0.80001541,preferred,True,synthetic
V05456,2514.473894,1.01728429,preferred,True,synthetic
V05457,2820.188346,0.90218822,preferred,True,synthetic
V05458,617.360236,2.14482228,preferred,True,synthetic
V05459,406.208617,0.95237298,standard,True,synthetic
V05460,1095.189512,1.10168229,preferred,True,synthetic
V05461,382.327704,1.09801159,standard,False,synthetic
V05462,513.219292,0.84841988,standard,True,synthetic
V05463,518.632124,1.43741553,standard,True,synthetic
V05464,854.171064,1.09663505,preferred,False,synthetic
V05465,434.374365,1.3376268,commercial,True,synthetic
V05466,250.0,0.80498253,standard,True,synthetic
V05467,605.849922,1.04111435,standard,True,synthetic
V05468,250.0,0.92243039,commercial,True,synthetic
V05469,980.567339,1.16050943,standard,True,synthetic
V05470,458.041556,1.11292091,standard,True,synthetic
V05471,534.211398,0.92225918,standard,False,synthetic
V05472,1093.678543,0.65856187,commercial,True,synthetic
V05473,928.940538,1.66050625,preferred,True,synthetic
V05474,847.769695,1.04835862,standard,False,synthetic
V05475,936.285906,0.86947087,preferred,False,synthetic
V05476,1458.314814,1.29560594,standard,True,synthetic
V05477,409.539561,0.78832577,standard,True,synthetic
V05478,603.015263,0.43581357,standard,True,synthetic
V05479,921.061687,1.12930428,preferred,True,synthetic
V05480,318.819222,0.71222138,preferred,False,synthetic
V05481,814.515965,1.11265561,commercial,True,synthetic
V05482,1670.274522,1.1604744,standard,True,synthetic
V05483,956.383424,0.85658247,preferred,True,synthetic
V05484,1419.066041,1.56101668,standard,True,synthetic
V05485,765.518175,0.63350504,preferred,True,synthetic
V05486,1002.968177,0.66288269,standard,False,synthetic
V05487,2349.649913,0.73897459,preferred,True,synthetic
V05488,709.027814,0.61170491,standard,True,synthetic
V05489,936.933927,0.61737309,standard,False,synthetic
V05490,512.128272,1.387503,preferred,True,synthetic
V05491,1500.663356,1.12432288,standard,True,synthetic
V05492,250.0,1.74571168,standard,True,synthetic
V05493,319.778757,0.6036765,standard,True,synthetic
V05494,260.28485,0.79692948,standard,True,synthetic
V05495,771.023278,1.16808065,standard,False,synthetic
V05496,525.751296,0.55057662,standard,True,synthetic
V05497,1096.020439,1.08845869,preferred,True,synthetic
V05498,1150.835663,0.8399913,standard,True,synthetic
V05499,826.241893,0.81598332,standard,False,synthetic
V05500,815.146011,0.9862962,commercial,True,synthetic
V05501,432.310484,0.73117099,preferred,True,synthetic
V05502,304.908175,0.84534366,standard,True,synthetic
V05503,960.293733,0.81103698,preferred,True,synthetic
V05504,804.30278,1.23915141,preferred,True,synthetic
V05505,1858.19324,0.61255645,preferred,True,synthetic
V05506,679.401317,1.44500125,commercial,False,synthetic
V05507,626.696807,0.42221281,preferred,True,synthetic
V05508,1011.438046,1.01303328,preferred,True,synthetic
V05509,395.662122,1.48965881,standard,True,synthetic
V05510,830.684112,1.13226128,preferred,True,synthetic
V05511,382.898116,1.54660178,preferred,True,synthetic
V05512,434.854538,0.98269675,standard,False,synthetic
V05513,326.136451,1.14730955,standard,False,synthetic
V05514,1237.218973,1.28131764,commercial,False,synthetic
V05515,636.311041,0.88701411,commercial,True,synthetic
V05516,949.820606,0.53135816,preferred,False,synthetic
V05517,1017.796605,0.91466478,commercial,True,synthetic
V05518,712.376616,1.28714213,preferred,False,synthetic
V05519,1435.6762,1.4617412,standard,True,synthetic
V05520,852.22763,1.0045805,standard,True,synthetic
V05521,2141.402016,1.07995559,standard,True,synthetic
V05522,606.939837,0.50665128,standard,True,synthetic
V05523,1576.973207,0.71472792,standard,True,synthetic
V05524,1146.135708,1.11562744,standard,True,synthetic
V05525,614.92953,0.55421589,standard,True,synthetic
V05526,1580.581179,1.11870263,preferred,False,synthetic
V05527,281.299656,2.09168079,standard,True,synthetic
V05528,685.35277,0.98727816,commercial,True,synthetic
V05529,905.259127,0.92863457,standard,True,synthetic
V05530,360.495724,0.82260417,standard,True,synthetic
V05531,640.940042,1.11991466,standard,True,synthetic
V05532,948.413866,0.7572211,standard,True,synthetic
V05533,741.529062,0.96386211,preferred,True,synthetic
V05534,453.329451,0.60373105,standard,True,synthetic
V05535,659.819227,1.21599728,standard,False,synthetic
V05536,309.204435,1.34815555,preferred,True,synthetic
V05537,1906.32904,1.41672826,standard,False,synthetic
V05538,766.568009,0.89149136,preferred,True,synthetic
V05539,1459.613878,1.27095769,standard,True,synthetic
V05540,746.395038,0.90381472,standard,False,synthetic
V05541,418.255937,1.58933789,standard,True,synthetic
V05542,1406.236081,1.23744645,standard,False,synthetic
V05543,951.780453,0.65222064,standard,False,synthetic
V05544,450.478013,0.94146283,standard,False,synthetic
V05545,1129.963864,1.73918557,standard,False,synthetic
V05546,865.099772,0.76544061,standard,False,synthetic
V05547,1061.128733,1.15728111,preferred,True,synthetic
V05548,609.36349,1.13442263,standard,True,synthetic
V05549,343.79219,1.17277201,commercial,False,synthetic
V05550,574.163758,1.00344061,standard,False,synthetic
V05551,438.784633,1.13376475,standard,True,synthetic
V05552,1558.750335,0.66902482,standard,False,synthetic
V05553,745.667746,1.01401153,commercial,False,synthetic
V05554,918.750676,0.5968669,standard,False,synthetic
V05555,710.722492,1.17738638,preferred,False,synthetic
V05556,741.22396,1.09892305,standard,True,synthetic
V05557,938.379305,0.68424107,standard,True,synthetic
V05558,1297.199596,0.62981076,preferred,False,synthetic
V05559,561.517199,0.71131551,preferred,True,synthetic
V05560,540.222055,1.11217331,standard,True,synthetic
V05561,904.447472,1.81403279,standard,True,synthetic
V05562,332.728687,0.71898874,commercial,False,synthetic
V05563,804.780886,1.35341607,standard,False,synthetic
V05564,1101.308876,0.86816514,standard,True,synthetic
V05565,1002.513696,0.57926029,standard,True,synthetic
V05566,1299.874977,0.79400277,standard,False,synthetic
V05567,1158.072247,1.29273497,commercial,True,synthetic
V05568,2606.65905,1.09481459,standard,True,synthetic
V05569,543.100295,0.83264101,standard,True,synthetic
V05570,981.176855,1.3580349,standard,True,synthetic
V05571,250.0,0.57885897,standard,True,synthetic
V05572,531.778793,1.31700875,preferred,True,synthetic
V05573,622.870868,0.82733841,preferred,True,synthetic
V05574,484.931874,1.2588257,preferred,True,synthetic
V05575,1337.651579,1.24807833,standard,True,synthetic
V05576,859.078092,1.16763109,standard,True,synthetic
V05577,430.105749,0.74794624,preferred,True,synthetic
V05578,794.957179,0.90794916,preferred,True,synthetic
V05579,1193.397332,0.84379277,standard,True,synthetic
V05580,915.472898,1.10609387,preferred,True,synthetic
V05581,563.43439,1.6130093,standard,True,synthetic
V05582,1840.872574,1.02096602,standard,True,synthetic
V05583,1632.182305,0.60689395,commercial,True,synthetic
V05584,1260.134007,0.56821566,standard,True,synthetic
V05585,620.926922,0.6791089,standard,True,synthetic
V05586,528.742492,0.8003939,standard,True,synthetic
V05587,1808.3501,0.8876853,preferred,True,synthetic
V05588,253.781757,0.78890743,preferred,True,synthetic
V05589,251.502285,1.1371563,standard,True,synthetic
V05590,474.501124,0.96328336,standard,True,synthetic
V05591,1095.374802,0.8545887,standard,True,synthetic
V05592,523.982645,0.91601875,standard,True,synthetic
V05593,537.520203,0.77932346,preferred,True,synthetic
V05594,250.0,0.4949785,preferred,True,synthetic
V05595,959.755383,0.77436114,commercial,True,synthetic
V05596,914.884055,1.41769857,standard,True,synthetic
V05597,403.865972,1.37064397,standard,True,synthetic
V05598,411.039078,0.7686069,commercial,True,synthetic
V05599,348.588564,0.76336562,standard,True,synthetic
V05600,864.851332,0.9768474,preferred,False,synthetic
V05601,650.241395,0.89139239,standard,False,synthetic
V05602,337.314973,1.16728824,preferred,True,synthetic
V05603,1506.143836,0.77739597,standard,True,synthetic
V05604,554.391167,0.86167297,standard,False,synthetic
V05605,883.721846,0.78354496,commercial,True,synthetic
V05606,758.036334,0.69130733,standard,True,synthetic
V05607,1231.219282,0.81360758,standard,True,synthetic
V05608,685.330591,1.05679133,preferred,True,synthetic
V05609,676.99231,1.03911849,standard,True,synthetic
V05610,459.798951,0.53403656,standard,True,synthetic
V05611,580.974066,0.85411293,standard,True,synthetic
V05612,1046.729862,2.16333269,preferred,True,synthetic
V05613,684.033633,0.87257345,standard,False,synthetic
V05614,963.175985,0.93245111,standard,True,synthetic
V05615,1138.375188,0.44429611,preferred,True,synthetic
V05616,971.024693,1.83740202,preferred,False,synthetic
V05617,959.040941,0.66405956,commercial,True,synthetic
V05618,1352.753031,1.47095078,preferred,True,synthetic
V05619,1024.051022,1.92328622,preferred,True,synthetic
V05620,1843.521925,0.92452644,standard,True,synthetic
V05621,694.821394,2.19821488,standard,False,synthetic
V05622,636.130804,0.55605432,preferred,True,synthetic
V05623,1816.453223,1.02408469,standard,False,synthetic
V05624,421.526003,1.23697627,standard,True,synthetic
V05625,766.854154,1.09210332,standard,False,synthetic
V05626,668.227679,1.27189238,standard,True,synthetic
V05627,489.888829,1.20587369,standard,False,synthetic
V05628,511.658771,1.17339554,commercial,False,synthetic
V05629,2604.009428,0.81588784,preferred,True,synthetic
V05630,655.966394,1.95688817,preferred,True,synthetic
V05631,594.880082,1.30321791,preferred,True,synthetic
V05632,1021.625219,1.11319855,standard,False,synthetic
V05633,402.963039,1.06639171,preferred,True,synthetic
V05634,538.334419,0.80907103,preferred,True,synthetic
V05635,1517.78058,1.44163641,standard,True,synthetic
V05636,370.090219,1.15275298,commercial,True,synthetic
V05637,1058.83291,0.7088014,standard,True,synthetic
V05638,1232.550644,0.60528167,standard,False,synthetic
V05639,562.872499,0.95247625,commercial,True,synthetic
V05640,405.539702,1.35588037,standard,False,synthetic
V05641,1369.985006,0.87385852,standard,True,synthetic
V05642,511.206382,1.13713621,standard,True,synthetic
V05643,643.819067,1.52126359,standard,False,synthetic
V05644,510.324623,1.15667386,standard,False,synthetic
V05645,492.447305,1.10597813,commercial,True,synthetic
V05646,481.665933,1.17578558,standard,False,synthetic
V05647,1340.14023,0.97039434,preferred,True,synthetic
V05648,1105.158336,0.88893007,standard,True,synthetic
V05649,616.603732,0.59153704,preferred,True,synthetic
V05650,664.157254,1.34064042,preferred,False,synthetic
V05651,634.443001,0.75554869,commercial,True,synthetic
V05652,1987.195573,1.24879314,standard,False,synthetic
V05653,485.727851,1.40164099,commercial,True,synthetic
V05654,689.005528,0.85627889,preferred,True,synthetic
V05655,828.550777,1.27610064,standard,True,synthetic
V05656,550.896214,0.99576154,preferred,True,synthetic
V05657,950.717953,1.05555068,preferred,True,synthetic
V05658,540.059041,1.20723625,standard,True,synthetic
V05659,429.042983,0.62193174,standard,True,synthetic
V05660,819.581036,1.74505397,commercial,True,synthetic
V05661,789.939757,1.62316231,standard,True,synthetic
V05662,1303.766928,1.38015056,preferred,True,synthetic
V05663,1675.630383,2.75238289,preferred,True,synthetic
V05664,484.59614,0.81650444,standard,True,synthetic
V05665,517.905403,0.94163735,preferred,True,synthetic
V05666,387.57896,0.59916,standard,False,synthetic
V05667,473.338884,1.34856992,preferred,True,synthetic
V05668,1215.025957,0.74875624,standard,False,synthetic
V05669,848.124828,0.72963129,standard,True,synthetic
V05670,375.613486,1.25007997,standard,True,synthetic
V05671,433.818867,0.69629351,standard,False,synthetic
V05672,1242.176532,1.31651496,preferred,False,synthetic
V05673,1436.045213,0.92425054,commercial,True,synthetic
V05674,451.16406,0.96127485,commercial,True,synthetic
V05675,418.645199,0.94710789,standard,True,synthetic
V05676,1340.404672,1.09907322,standard,False,synthetic
V05677,796.212502,0.78260424,standard,False,synthetic
V05678,391.558699,1.81001484,commercial,True,synthetic
V05679,2902.646974,1.35136805,preferred,True,synthetic
V05680,404.613713,0.92019235,standard,False,synthetic
V05681,692.694957,0.68946782,standard,True,synthetic
V05682,1975.221428,1.15283965,standard,False,synthetic
V05683,564.906913,1.13146075,standard,True,synthetic
V05684,1468.992517,1.25682322,standard,False,synthetic
V05685,993.434546,0.79796245,standard,False,synthetic
V05686,413.923618,1.19130131,standard,True,synthetic
V05687,736.836054,1.02282944,standard,True,synthetic
V05688,1124.255836,0.77376238,standard,True,synthetic
V05689,500.281098,1.40725878,standard,False,synthetic
V05690,844.809814,0.84606986,standard,True,synthetic
V05691,813.717555,0.51656008,standard,False,synthetic
V05692,960.440365,1.12732462,standard,True,synthetic
V05693,455.567822,0.69425387,preferred,True,synthetic
V05694,772.224202,1.56020392,standard,True,synthetic
V05695,448.317916,1.33535843,standard,False,synthetic
V05696,2196.018239,1.22796511,preferred,False,synthetic
V05697,795.746392,0.64356754,standard,True,synthetic
V05698,1009.14638,0.65919234,standard,True,synthetic
V05699,1043.390621,1.02751401,standard,True,synthetic
V05700,2107.591952,1.00486551,preferred,False,synthetic
V05701,900.581696,0.79418286,preferred,True,synthetic
V05702,1539.156654,0.70711404,standard,True,synthetic
V05703,1345.224378,0.87023864,preferred,True,synthetic
V05704,356.598625,0.71372725,standard,True,synthetic
V05705,1004.199177,0.55743682,standard,True,synthetic
V05706,635.566405,2.05429142,commercial,False,synthetic
V05707,306.532332,1.07819452,preferred,True,synthetic
V05708,1015.999116,0.7650316,commercial,True,synthetic
V05709,906.911728,0.81035522,standard,True,synthetic
V05710,1073.77877,0.87741612,standard,True,synthetic
V05711,555.062508,0.74367261,standard,False,synthetic
V05712,727.917615,0.81434223,standard,False,synthetic
V05713,397.419034,1.75969304,standard,True,synthetic
V05714,683.107883,1.24502545,standard,True,synthetic
V05715,1239.719964,0.82310576,commercial,True,synthetic
V05716,944.50471,0.86964615,standard,True,synthetic
V05717,441.070005,0.63712837,commercial,True,synthetic
V05718,335.534222,0.56596467,standard,False,synthetic
V05719,763.364024,1.53825039,standard,True,synthetic
V05720,699.220625,1.3313939,standard,True,synthetic
V05721,416.0843,1.52833701,commercial,True,synthetic
V05722,250.0,1.01996576,standard,True,synthetic
V05723,1571.110445,2.85899806,standard,True,synthetic
V05724,971.711581,0.9041336,standard,False,synthetic
V05725,294.750833,0.86945487,standard,True,synthetic
V05726,783.855697,0.51837964,standard,False,synthetic
V05727,325.477873,0.54553599,standard,True,synthetic
V05728,727.277317,0.79365011,commercial,False,synthetic
V05729,933.620767,1.22359529,commercial,True,synthetic
V05730,1022.114762,1.79027027,standard,True,synthetic
V05731,758.543054,0.77995573,standard,False,synthetic
V05732,592.042447,1.18584496,preferred,True,synthetic
V05733,1068.591346,0.80767694,standard,True,synthetic
V05734,529.518262,1.44419481,standard,False,synthetic
V05735,665.021261,0.87478063,preferred,False,synthetic
V05736,361.328846,0.72514117,standard,True,synthetic
V05737,938.109327,1.63672533,standard,True,synthetic
V05738,936.520481,0.85430003,standard,False,synthetic
V05739,451.560127,0.90754144,commercial,False,synthetic
V05740,570.25367,1.41717495,standard,False,synthetic
V05741,489.826425,1.49908871,commercial,True,synthetic
V05742,782.025547,0.64875356,standard,True,synthetic
V05743,1155.187472,1.34197314,standard,False,synthetic
V05744,349.266209,1.4967821,standard,True,synthetic
V05745,793.281138,1.22794693,standard,True,synthetic
V05746,323.375634,1.09216297,standard,False,synthetic
V05747,872.419783,1.09699417,preferred,True,synthetic
V05748,1408.192518,1.2481575,commercial,True,synthetic
V05749,857.255267,0.86628524,standard,True,synthetic
V05750,769.138514,0.71787043,preferred,True,synthetic
V05751,407.200935,1.3434275,standard,True,synthetic
V05752,999.750091,0.74659777,standard,True,synthetic
V05753,1348.005625,1.07978817,standard,False,synthetic
V05754,1136.704092,0.60008383,standard,True,synthetic
V05755,1899.531741,0.98117234,standard,False,synthetic
V05756,345.566586,1.05589061,preferred,True,synthetic
V05757,941.517956,0.83563128,commercial,False,synthetic
V05758,637.667555,1.44697513,standard,False,synthetic
V05759,463.659341,1.38947691,standard,True,synthetic
V05760,840.386573,1.19965102,commercial,True,synthetic
V05761,335.576061,0.7554375,standard,False,synthetic
V05762,806.444402,0.92879887,standard,True,synthetic
V05763,518.074227,0.91509289,standard,True,synthetic
V05764,417.280369,0.88886247,commercial,True,synthetic
V05765,957.095259,0.87113948,standard,True,synthetic
V05766,1266.925285,0.61656938,preferred,True,synthetic
V05767,997.771768,0.98283733,commercial,True,synthetic
V05768,471.355057,0.93607522,standard,False,synthetic
V05769,1062.425801,0.49706615,standard,True,synthetic
V05770,1282.306802,0.83604053,preferred,True,synthetic
V05771,867.117149,1.11690444,standard,True,synthetic
V05772,250.0,0.82644567,standard,True,synthetic
V05773,723.833702,1.04730671,standard,True,synthetic
V05774,257.864965,0.80351828,standard,True,synthetic
V05775,466.032491,0.92674371,preferred,False,synthetic
V05776,739.650995,1.19763808,standard,True,synthetic
V05777,313.325908,1.21202405,standard,True,synthetic
V05778,1079.43469,0.91759265,preferred,False,synthetic
V05779,606.87323,1.1466849,standard,True,synthetic
V05780,1856.288886,0.81658224,standard,True,synthetic
V05781,933.041545,0.81546429,standard,False,synthetic
V05782,1215.700253,1.02865109,preferred,True,synthetic
V05783,558.488094,1.20949789,standard,True,synthetic
V05784,1595.638832,0.92484988,standard,True,synthetic
V05785,437.979389,0.92126931,commercial,False,synthetic
V05786,1405.129027,1.01552022,standard,False,synthetic
V05787,1781.089999,1.10020542,preferred,True,synthetic
V05788,442.081154,1.17098633,commercial,False,synthetic
V05789,424.191622,1.76409409,preferred,True,synthetic
V05790,460.955216,1.57179446,commercial,False,synthetic
V05791,1497.947176,0.68920413,standard,False,synthetic
V05792,1093.028013,1.36221618,standard,True,synthetic
V05793,386.880236,1.17404786,standard,False,synthetic
V05794,1007.012766,1.24298822,standard,True,synthetic
V05795,258.217144,1.12285708,preferred,True,synthetic
V05796,583.836643,1.02479343,commercial,True,synthetic
V05797,930.898188,0.94675373,standard,False,synthetic
V05798,613.305834,0.92163036,standard,False,synthetic
V05799,594.298673,0.76111465,standard,True,synthetic
V05800,465.67659,1.18190462,standard,True,synthetic
V05801,485.774774,0.756625,standard,True,synthetic
V05802,573.167917,1.16158988,standard,True,synthetic
V05803,1690.671734,0.95071208,preferred,True,synthetic
V05804,886.523433,0.694095,standard,False,synthetic
V05805,431.145825,0.62915796,preferred,True,synthetic
V05806,950.505151,1.34066275,standard,True,synthetic
V05807,796.030906,1.14148472,standard,True,synthetic
V05808,528.49321,0.92856176,standard,True,synthetic
V05809,373.329442,0.62302577,standard,True,synthetic
V05810,577.597953,0.92538463,standard,False,synthetic
V05811,621.28052,1.28459046,standard,True,synthetic
V05812,763.870922,0.92631119,standard,True,synthetic
V05813,466.578616,1.02775272,standard,False,synthetic
V05814,1165.653499,0.97495638,commercial,True,synthetic
V05815,253.571661,0.7909606,standard,True,synthetic
V05816,540.166136,0.45814268,preferred,False,synthetic
V05817,815.596353,1.35026681,standard,True,synthetic
V05818,754.667523,0.95798683,standard,True,synthetic
V05819,3500.0,1.31906512,standard,False,synthetic
V05820,533.076928,0.74631028,standard,False,synthetic
V05821,934.405832,1.16482106,standard,False,synthetic
V05822,978.768307,1.39599424,commercial,True,synthetic
V05823,976.454099,0.97224212,standard,True,synthetic
V05824,964.117062,0.97958909,standard,False,synthetic
V05825,825.741182,0.89208349,standard,True,synthetic
V05826,2675.902832,0.80102119,preferred,True,synthetic
V05827,705.195112,1.25352808,preferred,True,synthetic
V05828,892.548076,1.00773987,preferred,True,synthetic
V05829,369.318119,1.03312834,standard,True,synthetic
V05830,356.055384,1.11091342,preferred,True,synthetic
V05831,908.447053,1.20444636,standard,False,synthetic
V05832,625.726571,1.13318218,preferred,True,synthetic
V05833,448.5328,0.57159464,standard,True,synthetic
V05834,805.309036,1.01008629,standard,True,synthetic
V05835,1736.306375,1.54884037,standard,False,synthetic
V05836,1877.410319,1.0479257,standard,False,synthetic
V05837,1323.861962,1.113781,preferred,True,synthetic
V05838,1153.336656,1.24888535,standard,False,synthetic
V05839,368.133855,0.80019461,preferred,True,synthetic
V05840,250.0,0.66069499,standard,True,synthetic
V05841,1094.997112,1.25410914,preferred,True,synthetic
V05842,609.323953,0.70260563,preferred,True,synthetic
V05843,1215.642728,0.49528432,preferred,False,synthetic
V05844,501.998904,1.63852589,standard,True,synthetic
V05845,869.889249,0.58969439,standard,True,synthetic
V05846,1820.888266,1.33409423,standard,True,synthetic
V05847,884.989962,1.08506886,standard,True,synthetic
V05848,1066.686622,1.18994468,standard,True,synthetic
V05849,415.44021,1.22425404,standard,True,synthetic
V05850,1485.173734,0.78267688,standard,True,synthetic
V05851,841.820202,0.77578722,standard,True,synthetic
V05852,423.181994,0.89653008,standard,False,synthetic
V05853,492.370017,0.77792961,preferred,False,synthetic
V05854,1544.874407,1.55559745,standard,False,synthetic
V05855,348.114836,1.14888127,standard,True,synthetic
V05856,1538.578283,1.41092674,preferred,False,synthetic
V05857,1017.580434,0.70721605,standard,True,synthetic
V05858,549.440895,0.93654191,preferred,False,synthetic
V05859,1173.575471,0.68486411,preferred,True,synthetic
V05860,846.778166,1.7753298,commercial,True,synthetic
V05861,1152.536053,0.81514092,standard,False,synthetic
V05862,764.288211,0.46156667,commercial,True,synthetic
V05863,1264.273845,0.91648202,standard,True,synthetic
V05864,273.932532,1.58591146,standard,False,synthetic
V05865,808.880091,0.87218122,standard,True,synthetic
V05866,955.089226,1.59139953,standard,True,synthetic
V05867,690.778485,0.95935449,standard,True,synthetic
V05868,693.074107,1.21295239,standard,True,synthetic
V05869,1822.993939,0.74071526,commercial,False,synthetic
V05870,824.138904,0.97060494,standard,True,synthetic
V05871,699.974375,1.16337688,standard,False,synthetic
V05872,661.534438,1.13995514,standard,True,synthetic
V05873,760.972215,1.2580123,standard,True,synthetic
V05874,1368.186979,1.65369268,standard,True,synthetic
V05875,1050.193114,1.67332047,preferred,True,synthetic
V05876,589.718098,1.08857062,standard,True,synthetic
V05877,830.197108,0.76419183,standard,True,synthetic
V05878,1179.462282,0.94033063,standard,True,synthetic
V05879,905.168454,0.84701701,commercial,True,synthetic
V05880,799.024559,0.8650404,preferred,True,synthetic
V05881,1251.687486,1.41074671,standard,False,synthetic
V05882,949.139205,0.75884349,standard,True,synthetic
V05883,962.469272,0.99699595,commercial,True,synthetic
V05884,443.103465,0.90327341,standard,False,synthetic
V05885,669.884423,0.77392118,preferred,True,synthetic
V05886,430.459246,0.95139718,standard,True,synthetic
V05887,1276.579477,0.79462735,standard,True,synthetic
V05888,3276.988505,1.36295651,standard,True,synthetic
V05889,1175.865416,1.07666971,preferred,True,synthetic
V05890,800.444029,1.13721344,commercial,False,synthetic
V05891,1061.019248,1.47253347,standard,True,synthetic
V05892,2766.410409,1.31317742,standard,True,synthetic
V05893,1048.716112,1.87321862,standard,True,synthetic
V05894,400.732841,1.06409721,standard,False,synthetic
V05895,348.26,0.88453018,standard,False,synthetic
V05896,372.655882,0.66792056,preferred,True,synthetic
V05897,1017.113444,1.97809854,preferred,True,synthetic
V05898,1197.933119,0.69448333,commercial,False,synthetic
V05899,723.071482,1.29578474,preferred,True,synthetic
V05900,310.311955,0.80491337,standard,False,synthetic
V05901,827.664264,1.37384621,preferred,True,synthetic
V05902,1673.346606,0.60181531,preferred,True,synthetic
V05903,977.055901,1.12726181,standard,False,synthetic
V05904,1383.007607,1.06490743,preferred,True,synthetic
V05905,867.828675,0.68978463,standard,True,synthetic
V05906,429.342963,0.79503332,preferred,False,synthetic
V05907,799.966186,0.92562866,standard,True,synthetic
V05908,2130.428672,1.37536456,standard,True,synthetic
V05909,1554.130991,1.45572378,standard,True,synthetic
V05910,436.435893,0.85327649,preferred,True,synthetic
V05911,1087.922522,0.69432924,commercial,True,synthetic
V05912,1011.287598,0.97508039,standard,True,synthetic
V05913,495.890547,2.07003698,standard,True,synthetic
V05914,419.864677,2.09577727,preferred,False,synthetic
V05915,461.343627,1.49174882,standard,False,synthetic
V05916,660.572884,0.87372921,standard,True,synthetic
V05917,960.128038,0.95046209,preferred,True,synthetic
V05918,338.522732,1.34506436,preferred,True,synthetic
V05919,515.704803,0.64307652,standard,True,synthetic
V05920,937.633044,1.06426597,preferred,True,synthetic
V05921,378.161496,0.89852142,commercial,True,synthetic
V05922,1044.911819,1.59097738,standard,False,synthetic
V05923,1213.861984,0.93971144,standard,True,synthetic
V05924,531.224647,1.48848152,standard,True,synthetic
V05925,2429.039779,0.69273586,standard,True,synthetic
V05926,723.483929,0.89706974,standard,True,synthetic
V05927,291.056661,1.03959308,standard,True,synthetic
V05928,688.279761,0.58000517,commercial,False,synthetic
V05929,486.851364,0.74704225,preferred,True,synthetic
V05930,603.408388,0.81213041,standard,True,synthetic
V05931,705.506901,0.61730536,standard,True,synthetic
V05932,534.029733,1.30503653,standard,True,synthetic
V05933,1945.239933,1.19566203,standard,True,synthetic
V05934,308.119438,1.13238992,standard,True,synthetic
V05935,1399.657637,0.80703288,preferred,True,synthetic
V05936,850.75891,0.77822422,commercial,True,synthetic
V05937,1015.726039,1.40593878,preferred,False,synthetic
V05938,962.143893,1.18777951,commercial,False,synthetic
V05939,1589.842946,1.12811714,standard,False,synthetic
V05940,1019.8594,0.6083922,standard,True,synthetic
V05941,471.21836,0.97336684,preferred,False,synthetic
V05942,531.707122,0.75907133,standard,True,synthetic
V05943,750.645592,0.91469663,standard,False,synthetic
V05944,1270.177326,1.5478614,standard,True,synthetic
V05945,1186.703099,1.12241487,preferred,True,synthetic
V05946,291.139452,0.84398961,standard,True,synthetic
V05947,469.743422,0.90346616,standard,True,synthetic
V05948,345.414875,1.56917824,preferred,False,synthetic
V05949,983.487364,0.56037357,standard,False,synthetic
V05950,395.399247,0.78518002,preferred,True,synthetic
V05951,1582.842016,1.77724776,commercial,True,synthetic
V05952,820.848603,0.84504129,preferred,True,synthetic
V05953,449.976475,0.44762081,commercial,True,synthetic
V05954,445.718497,1.16830319,standard,True,synthetic
V05955,651.996694,1.57051557,standard,True,synthetic
V05956,543.90846,1.18447539,commercial,True,synthetic
V05957,709.395296,0.66924772,commercial,True,synthetic
V05958,274.894671,1.8441352,standard,True,synthetic
V05959,1062.863371,1.32540343,commercial,True,synthetic
V05960,512.05079,0.7595493,standard,True,synthetic
V05961,445.686352,1.21060494,standard,False,synthetic
V05962,534.1117,0.52606587,standard,True,synthetic
V05963,1076.742658,1.38041594,standard,True,synthetic
V05964,1632.291289,0.9028604,standard,True,synthetic
V05965,831.828649,0.50571593,standard,True,synthetic
V05966,619.52915,1.33517727,standard,False,synthetic
V05967,814.838111,1.4626292,commercial,False,synthetic
V05968,644.857429,0.48652458,preferred,False,synthetic
V05969,734.981502,1.36362911,preferred,True,synthetic
V05970,1584.938799,0.94746487,standard,True,synthetic
V05971,516.958778,0.87034438,preferred,True,synthetic
V05972,592.873897,1.30638592,preferred,True,synthetic
V05973,1206.315861,1.10148355,standard,True,synthetic
V05974,888.876266,0.8292493,standard,False,synthetic
V05975,799.463818,1.03783328,preferred,False,synthetic
V05976,535.374831,1.37151104,standard,False,synthetic
V05977,1211.896532,1.001655,standard,True,synthetic
V05978,1479.88152,0.83752077,standard,True,synthetic
V05979,831.678277,1.29546067,standard,True,synthetic
V05980,731.069521,1.05913064,standard,True,synthetic
V05981,922.087116,1.49366356,standard,True,synthetic
V05982,641.598387,0.58884022,commercial,True,synthetic
V05983,500.177997,0.46728233,standard,False,synthetic
V05984,464.806066,1.34024405,commercial,False,synthetic
V05985,622.614675,1.71767922,preferred,True,synthetic
V05986,1080.339027,0.6478906,standard,True,synthetic
V05987,690.160513,1.32511686,standard,True,synthetic
V05988,539.653921,0.89563844,preferred,False,synthetic
V05989,494.613239,1.03998877,standard,False,synthetic
V05990,1101.340462,1.20480143,standard,True,synthetic
V05991,343.688303,0.89575795,standard,True,synthetic
V05992,334.576499,0.53439356,standard,True,synthetic
V05993,341.536089,0.75705107,commercial,True,synthetic
V05994,787.050004,0.82886615,standard,True,synthetic
V05995,555.589614,1.18174356,standard,True,synthetic
V05996,396.851409,0.72590409,standard,True,synthetic
V05997,548.540414,0.96824848,commercial,True,synthetic
V05998,2230.61614,0.73681257,standard,False,synthetic
V05999,617.683366,1.50269955,standard,True,synthetic
V06000,1723.48698,1.18035573,standard,True,synthetic
V06001,701.866804,0.85884467,standard,False,synthetic
V06002,250.0,0.98666249,preferred,False,synthetic
V06003,1594.359738,1.74410571,preferred,False,synthetic
V06004,833.891307,0.95864102,standard,True,synthetic
V06005,1396.417894,1.12029142,preferred,True,synthetic
V06006,1835.011564,0.8314947,preferred,False,synthetic
V06007,315.266122,1.41777668,preferred,True,synthetic
V06008,888.089853,1.42692585,standard,True,synthetic
V06009,299.484705,0.64848503,standard,True,synthetic
V06010,2230.078033,1.31575012,standard,False,synthetic
V06011,1197.313133,0.88040705,preferred,True,synthetic
V06012,1417.898288,1.25843103,preferred,False,synthetic
V06013,1559.097352,1.3815999,standard,False,synthetic
V06014,791.591228,1.03694653,preferred,True,synthetic
V06015,543.296373,0.86477447,standard,True,synthetic
V06016,711.131096,0.72777527,standard,True,synthetic
V06017,882.110583,1.27218285,standard,False,synthetic
V06018,1801.724958,0.85673763,standard,True,synthetic
V06019,250.0,1.43633393,standard,True,synthetic
V06020,639.565603,0.78219769,preferred,True,synthetic
V06021,1008.142626,1.23263,commercial,True,synthetic
V06022,770.953505,0.72126055,preferred,True,synthetic
V06023,791.038847,1.04628523,standard,True,synthetic
V06024,1462.790941,0.74199056,preferred,True,synthetic
V06025,2123.324584,0.84730395,standard,True,synthetic
V06026,894.04836,0.58380933,standard,False,synthetic
V06027,703.570227,0.83945435,standard,True,synthetic
V06028,478.058755,1.67725816,standard,True,synthetic
V06029,642.4661,0.72573379,standard,False,synthetic
V06030,1332.121461,0.61789429,standard,True,synthetic
V06031,654.236055,1.07990738,standard,True,synthetic
V06032,1025.503277,1.12417003,standard,True,synthetic
V06033,321.297066,0.88732637,standard,True,synthetic
V06034,805.583721,1.69495141,commercial,True,synthetic
V06035,931.493736,0.54137316,standard,True,synthetic
V06036,355.864382,1.14065358,standard,False,synthetic
V06037,719.436757,0.78589672,standard,True,synthetic
V06038,710.133154,0.74901024,preferred,True,synthetic
V06039,1059.576992,0.92302178,commercial,True,synthetic
V06040,492.948294,1.45443454,standard,False,synthetic
V06041,704.438729,1.51324907,standard,True,synthetic
V06042,791.822696,1.3971332,preferred,True,synthetic
V06043,904.354107,2.43491007,preferred,True,synthetic
V06044,1149.539806,0.95690154,preferred,False,synthetic
V06045,839.230169,1.48318718,preferred,True,synthetic
V06046,571.827025,1.84949159,standard,False,synthetic
V06047,953.266038,1.42728076,standard,True,synthetic
V06048,648.297539,1.21670178,standard,True,synthetic
V06049,1174.659869,0.90686668,standard,True,synthetic
V06050,472.071975,0.50338445,standard,False,synthetic
V06051,846.039402,0.8630845,standard,True,synthetic
V06052,986.786384,0.83221773,standard,True,synthetic
V06053,250.330445,0.96238075,standard,False,synthetic
V06054,550.143056,1.02621051,standard,True,synthetic
V06055,713.589717,0.93687088,standard,True,synthetic
V06056,260.760317,0.63987364,standard,True,synthetic
V06057,286.340758,1.04083095,standard,False,synthetic
V06058,320.890412,0.99044727,standard,True,synthetic
V06059,695.926755,0.63799563,commercial,False,synthetic
V06060,736.321013,1.17640711,preferred,True,synthetic
V06061,939.265759,1.92652476,standard,True,synthetic
V06062,782.235456,1.43398636,standard,False,synthetic
V06063,1104.354999,0.88153321,standard,False,synthetic
V06064,602.857844,1.03630713,standard,True,synthetic
V06065,282.733921,1.13058693,commercial,False,synthetic
V06066,447.489536,0.8856522,standard,True,synthetic
V06067,735.368335,0.68577528,preferred,False,synthetic
V06068,486.00478,1.52538472,standard,True,synthetic
V06069,703.183129,0.85015062,standard,True,synthetic
V06070,508.070406,1.18717117,standard,False,synthetic
V06071,1109.882897,0.93245654,preferred,True,synthetic
V06072,1328.223176,1.12194414,standard,True,synthetic
V06073,450.605468,0.83597788,standard,True,synthetic
V06074,1830.242816,1.27386777,standard,True,synthetic
V06075,396.960417,0.97890747,standard,True,synthetic
V06076,716.485702,1.08429948,preferred,True,synthetic
V06077,353.191613,0.99780151,standard,True,synthetic
V06078,905.801457,0.68450806,standard,False,synthetic
V06079,409.260156,1.02417607,standard,True,synthetic
V06080,457.918439,1.12131766,standard,True,synthetic
V06081,478.788643,0.68645914,preferred,False,synthetic
V06082,327.769392,0.85051415,commercial,True,synthetic
V06083,679.674705,1.12084889,commercial,True,synthetic
V06084,922.693553,0.41172454,standard,True,synthetic
V06085,603.268583,1.31444855,standard,False,synthetic
V06086,815.898304,1.08600042,standard,False,synthetic
V06087,1906.13855,0.85109451,preferred,False,synthetic
V06088,712.672454,0.75148008,preferred,True,synthetic
V06089,534.121957,2.50846016,preferred,True,synthetic
V06090,493.574588,0.59442627,preferred,True,synthetic
V06091,1018.849903,1.11710225,standard,True,synthetic
V06092,659.08715,0.64088924,standard,True,synthetic
V06093,524.226427,0.62473754,standard,False,synthetic
V06094,731.777687,0.62478922,standard,True,synthetic
V06095,477.812452,1.12854681,preferred,True,synthetic
V06096,563.515955,0.88351043,standard,True,synthetic
V06097,1467.359926,0.76788104,standard,True,synthetic
V06098,1044.980963,1.14070935,standard,False,synthetic
V06099,1160.406451,0.54732545,standard,False,synthetic
V06100,445.150018,0.88009489,standard,True,synthetic
V06101,339.367043,1.00088645,standard,False,synthetic
V06102,308.292678,1.03351086,standard,False,synthetic
V06103,250.0,0.87211267,standard,True,synthetic
V06104,674.947566,1.04704856,preferred,True,synthetic
V06105,844.882077,0.93808839,standard,False,synthetic
V06106,1549.992497,1.40277547,commercial,False,synthetic
V06107,1100.97424,0.99455154,preferred,True,synthetic
V06108,527.553142,1.46486332,preferred,True,synthetic
V06109,1620.895566,0.86693507,standard,False,synthetic
V06110,799.862387,0.72411176,standard,True,synthetic
V06111,708.737815,1.1499296,preferred,False,synthetic
V06112,1325.91846,1.35295985,standard,True,synthetic
V06113,1150.506044,1.8239215,standard,False,synthetic
V06114,773.001368,0.71315348,standard,True,synthetic
V06115,306.959634,1.30188382,commercial,False,synthetic
V06116,1324.904456,1.01161042,standard,True,synthetic
V06117,436.277637,0.46322442,preferred,True,synthetic
V06118,579.659192,1.06799449,standard,False,synthetic
V06119,396.193677,0.59713217,standard,True,synthetic
V06120,1272.267436,1.27995327,standard,True,synthetic
V06121,766.312634,1.00077597,standard,False,synthetic
V06122,961.432093,0.99171187,standard,False,synthetic
V06123,913.931647,0.87442973,commercial,True,synthetic
V06124,1857.779339,1.51228564,preferred,True,synthetic
V06125,250.0,0.71923454,standard,True,synthetic
V06126,386.184518,1.0177544,standard,True,synthetic
V06127,1986.995578,0.54193728,commercial,True,synthetic
V06128,1257.906625,0.97948964,preferred,True,synthetic
V06129,1375.189947,0.52015261,standard,False,synthetic
V06130,514.809661,0.50590283,standard,True,synthetic
V06131,1164.428862,1.40838891,standard,True,synthetic
V06132,1330.660788,1.24639127,standard,False,synthetic
V06133,1030.601556,1.18803465,commercial,True,synthetic
V06134,1035.803213,1.99766632,standard,True,synthetic
V06135,380.230566,0.87021861,preferred,False,synthetic
V06136,1885.818942,1.22043286,standard,False,synthetic
V06137,540.746841,1.31365185,preferred,True,synthetic
V06138,420.239169,1.07462189,preferred,True,synthetic
V06139,351.734869,0.72702552,standard,True,synthetic
V06140,1029.870324,1.04508711,preferred,True,synthetic
V06141,278.799787,0.46484622,standard,False,synthetic
V06142,610.494253,0.83108079,standard,True,synthetic
V06143,396.634082,1.50377551,standard,True,synthetic
V06144,870.67916,1.26838027,standard,True,synthetic
V06145,556.445843,1.37071573,standard,True,synthetic
V06146,1131.708721,0.88516158,preferred,False,synthetic
V06147,1235.118355,1.17662313,standard,False,synthetic
V06148,696.959831,0.76153075,standard,True,synthetic
V06149,250.0,1.74472653,standard,False,synthetic
V06150,282.803607,0.94474371,preferred,True,synthetic
V06151,250.0,1.51321666,commercial,True,synthetic
V06152,769.248294,1.0034687,commercial,False,synthetic
V06153,822.049723,1.05593786,preferred,False,synthetic
V06154,413.703662,1.56660144,preferred,True,synthetic
V06155,431.497728,0.94538784,standard,True,synthetic
V06156,430.811016,0.75568484,standard,False,synthetic
V06157,250.0,0.83701075,standard,True,synthetic
V06158,383.708254,0.55169169,standard,False,synthetic
V06159,846.11177,1.22002248,standard,True,synthetic
V06160,878.117509,0.69346021,preferred,True,synthetic
V06161,749.7668,0.73184919,standard,True,synthetic
V06162,373.492658,0.95269454,preferred,False,synthetic
V06163,2825.59769,1.11115174,preferred,True,synthetic
V06164,405.914019,0.57633664,preferred,True,synthetic
V06165,709.020327,1.55969048,standard,True,synthetic
V06166,483.591332,0.98848419,standard,True,synthetic
V06167,1184.000966,0.40870216,preferred,True,synthetic
V06168,558.071304,0.9101158,standard,False,synthetic
V06169,544.402846,1.3797549,preferred,True,synthetic
V06170,908.408839,1.14552192,standard,True,synthetic
V06171,497.230212,0.52685314,standard,True,synthetic
V06172,352.373806,1.73492789,commercial,True,synthetic
V06173,963.061094,0.9762324,preferred,True,synthetic
V06174,714.28275,1.40579127,standard,False,synthetic
V06175,779.306879,1.21152465,preferred,True,synthetic
V06176,1285.982663,1.3643941,preferred,True,synthetic
V06177,1364.21245,1.60473952,standard,False,synthetic
V06178,731.051637,0.88999971,commercial,True,synthetic
V06179,250.0,0.73028288,preferred,True,synthetic
V06180,456.460958,0.56274984,standard,True,synthetic
V06181,802.029056,0.68966037,commercial,False,synthetic
V06182,1018.968531,1.08757895,commercial,True,synthetic
V06183,737.543126,0.68769396,standard,True,synthetic
V06184,1190.746467,1.21261658,preferred,True,synthetic
V06185,1084.746483,0.55333342,commercial,True,synthetic
V06186,626.571721,1.03215085,standard,False,synthetic
V06187,987.230164,1.22950341,standard,False,synthetic
V06188,1082.512348,0.47804982,commercial,True,synthetic
V06189,984.958719,0.53750973,standard,False,synthetic
V06190,343.229483,1.06739805,preferred,False,synthetic
V06191,931.540091,0.99367198,standard,True,synthetic
V06192,1790.536344,0.62375849,preferred,True,synthetic
V06193,398.348658,1.53159734,commercial,False,synthetic
V06194,763.706773,0.77226175,preferred,False,synthetic
V06195,467.016974,1.72502322,standard,False,synthetic
V06196,669.334547,1.14721143,preferred,False,synthetic
V06197,750.194687,0.90881359,commercial,True,synthetic
V06198,429.686171,1.4126553,standard,True,synthetic
V06199,774.392487,0.87063338,preferred,True,synthetic
V06200,909.944595,0.71443808,standard,False,synthetic
V06201,1429.185476,1.1009522,standard,False,synthetic
V06202,471.073153,2.29835432,preferred,True,synthetic
V06203,285.644363,0.48784927,standard,True,synthetic
V06204,1202.482618,1.15720356,commercial,True,synthetic
V06205,826.684329,1.01086333,commercial,False,synthetic
V06206,970.265854,1.71354567,preferred,True,synthetic
V06207,753.077521,1.20377176,standard,False,synthetic
V06208,670.05531,0.74588003,standard,True,synthetic
V06209,704.865221,1.06725133,standard,True,synthetic
V06210,1143.003175,0.86070768,commercial,True,synthetic
V06211,434.60944,1.38295833,preferred,True,synthetic
V06212,527.505712,1.24539877,commercial,True,synthetic
V06213,1182.379544,1.4382965,preferred,True,synthetic
V06214,500.759315,0.55647355,standard,True,synthetic
V06215,1581.860838,1.2763496,standard,True,synthetic
V06216,435.354752,1.00945914,standard,False,synthetic
V06217,318.595213,1.26791099,preferred,True,synthetic
V06218,1093.336465,2.05348371,standard,True,synthetic
V06219,1164.4214,1.3196879,standard,False,synthetic
V06220,569.967579,1.14628358,standard,True,synthetic
V06221,933.250721,0.6222164,standard,True,synthetic
V06222,752.299166,0.90501723,commercial,False,synthetic
V06223,899.630004,0.89125667,preferred,True,synthetic
V06224,1548.142056,0.74548045,preferred,True,synthetic
V06225,1003.138109,0.83681646,standard,True,synthetic
V06226,1094.906096,1.0113453,standard,True,synthetic
V06227,924.751279,0.84308989,standard,True,synthetic
V06228,966.99743,1.40171142,standard,False,synthetic
V06229,1546.31245,1.48921347,preferred,True,synthetic
V06230,590.04937,0.61989578,standard,True,synthetic
V06231,394.999473,1.07309248,commercial,True,synthetic
V06232,1306.530296,0.88219259,commercial,False,synthetic
V06233,1365.580465,0.85560879,standard,False,synthetic
V06234,977.565363,1.19610818,standard,True,synthetic
V06235,3500.0,1.11799952,standard,True,synthetic
V06236,1435.712845,1.28122614,standard,True,synthetic
V06237,2871.678267,2.01077043,preferred,True,synthetic
V06238,1641.916194,0.99647467,preferred,False,synthetic
V06239,293.266444,1.17113199,standard,False,synthetic
V06240,782.881558,0.7122047,standard,True,synthetic
V06241,601.756557,1.17724071,commercial,True,synthetic
V06242,1199.391179,1.03158716,standard,True,synthetic
V06243,783.991827,1.27309782,standard,True,synthetic
V06244,470.512972,0.9244113,standard,True,synthetic
V06245,448.226513,0.96126766,standard,False,synthetic
V06246,1121.510577,0.79268568,standard,True,synthetic
V06247,797.06777,1.21525399,preferred,False,synthetic
V06248,250.0,1.31020413,standard,True,synthetic
V06249,995.781975,0.82333533,standard,True,synthetic
V06250,877.159979,1.26230046,standard,False,synthetic
V06251,646.876502,1.03863356,standard,False,synthetic
V06252,924.432623,1.30804574,standard,False,synthetic
V06253,447.561722,1.19255974,standard,True,synthetic
V06254,619.999818,0.9720515,commercial,True,synthetic
V06255,745.630438,1.29201314,standard,False,synthetic
V06256,823.116547,0.86530526,commercial,True,synthetic
V06257,1159.702212,0.75643214,standard,True,synthetic
V06258,2051.756492,1.47257867,standard,True,synthetic
V06259,309.878495,0.73525612,preferred,False,synthetic
V06260,2019.979938,1.20585313,commercial,True,synthetic
V06261,850.221876,1.29039109,commercial,True,synthetic
V06262,383.155614,0.88843481,preferred,True,synthetic
V06263,1095.42892,0.69897366,standard,True,synthetic
V06264,544.872148,0.47328134,commercial,False,synthetic
V06265,1244.603037,1.62090894,preferred,False,synthetic
V06266,1044.860948,2.03029228,standard,False,synthetic
V06267,395.885199,0.53994597,standard,True,synthetic
V06268,1426.214635,1.26514994,standard,True,synthetic
V06269,753.319166,0.80522064,standard,True,synthetic
V06270,1562.301171,1.2711655,standard,False,synthetic
V06271,404.963377,0.45666933,preferred,True,synthetic
V06272,2279.448681,1.0566417,standard,True,synthetic
V06273,289.56705,1.49856828,standard,True,synthetic
V06274,1456.791887,0.73709512,standard,True,synthetic
V06275,1384.301842,0.4,preferred,True,synthetic
V06276,3500.0,0.74919338,preferred,True,synthetic
V06277,284.758764,1.34447946,standard,True,synthetic
V06278,1034.341743,1.54076053,preferred,True,synthetic
V06279,722.158609,0.84728915,preferred,False,synthetic
V06280,1038.367326,1.3102112,preferred,True,synthetic
V06281,581.302878,0.93200609,standard,True,synthetic
V06282,400.824861,0.60689587,preferred,True,synthetic
V06283,539.848149,1.02806859,standard,True,synthetic
V06284,495.025027,1.48323724,preferred,True,synthetic
V06285,1064.619917,0.45739827,standard,True,synthetic
V06286,2148.62178,0.64975456,standard,True,synthetic
V06287,2215.267642,2.25976115,standard,False,synthetic
V06288,1475.837316,0.41514155,standard,True,synthetic
V06289,1350.543969,0.91803624,standard,False,synthetic
V06290,305.296831,0.95503821,standard,True,synthetic
V06291,768.77802,0.550933,standard,False,synthetic
V06292,773.31062,0.74674655,standard,True,synthetic
V06293,575.238739,0.96817267,standard,True,synthetic
V06294,869.9907,0.7517213,preferred,True,synthetic
V06295,909.643498,1.23062514,commercial,False,synthetic
V06296,539.780051,0.79785588,preferred,True,synthetic
V06297,582.671581,0.79056465,standard,True,synthetic
V06298,257.414735,1.53725192,standard,False,synthetic
V06299,1426.324322,1.1077062,standard,False,synthetic
V06300,773.090768,1.10178757,standard,True,synthetic
V06301,311.978458,0.79229055,standard,True,synthetic
V06302,657.099258,0.92412789,preferred,True,synthetic
V06303,1293.095772,0.83512874,standard,False,synthetic
V06304,275.890926,1.43218733,commercial,False,synthetic
V06305,471.165595,1.10849869,preferred,True,synthetic
V06306,1016.199442,1.06535042,standard,True,synthetic
V06307,744.794442,1.04510481,standard,True,synthetic
V06308,524.730015,0.85131902,preferred,True,synthetic
V06309,1103.752992,0.66418099,standard,True,synthetic
V06310,644.324068,1.21745051,commercial,True,synthetic
V06311,250.0,0.80805536,standard,True,synthetic
V06312,724.992731,0.85188004,standard,True,synthetic
V06313,526.400845,0.98636393,commercial,False,synthetic
V06314,688.067615,1.00877968,preferred,True,synthetic
V06315,904.226878,1.41917501,preferred,True,synthetic
V06316,619.819553,0.68524175,commercial,True,synthetic
V06317,1401.524548,1.00761761,standard,False,synthetic
V06318,662.620913,0.85404575,standard,True,synthetic
V06319,1095.587021,1.02180466,preferred,True,synthetic
V06320,603.520879,1.61755956,standard,False,synthetic
V06321,436.897239,1.1134232,preferred,False,synthetic
V06322,736.284625,1.45292374,preferred,False,synthetic
V06323,1083.917613,0.62310599,commercial,False,synthetic
V06324,1101.051626,1.05232464,preferred,True,synthetic
V06325,755.369879,0.731871,standard,False,synthetic
V06326,283.234586,0.55930775,preferred,True,synthetic
V06327,1406.199924,0.89209154,commercial,True,synthetic
V06328,1071.475547,0.61104026,commercial,False,synthetic
V06329,250.0,1.27081072,preferred,True,synthetic
V06330,391.688094,2.00596204,standard,True,synthetic
V06331,1215.80481,1.19125868,standard,True,synthetic
V06332,652.535398,1.07407697,standard,True,synthetic
V06333,313.426797,1.52372027,standard,True,synthetic
V06334,1106.45729,1.13819222,standard,True,synthetic
V06335,685.284807,0.84245657,standard,False,synthetic
V06336,604.568643,1.53136565,standard,True,synthetic
V06337,708.160952,1.61330158,standard,False,synthetic
V06338,490.454143,0.65409586,standard,True,synthetic
V06339,315.179741,1.21217568,preferred,True,synthetic
V06340,1680.015598,1.21158473,preferred,True,synthetic
V06341,518.06319,1.12895202,standard,True,synthetic
V06342,512.756574,1.11349814,commercial,True,synthetic
V06343,939.442322,1.02742863,preferred,True,synthetic
V06344,707.579345,1.09462168,standard,True,synthetic
V06345,923.949986,1.05527164,standard,True,synthetic
V06346,991.238701,0.90460435,standard,False,synthetic
V06347,437.930622,0.93305062,preferred,True,synthetic
V06348,463.020269,1.27898395,standard,False,synthetic
V06349,973.843429,1.03302613,standard,True,synthetic
V06350,757.560787,0.82062047,preferred,True,synthetic
V06351,663.641342,0.79675415,standard,True,synthetic
V06352,832.44139,1.21780578,standard,False,synthetic
V06353,378.240273,1.89080391,standard,True,synthetic
V06354,390.833088,0.85187381,standard,True,synthetic
V06355,394.269888,1.61743947,standard,True,synthetic
V06356,522.881276,1.77838657,standard,True,synthetic
V06357,777.030165,0.84030608,preferred,True,synthetic
V06358,1040.348661,0.69132733,standard,True,synthetic
V06359,1151.182195,1.20888105,commercial,False,synthetic
V06360,1060.220453,0.97627255,preferred,True,synthetic
V06361,406.415908,1.71299956,standard,True,synthetic
V06362,1302.723547,0.64623978,standard,True,synthetic
V06363,1349.406851,0.83952812,preferred,True,synthetic
V06364,1548.372593,1.49210782,commercial,True,synthetic
V06365,1165.057231,1.78294778,standard,True,synthetic
V06366,957.030659,1.11653643,standard,False,synthetic
V06367,1203.498219,0.78280822,standard,False,synthetic
V06368,1203.536455,0.73803762,standard,True,synthetic
V06369,1721.224811,1.19292702,standard,True,synthetic
V06370,595.802533,1.45715638,standard,True,synthetic
V06371,348.649096,1.44600955,preferred,False,synthetic
V06372,748.978401,0.69916096,commercial,True,synthetic
V06373,282.361971,1.67970089,standard,False,synthetic
V06374,1006.568521,0.93957912,commercial,False,synthetic
V06375,388.950975,2.63736414,standard,False,synthetic
V06376,372.989902,0.70061632,standard,True,synthetic
V06377,377.495649,1.1539242,standard,False,synthetic
V06378,1092.527315,1.27536223,standard,False,synthetic
V06379,1247.885497,1.06180746,preferred,True,synthetic
V06380,400.79831,0.85129486,standard,True,synthetic
V06381,1116.084291,1.00299531,standard,True,synthetic
V06382,731.779431,1.17024783,standard,True,synthetic
V06383,598.898611,1.11048769,standard,True,synthetic
V06384,252.31943,1.20406573,preferred,True,synthetic
V06385,873.684299,1.48544717,commercial,True,synthetic
V06386,544.419873,0.90984426,standard,True,synthetic
V06387,315.86426,1.63474262,standard,True,synthetic
V06388,774.40199,1.24393093,preferred,True,synthetic
V06389,1015.628153,0.86518896,standard,True,synthetic
V06390,1502.668891,0.76980493,standard,True,synthetic
V06391,391.544183,0.52755595,standard,True,synthetic
V06392,1137.963786,1.3152101,preferred,True,synthetic
V06393,253.087449,1.15457208,preferred,False,synthetic
V06394,2243.799199,0.68492792,preferred,False,synthetic
V06395,844.671151,1.14058991,standard,True,synthetic
V06396,673.893756,1.98179031,commercial,False,synthetic
V06397,1020.419569,1.28310223,standard,False,synthetic
V06398,623.641645,0.64590526,standard,False,synthetic
V06399,597.894277,0.74016734,standard,True,synthetic
V06400,2552.751103,0.68494025,standard,True,synthetic
V06401,759.154137,1.42852718,standard,True,synthetic
V06402,601.600947,1.36207012,commercial,False,synthetic
V06403,2523.030764,1.19694367,preferred,False,synthetic
V06404,1125.356792,1.11435451,standard,True,synthetic
V06405,2205.022157,0.81211528,commercial,True,synthetic
V06406,2057.723026,1.15016161,standard,True,synthetic
V06407,573.82734,1.01755104,standard,False,synthetic
V06408,602.285587,0.84266669,preferred,False,synthetic
V06409,413.184694,1.27562148,standard,True,synthetic
V06410,595.710488,0.67544623,commercial,True,synthetic
V06411,716.263368,0.78669238,standard,True,synthetic
V06412,1165.819068,0.70509168,standard,False,synthetic
V06413,1412.241814,1.11200092,preferred,True,synthetic
V06414,1196.293739,1.70670735,standard,True,synthetic
V06415,569.769443,1.44907311,standard,True,synthetic
V06416,706.276632,1.20818531,standard,True,synthetic
V06417,731.22183,1.58565749,standard,True,synthetic
V06418,1877.799291,1.72759652,standard,True,synthetic
V06419,683.325226,0.74943366,standard,False,synthetic
V06420,731.836672,1.10259482,standard,True,synthetic
V06421,659.942161,0.41258839,standard,True,synthetic
V06422,802.253327,1.28190072,standard,False,synthetic
V06423,583.744135,0.90133296,standard,True,synthetic
V06424,531.125716,0.9786416,standard,True,synthetic
V06425,1034.113067,0.78466988,standard,True,synthetic
V06426,463.99421,1.68442209,standard,True,synthetic
V06427,553.919845,1.03197298,commercial,False,synthetic
V06428,433.560215,0.86150155,commercial,False,synthetic
V06429,348.843166,0.97350057,commercial,False,synthetic
V06430,880.245834,1.0900657,commercial,True,synthetic
V06431,489.268488,1.09242387,preferred,False,synthetic
V06432,702.23955,1.52968105,standard,True,synthetic
V06433,308.946943,1.93070571,standard,True,synthetic
V06434,940.177525,1.65479454,standard,True,synthetic
V06435,608.472841,0.80561381,standard,True,synthetic
V06436,563.535405,0.84033406,standard,False,synthetic
V06437,781.678389,1.03782065,standard,True,synthetic
V06438,614.320716,0.86750108,standard,True,synthetic
V06439,530.828343,1.51981311,standard,False,synthetic
V06440,1218.483292,1.51987352,standard,True,synthetic
V06441,250.0,0.94108779,standard,True,synthetic
V06442,632.885587,1.0341719,standard,True,synthetic
V06443,1470.303629,1.37212331,standard,True,synthetic
V06444,1781.596808,0.76629931,standard,False,synthetic
V06445,1107.074706,1.12236202,preferred,False,synthetic
V06446,560.833194,1.22742433,standard,True,synthetic
V06447,728.346776,1.29862094,standard,True,synthetic
V06448,1188.987584,0.73223453,standard,False,synthetic
V06449,2006.623101,1.23204766,standard,True,synthetic
V06450,1049.264048,0.74919794,preferred,True,synthetic
V06451,719.747139,1.21586982,standard,True,synthetic
V06452,1445.421567,1.11076266,commercial,True,synthetic
V06453,470.358877,1.13364967,commercial,True,synthetic
V06454,412.820772,0.88247685,preferred,True,synthetic
V06455,793.786488,1.53602088,standard,True,synthetic
V06456,692.493227,0.83089564,preferred,True,synthetic
V06457,625.258716,1.22405022,standard,True,synthetic
V06458,570.625489,1.40280907,standard,True,synthetic
V06459,1459.33004,0.80747825,standard,True,synthetic
V06460,357.571662,0.67704206,standard,True,synthetic
V06461,628.855767,0.80213976,preferred,False,synthetic
V06462,778.33052,1.00412148,preferred,True,synthetic
V06463,1781.396986,1.97109806,standard,True,synthetic
V06464,544.254597,1.57778206,preferred,True,synthetic
V06465,676.976394,1.02304685,standard,False,synthetic
V06466,1295.404987,2.22722442,preferred,True,synthetic
V06467,318.005102,0.89432105,preferred,True,synthetic
V06468,770.382038,1.01153397,standard,True,synthetic
V06469,1516.862717,0.79681768,commercial,False,synthetic
V06470,678.829673,0.55146963,standard,True,synthetic
V06471,488.436361,1.68687387,commercial,False,synthetic
V06472,971.857912,0.91595513,standard,True,synthetic
V06473,644.97722,1.73175378,standard,False,synthetic
V06474,558.779652,0.8863024,preferred,True,synthetic
V06475,1138.620886,0.9710823,standard,False,synthetic
V06476,861.300465,1.31860843,standard,True,synthetic
V06477,593.400023,1.17256453,preferred,False,synthetic
V06478,279.098703,1.28320463,preferred,False,synthetic
V06479,488.926959,1.67180539,preferred,False,synthetic
V06480,254.469893,0.67410819,standard,True,synthetic
V06481,585.424724,0.56426198,standard,False,synthetic
V06482,693.305337,1.3224679,standard,False,synthetic
V06483,990.737831,1.16152794,standard,True,synthetic
V06484,884.893178,0.75806459,standard,True,synthetic
V06485,802.797551,1.25528059,standard,False,synthetic
V06486,455.557984,1.14813225,standard,False,synthetic
V06487,1064.536249,0.61162048,standard,True,synthetic
V06488,315.52728,0.55299857,preferred,True,synthetic
V06489,1266.891941,1.30298425,standard,False,synthetic
V06490,503.394217,1.00506869,commercial,False,synthetic
V06491,1265.581633,1.23109456,standard,False,synthetic
V06492,2932.119876,1.3783564,preferred,True,synthetic
V06493,1307.544827,0.85791913,standard,True,synthetic
V06494,1223.810994,0.96384319,commercial,False,synthetic
V06495,468.261005,1.13763951,preferred,True,synthetic
V06496,250.0,0.84921111,preferred,False,synthetic
V06497,482.644001,0.60553399,standard,False,synthetic
V06498,913.158051,1.11773002,standard,True,synthetic
V06499,909.173965,0.64590508,preferred,False,synthetic
V06500,628.602071,1.39571833,standard,True,synthetic
V06501,458.957567,1.46050589,standard,False,synthetic
V06502,1860.203151,0.82462367,standard,False,synthetic
V06503,557.837091,1.21651087,standard,False,synthetic
V06504,566.305044,0.93859446,standard,True,synthetic
V06505,1600.432735,1.12670955,standard,True,synthetic
V06506,1214.920239,1.15831276,standard,True,synthetic
V06507,758.098687,0.76203571,standard,True,synthetic
V06508,937.667121,1.25635008,standard,True,synthetic
V06509,507.969274,0.68492099,standard,True,synthetic
V06510,306.946276,0.63158773,standard,False,synthetic
V06511,602.118688,1.03113823,preferred,True,synthetic
V06512,1197.115819,1.76118012,standard,True,synthetic
V06513,698.45188,0.49886204,commercial,True,synthetic
V06514,633.487287,1.60078834,standard,False,synthetic
V06515,1189.08712,0.45473029,standard,True,synthetic
V06516,586.339626,0.69444278,commercial,True,synthetic
V06517,308.256784,0.77168131,standard,True,synthetic
V06518,963.835069,0.56602562,standard,True,synthetic
V06519,1126.414083,1.29933686,standard,False,synthetic
V06520,347.262183,0.76955575,standard,True,synthetic
V06521,380.989728,0.61337592,preferred,True,synthetic
V06522,881.984137,0.67182411,commercial,True,synthetic
V06523,934.190716,0.75098852,standard,True,synthetic
V06524,733.089412,1.84761005,standard,True,synthetic
V06525,715.008327,0.89999364,standard,True,synthetic
V06526,891.372826,0.95910439,standard,True,synthetic
V06527,466.600307,1.11889837,preferred,True,synthetic
V06528,818.74644,1.42582436,preferred,False,synthetic
V06529,1092.799995,0.70399815,preferred,True,synthetic
V06530,629.91702,0.87111137,standard,False,synthetic
V06531,1069.444122,1.00888978,standard,True,synthetic
V06532,691.665273,1.30915812,preferred,True,synthetic
V06533,1766.134153,0.97644689,standard,False,synthetic
V06534,668.461759,1.27252947,commercial,True,synthetic
V06535,682.326706,1.12207352,preferred,True,synthetic
V06536,2104.330502,0.54483911,preferred,True,synthetic
V06537,546.810421,2.05481408,standard,True,synthetic
V06538,250.0,0.46998309,standard,False,synthetic
V06539,561.520274,0.83124774,standard,True,synthetic
V06540,970.586118,0.60291768,preferred,False,synthetic
V06541,712.744304,0.90205791,preferred,True,synthetic
V06542,551.413359,1.08590004,standard,False,synthetic
V06543,526.637142,1.27812754,standard,True,synthetic
V06544,491.00395,1.23866653,commercial,True,synthetic
V06545,397.65525,0.79618299,standard,True,synthetic
V06546,776.572529,0.8561439,standard,True,synthetic
V06547,863.647646,1.57397966,commercial,False,synthetic
V06548,1077.140378,1.02070889,standard,True,synthetic
V06549,761.014325,0.8569458,standard,False,synthetic
V06550,853.479476,0.89832674,standard,False,synthetic
V06551,958.91324,1.05060387,standard,False,synthetic
V06552,1086.24895,0.77012178,standard,False,synthetic
V06553,250.0,1.07759877,standard,True,synthetic
V06554,1019.109484,0.61920613,preferred,True,synthetic
V06555,2175.784521,1.19974381,standard,True,synthetic
V06556,432.85772,0.97739594,standard,False,synthetic
V06557,494.912782,0.96358844,standard,True,synthetic
V06558,874.371251,1.26103131,standard,True,synthetic
V06559,1105.05722,1.05324816,standard,False,synthetic
V06560,709.894902,0.64980837,standard,True,synthetic
V06561,464.738296,0.87320397,standard,True,synthetic
V06562,2308.302032,0.86823259,standard,True,synthetic
V06563,904.366949,0.84261558,standard,True,synthetic
V06564,595.425618,0.71536306,standard,False,synthetic
V06565,568.651693,1.81513836,standard,True,synthetic
V06566,1416.641707,0.79224648,standard,True,synthetic
V06567,2471.38556,0.93603541,standard,True,synthetic
V06568,2196.738321,0.58261073,standard,False,synthetic
V06569,683.490423,0.91979549,standard,False,synthetic
V06570,1967.542827,0.61493774,standard,True,synthetic
V06571,832.097643,0.84051513,standard,False,synthetic
V06572,1323.801238,0.87408782,standard,False,synthetic
V06573,782.601948,1.45506023,standard,False,synthetic
V06574,850.877375,1.16922691,standard,True,synthetic
V06575,506.788822,1.18227316,standard,True,synthetic
V06576,813.582084,1.07838483,standard,True,synthetic
V06577,1588.182976,1.71698851,preferred,True,synthetic
V06578,745.577012,1.07636972,preferred,False,synthetic
V06579,1209.282574,0.74005103,standard,False,synthetic
V06580,250.0,0.81134154,standard,False,synthetic
V06581,609.851041,1.43714107,standard,True,synthetic
V06582,610.987208,0.92648332,preferred,True,synthetic
V06583,545.002129,1.37943232,preferred,True,synthetic
V06584,1317.574751,0.87159211,standard,True,synthetic
V06585,1013.024065,1.02984963,standard,False,synthetic
V06586,1202.270439,1.17222006,preferred,True,synthetic
V06587,1663.199534,1.48239776,standard,False,synthetic
V06588,576.953185,1.06078322,standard,False,synthetic
V06589,397.105885,1.25083595,standard,True,synthetic
V06590,390.260064,1.34892031,preferred,True,synthetic
V06591,2417.24896,2.78434536,preferred,True,synthetic
V06592,1262.460428,0.81702767,standard,True,synthetic
V06593,1120.93199,0.89515165,preferred,False,synthetic
V06594,693.440248,1.08303412,standard,True,synthetic
V06595,1987.169106,0.56167465,preferred,True,synthetic
V06596,761.904718,1.30577453,standard,True,synthetic
V06597,460.472553,0.77942618,commercial,True,synthetic
V06598,694.090169,1.03322853,standard,False,synthetic
V06599,260.159094,1.83592555,standard,True,synthetic
V06600,1132.143458,0.8983707,standard,False,synthetic
V06601,400.358404,0.72422845,standard,True,synthetic
V06602,881.651189,0.77511242,standard,True,synthetic
V06603,1151.641342,2.0258986,standard,True,synthetic
V06604,1438.642371,0.72090493,standard,True,synthetic
V06605,1049.645877,1.09827414,preferred,False,synthetic
V06606,1189.248333,0.87337434,standard,True,synthetic
V06607,766.945443,0.97944668,commercial,True,synthetic
V06608,609.266688,1.3331822,standard,True,synthetic
V06609,950.401958,1.21119775,preferred,True,synthetic
V06610,581.83698,0.86942857,commercial,True,synthetic
V06611,765.25694,1.26817805,standard,False,synthetic
V06612,980.044381,1.14520194,standard,False,synthetic
V06613,1447.434657,0.65438096,standard,False,synthetic
V06614,1398.226646,1.00275962,standard,True,synthetic
V06615,250.0,0.75442152,standard,True,synthetic
V06616,660.970586,0.69211306,preferred,True,synthetic
V06617,313.277188,1.5602745,standard,True,synthetic
V06618,650.72753,2.1567671,preferred,True,synthetic
V06619,280.066833,1.74756367,preferred,False,synthetic
V06620,250.0,0.98627653,standard,True,synthetic
V06621,1273.007898,1.06169723,standard,True,synthetic
V06622,680.516709,0.76002395,preferred,False,synthetic
V06623,1413.228892,0.95759037,standard,True,synthetic
V06624,325.197017,0.78117681,standard,True,synthetic
V06625,810.062563,1.21607029,standard,True,synthetic
V06626,1501.940804,1.00672916,standard,False,synthetic
V06627,967.919637,0.96793682,standard,True,synthetic
V06628,635.457148,1.11790529,standard,False,synthetic
V06629,1453.276355,1.11092023,standard,True,synthetic
V06630,722.085903,2.04955625,standard,True,synthetic
V06631,570.950501,1.46281516,preferred,True,synthetic
V06632,1082.799938,0.74816059,preferred,True,synthetic
V06633,1005.046829,0.74126448,standard,True,synthetic
V06634,494.696403,0.9199571,standard,True,synthetic
V06635,1137.625318,1.39959218,standard,True,synthetic
V06636,781.07974,0.65298074,standard,False,synthetic
V06637,1213.540521,0.48316997,standard,False,synthetic
V06638,1062.926899,0.58284045,preferred,True,synthetic
V06639,826.258375,0.9152335,preferred,True,synthetic
V06640,1131.282203,1.62387131,standard,True,synthetic
V06641,637.983518,0.65787177,standard,True,synthetic
V06642,667.004004,1.6552201,standard,True,synthetic
V06643,743.608164,1.37373796,standard,True,synthetic
V06644,996.986296,0.651777,standard,True,synthetic
V06645,1084.750374,0.73967973,standard,True,synthetic
V06646,949.354494,1.02891391,standard,True,synthetic
V06647,549.372588,0.96623522,standard,True,synthetic
V06648,2843.197555,1.20199996,commercial,True,synthetic
V06649,2238.105596,0.89366194,commercial,False,synthetic
V06650,1537.415269,0.90032962,standard,True,synthetic
V06651,423.470628,0.91216797,standard,True,synthetic
V06652,594.181102,1.27511263,commercial,True,synthetic
V06653,369.598996,2.07406064,standard,True,synthetic
V06654,1059.828425,1.12628823,standard,True,synthetic
V06655,661.989484,0.95958825,preferred,True,synthetic
V06656,1589.516559,1.0529246,standard,True,synthetic
V06657,1355.554476,0.66449667,commercial,False,synthetic
V06658,353.953627,0.93065106,standard,False,synthetic
V06659,1255.8223,1.28801343,standard,False,synthetic
V06660,1593.936658,0.89004254,preferred,False,synthetic
V06661,792.418697,1.30683699,standard,True,synthetic
V06662,776.206313,0.69013688,commercial,False,synthetic
V06663,1865.961164,1.01316117,preferred,False,synthetic
V06664,734.860366,0.74288744,standard,True,synthetic
V06665,385.918554,0.5154384,standard,True,synthetic
V06666,1455.50888,0.85283489,standard,True,synthetic
V06667,837.23443,0.80842959,commercial,False,synthetic
V06668,654.057898,0.93397506,standard,False,synthetic
V06669,1261.675003,0.67986413,standard,True,synthetic
V06670,1986.112697,0.48207984,standard,False,synthetic
V06671,479.803963,0.81769033,standard,True,synthetic
V06672,475.150939,1.6782414,standard,False,synthetic
V06673,2006.998591,0.75907876,preferred,True,synthetic
V06674,1570.63896,0.73360042,standard,False,synthetic
V06675,631.376687,1.21900544,commercial,True,synthetic
V06676,927.350327,0.92859866,standard,True,synthetic
V06677,250.0,1.22741158,commercial,False,synthetic
V06678,752.973804,1.31853055,commercial,False,synthetic
V06679,634.62815,0.96831715,preferred,False,synthetic
V06680,460.125459,0.88404406,standard,False,synthetic
V06681,1084.593963,1.94359701,standard,True,synthetic
V06682,775.674509,0.64325084,preferred,True,synthetic
V06683,1056.322749,0.66165661,standard,False,synthetic
V06684,1391.040146,1.0065615,standard,True,synthetic
V06685,459.925903,1.60034585,standard,False,synthetic
V06686,725.499891,1.34001073,standard,True,synthetic
V06687,1320.298419,2.12386502,standard,False,synthetic
V06688,434.751456,0.86153613,standard,True,synthetic
V06689,292.76151,0.95479502,standard,False,synthetic
V06690,899.504946,0.74862568,preferred,True,synthetic
V06691,2039.645419,1.15821675,standard,False,synthetic
V06692,754.859941,0.74975958,standard,False,synthetic
V06693,468.581251,1.03270815,preferred,True,synthetic
V06694,965.192844,0.84931912,standard,False,synthetic
V06695,716.667494,0.99587632,standard,True,synthetic
V06696,336.54184,1.60888259,preferred,True,synthetic
V06697,2413.946774,1.46007746,standard,True,synthetic
V06698,957.218271,0.88340311,standard,True,synthetic
V06699,720.005486,1.01747796,standard,True,synthetic
V06700,671.510818,1.76461852,standard,True,synthetic
V06701,1188.034206,0.72853567,standard,True,synthetic
V06702,1756.979321,0.93036765,preferred,False,synthetic
V06703,468.224416,0.77818838,commercial,True,synthetic
V06704,1493.000072,1.07435888,commercial,True,synthetic
V06705,580.624955,0.95570219,preferred,False,synthetic
V06706,2006.684741,1.00927917,standard,False,synthetic
V06707,1165.77718,1.03375327,standard,True,synthetic
V06708,1124.469104,0.73605935,preferred,True,synthetic
V06709,789.877192,0.66845811,preferred,True,synthetic
V06710,1077.720293,0.69905606,standard,False,synthetic
V06711,811.617919,1.29380433,standard,False,synthetic
V06712,1301.791832,0.89210638,standard,True,synthetic
V06713,779.706002,0.90159372,commercial,True,synthetic
V06714,514.357635,1.29766715,standard,False,synthetic
V06715,2161.863028,0.78569841,commercial,True,synthetic
V06716,1545.191964,1.133452,standard,True,synthetic
V06717,260.649502,2.12303777,preferred,True,synthetic
V06718,2267.902276,0.75137404,commercial,True,synthetic
V06719,959.414923,1.01941608,standard,True,synthetic
V06720,433.726366,0.93348304,preferred,True,synthetic
V06721,882.536288,0.5396207,preferred,True,synthetic
V06722,869.810052,0.56962939,standard,True,synthetic
V06723,529.964684,1.23927949,standard,True,synthetic
V06724,306.290604,1.10580173,preferred,False,synthetic
V06725,868.604026,1.07175277,preferred,False,synthetic
V06726,763.032065,0.53112016,standard,True,synthetic
V06727,411.047827,0.81725074,standard,False,synthetic
V06728,860.036702,1.30078647,commercial,False,synthetic
V06729,775.842536,1.02181426,commercial,True,synthetic
V06730,1082.110791,1.38696711,standard,True,synthetic
V06731,954.202111,0.66539434,commercial,True,synthetic
V06732,1077.849924,1.16205013,standard,False,synthetic
V06733,561.374737,1.82341225,standard,True,synthetic
V06734,1148.941256,0.63246792,commercial,True,synthetic
V06735,417.629024,1.21505273,standard,True,synthetic
V06736,740.506245,1.20348951,standard,True,synthetic
V06737,472.054083,1.12968435,standard,True,synthetic
V06738,550.848679,0.86823149,standard,True,synthetic
V06739,585.407079,0.91453361,preferred,True,synthetic
V06740,599.013489,0.69416548,standard,True,synthetic
V06741,1856.23912,0.50624332,preferred,True,synthetic
V06742,474.722006,0.67382914,standard,True,synthetic
V06743,1364.470759,1.34300223,standard,True,synthetic
V06744,646.220572,1.44702908,standard,True,synthetic
V06745,585.15188,0.83208021,standard,True,synthetic
V06746,818.390351,0.60721516,preferred,True,synthetic
V06747,600.981717,0.6591694,standard,True,synthetic
V06748,471.665106,0.76017996,preferred,True,synthetic
V06749,892.035937,1.00986152,preferred,True,synthetic
V06750,1245.729426,1.82077154,standard,False,synthetic
V06751,758.288708,1.17595833,standard,True,synthetic
V06752,1501.588,1.20351944,standard,True,synthetic
V06753,541.41096,0.60850106,standard,True,synthetic
V06754,540.438368,1.0258421,commercial,True,synthetic
V06755,820.326565,0.57216231,standard,False,synthetic
V06756,1050.283344,0.88303897,standard,False,synthetic
V06757,375.056931,1.54627225,preferred,True,synthetic
V06758,529.028128,1.09347059,standard,True,synthetic
V06759,642.739456,0.97352302,preferred,False,synthetic
V06760,1708.201208,1.33892565,standard,True,synthetic
V06761,1010.51254,1.33611248,preferred,True,synthetic
V06762,465.734047,2.13713965,preferred,True,synthetic
V06763,2486.408255,1.62589952,standard,True,synthetic
V06764,681.670549,0.80850117,standard,True,synthetic
V06765,443.744133,1.1459031,standard,True,synthetic
V06766,386.626192,1.06412931,commercial,True,synthetic
V06767,517.956519,1.05951179,standard,True,synthetic
V06768,1102.714375,1.28709308,standard,True,synthetic
V06769,725.491085,0.68894569,preferred,True,synthetic
V06770,1263.331849,1.26495547,standard,True,synthetic
V06771,682.383538,2.01691185,standard,False,synthetic
V06772,574.113369,1.31168175,standard,False,synthetic
V06773,2218.096942,1.71973488,standard,True,synthetic
V06774,413.083105,1.36568709,preferred,True,synthetic
V06775,612.542096,1.01566905,commercial,True,synthetic
V06776,556.055063,0.64643166,standard,True,synthetic
V06777,1026.339175,1.10561289,preferred,True,synthetic
V06778,1391.441755,0.60805487,standard,False,synthetic
V06779,443.155687,0.6234386,standard,True,synthetic
V06780,861.221626,1.22424266,preferred,False,synthetic
V06781,756.483601,1.4294497,preferred,True,synthetic
V06782,1057.977958,1.12849359,standard,False,synthetic
V06783,880.36813,1.67775498,standard,False,synthetic
V06784,250.0,0.77789004,preferred,False,synthetic
V06785,558.46496,1.03478861,standard,True,synthetic
V06786,513.757071,1.260437,standard,True,synthetic
V06787,423.18731,1.22832678,preferred,True,synthetic
V06788,1618.684613,0.88803284,standard,True,synthetic
V06789,796.659064,0.90312012,standard,False,synthetic
V06790,836.10148,0.90879984,preferred,True,synthetic
V06791,1253.018702,1.00480217,standard,True,synthetic
V06792,676.585629,0.63397241,preferred,True,synthetic
V06793,320.577341,1.43330888,preferred,True,synthetic
V06794,600.079187,1.21048938,standard,True,synthetic
V06795,591.29858,1.55885996,preferred,False,synthetic
V06796,574.110466,1.30107017,standard,True,synthetic
V06797,1689.394263,0.9478736,standard,True,synthetic
V06798,1098.598529,1.35824499,standard,False,synthetic
V06799,731.787364,0.99692213,preferred,True,synthetic
V06800,737.79419,0.67907231,standard,True,synthetic
V06801,1152.904533,1.58045682,standard,True,synthetic
V06802,708.438271,0.81602148,preferred,False,synthetic
V06803,685.141765,1.00321924,preferred,False,synthetic
V06804,1062.819318,1.26970444,commercial,False,synthetic
V06805,743.659013,1.28497353,preferred,False,synthetic
V06806,1135.126978,1.21953445,standard,True,synthetic
V06807,594.732161,0.60245086,standard,True,synthetic
V06808,773.915519,0.54998145,preferred,True,synthetic
V06809,644.285924,0.97886928,preferred,True,synthetic
V06810,599.214057,1.4918623,preferred,True,synthetic
V06811,362.613026,1.1338711,standard,True,synthetic
V06812,471.40906,0.72180782,standard,False,synthetic
V06813,2313.923065,1.31494281,standard,True,synthetic
V06814,460.945439,1.28521871,commercial,True,synthetic
V06815,516.456125,1.46425704,standard,False,synthetic
V06816,250.0,0.53187776,commercial,False,synthetic
V06817,760.183023,0.73039808,commercial,True,synthetic
V06818,504.081467,1.75609279,preferred,True,synthetic
V06819,928.074036,0.59671299,standard,True,synthetic
V06820,634.660145,1.35178121,standard,False,synthetic
V06821,250.0,0.8085575,standard,True,synthetic
V06822,578.631815,1.4008272,preferred,False,synthetic
V06823,1118.957225,1.11848382,standard,True,synthetic
V06824,305.341749,0.86314041,standard,False,synthetic
V06825,1287.56884,1.2173511,preferred,False,synthetic
V06826,1010.86777,0.90472306,preferred,True,synthetic
V06827,407.039857,0.67589275,preferred,True,synthetic
V06828,705.969147,1.57439303,standard,True,synthetic
V06829,381.504364,0.95304143,standard,False,synthetic
V06830,647.262133,1.46414643,preferred,False,synthetic
V06831,644.500071,1.20736512,standard,True,synthetic
V06832,1370.847054,1.09124644,standard,False,synthetic
V06833,287.46003,0.81813772,standard,True,synthetic
V06834,456.198026,1.30368494,standard,True,synthetic
V06835,830.493779,0.8338675,standard,True,synthetic
V06836,918.302546,0.5026414,standard,True,synthetic
V06837,779.415932,1.5475833,standard,True,synthetic
V06838,542.04047,0.92949406,standard,True,synthetic
V06839,469.853679,0.83630834,preferred,True,synthetic
V06840,443.94286,1.54087077,preferred,True,synthetic
V06841,851.18527,1.90554916,standard,True,synthetic
V06842,942.921226,0.871594,standard,True,synthetic
V06843,406.469047,0.85326692,standard,True,synthetic
V06844,497.624851,1.44992217,commercial,False,synthetic
V06845,806.004725,0.77985553,preferred,True,synthetic
V06846,910.104469,0.81443067,standard,False,synthetic
V06847,280.161211,1.094223,standard,True,synthetic
V06848,743.503089,1.08002776,standard,True,synthetic
V06849,1377.297598,0.93834099,standard,True,synthetic
V06850,1445.379848,0.61171159,standard,False,synthetic
V06851,861.107045,1.13987958,preferred,True,synthetic
V06852,510.117686,1.04225775,standard,True,synthetic
V06853,407.013039,1.15403679,preferred,True,synthetic
V06854,1006.939114,0.98401304,preferred,False,synthetic
V06855,775.373957,0.7407721,preferred,True,synthetic
V06856,510.19257,1.00122328,preferred,True,synthetic
V06857,685.55005,1.34439282,standard,False,synthetic
V06858,1415.376698,1.08994458,standard,True,synthetic
V06859,800.170122,1.04472809,standard,True,synthetic
V06860,1270.285798,1.34968235,standard,True,synthetic
V06861,250.0,0.47554884,commercial,True,synthetic
V06862,563.730379,1.29319392,preferred,True,synthetic
V06863,1196.115535,1.03446542,standard,False,synthetic
V06864,973.471297,0.99410662,preferred,True,synthetic
V06865,435.220333,1.53809522,preferred,True,synthetic
V06866,1537.081798,0.77373421,commercial,False,synthetic
V06867,1284.284801,1.34839881,standard,True,synthetic
V06868,538.51642,0.93520455,standard,True,synthetic
V06869,1469.137082,1.21632711,commercial,False,synthetic
V06870,868.17034,0.8084703,standard,True,synthetic
V06871,364.982054,0.61634312,standard,True,synthetic
V06872,415.660921,0.90857061,standard,True,synthetic
V06873,631.17517,0.95681534,standard,True,synthetic
V06874,473.813201,2.32345075,standard,True,synthetic
V06875,1504.18966,1.1219152,standard,True,synthetic
V06876,1050.257299,0.62708407,standard,False,synthetic
V06877,765.24498,1.3165167,preferred,True,synthetic
V06878,511.284909,2.09553749,standard,False,synthetic
V06879,772.692627,1.33755873,standard,True,synthetic
V06880,508.283997,0.92497654,standard,False,synthetic
V06881,378.270573,0.62953116,standard,True,synthetic
V06882,947.917725,0.5916778,standard,False,synthetic
V06883,628.146585,1.3500342,preferred,True,synthetic
V06884,2122.001978,0.8139269,standard,False,synthetic
V06885,533.177321,1.12476586,preferred,True,synthetic
V06886,304.372531,1.40082439,standard,False,synthetic
V06887,665.827851,1.17568847,preferred,True,synthetic
V06888,516.550396,1.49036871,standard,True,synthetic
V06889,831.421043,1.31382543,standard,True,synthetic
V06890,441.560087,1.76969562,preferred,False,synthetic
V06891,527.127724,1.36993075,standard,False,synthetic
V06892,439.276041,0.62636974,preferred,True,synthetic
V06893,442.182144,0.78277923,standard,True,synthetic
V06894,832.684949,1.70066037,preferred,True,synthetic
V06895,1430.581484,1.1919301,standard,False,synthetic
V06896,722.250696,1.49918759,standard,True,synthetic
V06897,283.198768,1.24667269,standard,True,synthetic
V06898,1302.204496,1.05153311,standard,True,synthetic
V06899,846.010976,1.13853862,standard,False,synthetic
V06900,497.02023,1.20549449,preferred,False,synthetic
V06901,501.393846,0.97015923,preferred,False,synthetic
V06902,707.978542,0.95919216,standard,False,synthetic
V06903,340.807886,0.42078643,commercial,True,synthetic
V06904,733.925014,2.07665525,standard,True,synthetic
V06905,418.078301,1.30387406,standard,True,synthetic
V06906,638.20822,1.36612035,preferred,True,synthetic
V06907,579.497755,0.82940337,preferred,False,synthetic
V06908,374.916993,0.63056214,standard,True,synthetic
V06909,548.368051,1.33343665,standard,True,synthetic
V06910,1290.23212,1.14208255,commercial,False,synthetic
V06911,590.591097,0.77166836,commercial,True,synthetic
V06912,373.772518,0.95665464,standard,True,synthetic
V06913,789.649658,1.71361396,standard,False,synthetic
V06914,549.60068,1.49411824,standard,True,synthetic
V06915,562.419118,0.70443575,commercial,True,synthetic
V06916,399.400886,1.23259585,preferred,True,synthetic
V06917,711.708347,1.894144,standard,True,synthetic
V06918,623.683027,0.69925851,standard,True,synthetic
V06919,550.123684,1.31201206,preferred,False,synthetic
V06920,570.210278,1.2231109,preferred,False,synthetic
V06921,1164.077327,1.13369276,preferred,True,synthetic
V06922,1135.190357,1.15795217,standard,True,synthetic
V06923,684.041058,1.63001016,standard,True,synthetic
V06924,1356.688855,1.12865114,standard,True,synthetic
V06925,690.236154,1.8092607,commercial,True,synthetic
V06926,1237.141732,0.67511746,standard,True,synthetic
V06927,1079.04009,1.35874723,preferred,True,synthetic
V06928,2203.972081,0.59807551,standard,False,synthetic
V06929,1376.365323,0.60790619,preferred,True,synthetic
V06930,674.689359,0.94807463,standard,False,synthetic
V06931,1151.224447,1.44802398,preferred,False,synthetic
V06932,250.0,1.36406133,commercial,False,synthetic
V06933,681.406229,1.63447234,standard,True,synthetic
V06934,2162.895875,1.08616097,standard,True,synthetic
V06935,1037.671612,1.42735093,standard,True,synthetic
V06936,1464.905032,1.11308215,standard,True,synthetic
V06937,956.807202,0.97566137,commercial,True,synthetic
V06938,964.237463,1.30326518,preferred,True,synthetic
V06939,609.261801,1.31770433,preferred,True,synthetic
V06940,1698.313984,1.2444259,commercial,True,synthetic
V06941,803.689218,1.15725372,commercial,True,synthetic
V06942,1286.835431,0.89464431,standard,False,synthetic
V06943,838.718932,0.76045584,standard,False,synthetic
V06944,411.728443,0.89481842,standard,True,synthetic
V06945,823.892879,0.89097299,standard,False,synthetic
V06946,415.298187,0.54152811,standard,False,synthetic
V06947,676.111037,0.72229813,standard,True,synthetic
V06948,1322.01402,0.82581296,standard,False,synthetic
V06949,342.176358,1.26916995,standard,True,synthetic
V06950,537.03794,0.79027883,standard,False,synthetic
V06951,556.828413,1.07771125,preferred,True,synthetic
V06952,1604.747129,0.79198661,standard,True,synthetic
V06953,776.683753,0.76475732,preferred,False,synthetic
V06954,1519.278632,0.66381351,commercial,True,synthetic
V06955,451.292631,1.61489515,standard,False,synthetic
V06956,869.831502,1.11406687,standard,True,synthetic
V06957,414.607888,0.96404401,commercial,True,synthetic
V06958,434.869489,1.34958383,preferred,True,synthetic
V06959,707.853882,1.00984546,commercial,False,synthetic
V06960,663.331609,1.99206966,standard,True,synthetic
V06961,835.448537,0.89160114,standard,False,synthetic
V06962,1289.393241,1.43388475,standard,True,synthetic
V06963,280.02416,1.35894528,commercial,False,synthetic
V06964,1945.24374,1.25479074,standard,False,synthetic
V06965,1024.592818,1.48839721,preferred,True,synthetic
V06966,1114.483614,0.80819269,standard,False,synthetic
V06967,715.140415,1.35636859,commercial,True,synthetic
V06968,1119.524924,0.99040536,preferred,True,synthetic
V06969,662.451624,0.50463162,standard,False,synthetic
V06970,1536.857975,0.65080548,standard,False,synthetic
V06971,2837.25841,0.70241524,preferred,False,synthetic
V06972,570.044388,0.59247079,commercial,False,synthetic
V06973,467.293106,0.55375014,standard,False,synthetic
V06974,1035.959019,1.97375103,preferred,True,synthetic
V06975,707.154293,1.02088898,commercial,False,synthetic
V06976,730.267012,0.67744047,standard,False,synthetic
V06977,641.922241,0.89563177,standard,False,synthetic
V06978,520.429947,1.02137075,standard,False,synthetic
V06979,1716.884863,1.13181835,standard,True,synthetic
V06980,935.587163,0.92674529,standard,True,synthetic
V06981,1759.838583,0.97491032,preferred,False,synthetic
V06982,1572.818904,1.02773051,commercial,True,synthetic
V06983,801.661695,0.70993823,commercial,True,synthetic
V06984,928.326781,1.79626551,preferred,True,synthetic
V06985,250.0,1.23451702,standard,True,synthetic
V06986,517.689444,1.68784418,preferred,True,synthetic
V06987,1807.874611,1.1806365,standard,True,synthetic
V06988,2241.977074,0.71134061,commercial,False,synthetic
V06989,617.486257,1.78363326,standard,False,synthetic
V06990,1146.326209,1.05017729,standard,True,synthetic
V06991,629.785063,1.16196209,standard,True,synthetic
V06992,296.900477,1.37268262,standard,True,synthetic
V06993,1799.198539,1.1242301,preferred,False,synthetic
V06994,952.614187,1.28998423,standard,True,synthetic
V06995,2084.106837,0.75886936,standard,True,synthetic
V06996,643.708191,1.82266836,standard,True,synthetic
V06997,1250.225716,0.68037118,preferred,True,synthetic
V06998,446.072365,0.51166731,standard,True,synthetic
V06999,442.797506,1.32034769,commercial,True,synthetic
V07000,331.991779,0.82599951,standard,True,synthetic
V07001,541.202653,0.57246824,standard,True,synthetic
V07002,596.218028,0.4,standard,True,synthetic
V07003,926.42444,0.98358872,preferred,True,synthetic
V07004,825.905226,0.88920213,standard,True,synthetic
V07005,2435.227318,0.52601948,standard,True,synthetic
V07006,519.70647,1.04673681,standard,True,synthetic
V07007,1639.109645,1.12194939,preferred,False,synthetic
V07008,1086.997901,0.8568578,preferred,False,synthetic
V07009,738.772558,0.75380767,standard,True,synthetic
V07010,601.46988,1.64585537,standard,True,synthetic
V07011,1169.838905,1.0806065,standard,True,synthetic
V07012,987.605446,0.78234402,standard,True,synthetic
V07013,2496.766758,0.93439946,preferred,True,synthetic
V07014,472.168458,1.0238022,standard,True,synthetic
V07015,1150.555946,1.04569733,standard,False,synthetic
V07016,560.946772,0.69180718,standard,False,synthetic
V07017,691.405905,0.95598656,standard,False,synthetic
V07018,1425.841754,1.60720556,preferred,True,synthetic
V07019,682.221068,1.45605903,standard,True,synthetic
V07020,666.330684,0.7719035,commercial,True,synthetic
V07021,1448.063788,0.61604636,standard,False,synthetic
V07022,1946.046136,0.51016797,standard,True,synthetic
V07023,557.752242,1.77913188,standard,False,synthetic
V07024,450.481083,0.69495959,preferred,False,synthetic
V07025,786.446557,1.38004329,preferred,False,synthetic
V07026,1404.01129,1.23172857,standard,False,synthetic
V07027,250.0,1.90759831,preferred,True,synthetic
V07028,515.127232,0.64353424,standard,True,synthetic
V07029,856.714793,1.06734354,standard,True,synthetic
V07030,662.514574,2.54820767,commercial,True,synthetic
V07031,951.631201,0.84355811,commercial,False,synthetic
V07032,607.484966,0.99514423,standard,True,synthetic
V07033,1662.191116,0.73014479,standard,True,synthetic
V07034,250.0,0.75495261,preferred,True,synthetic
V07035,792.980823,0.98365091,standard,False,synthetic
V07036,765.971192,0.6186184,standard,False,synthetic
V07037,1023.42751,0.99107144,standard,True,synthetic
V07038,602.674128,1.55329649,standard,False,synthetic
V07039,673.479547,0.87895409,commercial,True,synthetic
V07040,2017.527607,1.22824573,commercial,True,synthetic
V07041,1362.42235,1.49729753,preferred,True,synthetic
V07042,1233.320322,0.40532551,preferred,True,synthetic
V07043,1430.729438,1.27162798,standard,True,synthetic
V07044,699.964151,1.43274479,commercial,False,synthetic
V07045,1148.997532,0.96380953,preferred,False,synthetic
V07046,1186.579933,0.68870133,commercial,False,synthetic
V07047,562.568967,1.26956823,standard,True,synthetic
V07048,1075.426581,0.90220121,standard,False,synthetic
V07049,250.0,0.95276964,standard,False,synthetic
V07050,588.5664,1.09043842,standard,True,synthetic
V07051,644.27126,2.35486103,preferred,True,synthetic
V07052,1583.302903,0.73854889,standard,False,synthetic
V07053,470.286906,0.85165078,standard,True,synthetic
V07054,1849.815514,1.00907279,standard,True,synthetic
V07055,348.197611,0.63961812,standard,True,synthetic
V07056,525.356859,0.87578704,standard,True,synthetic
V07057,824.486559,1.01755122,standard,True,synthetic
V07058,318.387963,1.39958872,standard,False,synthetic
V07059,938.732691,1.28855274,preferred,True,synthetic
V07060,357.570525,0.71983211,standard,True,synthetic
V07061,281.685606,1.02911614,preferred,False,synthetic
V07062,1080.742467,1.09909731,standard,True,synthetic
V07063,1377.0569,1.72979746,standard,True,synthetic
V07064,428.391865,1.64555521,standard,True,synthetic
V07065,1003.1572,0.96023526,standard,True,synthetic
V07066,413.733566,0.74824236,preferred,True,synthetic
V07067,965.354034,1.10326176,standard,True,synthetic
V07068,829.525984,1.07564525,standard,True,synthetic
V07069,1971.432295,0.82640551,standard,True,synthetic
V07070,711.900916,1.11724029,standard,True,synthetic
V07071,1049.499909,0.87867377,preferred,False,synthetic
V07072,504.578863,0.54270935,standard,False,synthetic
V07073,1138.850232,1.64520922,commercial,False,synthetic
V07074,496.213764,0.52603189,preferred,False,synthetic
V07075,321.736034,0.8381798,preferred,True,synthetic
V07076,990.83414,0.55083949,standard,True,synthetic
V07077,2842.540044,2.16386773,standard,True,synthetic
V07078,979.848115,0.92871999,standard,False,synthetic
V07079,598.746784,0.6241601,standard,True,synthetic
V07080,751.099959,0.68471711,preferred,True,synthetic
V07081,288.581329,1.08594677,standard,True,synthetic
V07082,610.195622,0.64871458,preferred,True,synthetic
V07083,1336.271604,1.16533577,standard,True,synthetic
V07084,250.0,1.03402817,commercial,True,synthetic
V07085,2630.862028,1.97529803,standard,True,synthetic
V07086,728.761707,0.8488026,preferred,True,synthetic
V07087,267.158917,1.32510799,standard,True,synthetic
V07088,717.983348,0.95215726,standard,False,synthetic
V07089,926.938055,1.18424169,standard,True,synthetic
V07090,883.159523,0.79411962,standard,True,synthetic
V07091,752.309729,0.78432491,preferred,True,synthetic
V07092,1035.558987,1.40591478,standard,True,synthetic
V07093,630.936571,1.17939026,standard,False,synthetic
V07094,1363.559801,1.0241897,standard,True,synthetic
V07095,492.045546,0.57010377,standard,False,synthetic
V07096,1338.989391,0.90093367,preferred,True,synthetic
V07097,1230.544737,1.15997534,standard,False,synthetic
V07098,955.143887,0.90018549,standard,True,synthetic
V07099,866.686858,1.23455194,standard,True,synthetic
V07100,700.478416,0.48539843,standard,False,synthetic
V07101,824.620945,1.40913086,preferred,True,synthetic
V07102,694.880964,1.61687442,preferred,True,synthetic
V07103,1014.146318,1.72816747,commercial,True,synthetic
V07104,1414.93993,1.31919269,standard,True,synthetic
V07105,953.857269,1.06656617,commercial,True,synthetic
V07106,633.62551,1.07558735,preferred,False,synthetic
V07107,384.956388,1.15792127,preferred,True,synthetic
V07108,453.76803,0.72975018,preferred,True,synthetic
V07109,653.625746,0.57890127,standard,True,synthetic
V07110,1488.365175,0.9127381,standard,True,synthetic
V07111,535.461005,1.8965074,preferred,True,synthetic
V07112,273.415884,1.37597782,standard,False,synthetic
V07113,1008.863935,0.88234649,standard,True,synthetic
V07114,366.679357,0.41738769,commercial,False,synthetic
V07115,1393.718073,0.64776266,standard,True,synthetic
V07116,867.558032,1.51347531,commercial,True,synthetic
V07117,562.724779,1.68351178,standard,True,synthetic
V07118,511.549461,0.93721188,standard,True,synthetic
V07119,334.162014,0.73206689,standard,False,synthetic
V07120,1635.956083,1.16123645,standard,True,synthetic
V07121,1397.551287,0.6334744,commercial,False,synthetic
V07122,1151.215124,1.29739739,preferred,False,synthetic
V07123,730.052158,1.18207136,preferred,False,synthetic
V07124,673.988152,0.8299325,standard,True,synthetic
V07125,770.946083,1.01252182,standard,True,synthetic
V07126,954.202178,1.07301898,preferred,True,synthetic
V07127,1159.594698,0.88016528,commercial,True,synthetic
V07128,686.506,0.80805221,standard,True,synthetic
V07129,635.029674,0.91948358,preferred,True,synthetic
V07130,519.200263,0.8343677,standard,True,synthetic
V07131,476.867433,1.67214897,standard,False,synthetic
V07132,437.821583,0.49839587,standard,True,synthetic
V07133,717.422479,0.8551069,standard,True,synthetic
V07134,798.671859,1.33580974,preferred,True,synthetic
V07135,250.0,0.87533986,standard,False,synthetic
V07136,1373.36679,1.31150328,preferred,True,synthetic
V07137,660.002634,1.00932779,standard,True,synthetic
V07138,771.326645,0.58788298,standard,True,synthetic
V07139,336.100034,1.22542641,standard,False,synthetic
V07140,250.0,1.72664329,preferred,True,synthetic
V07141,267.981509,1.15152846,commercial,True,synthetic
V07142,844.174497,1.36291018,preferred,True,synthetic
V07143,356.709999,0.91930248,commercial,True,synthetic
V07144,460.004437,0.84619736,standard,False,synthetic
V07145,1433.972996,1.08282381,standard,True,synthetic
V07146,846.832936,0.80511726,standard,False,synthetic
V07147,1061.262093,1.3012033,standard,True,synthetic
V07148,2752.770585,0.90524378,standard,False,synthetic
V07149,895.317879,1.19611218,standard,True,synthetic
V07150,705.564666,0.9649802,standard,True,synthetic
V07151,291.677649,1.28010728,standard,True,synthetic
V07152,762.533725,0.94303875,standard,True,synthetic
V07153,665.066955,0.7870515,standard,True,synthetic
V07154,436.846702,1.25807965,commercial,False,synthetic
V07155,596.080892,0.95331276,preferred,False,synthetic
V07156,1093.593177,0.69601267,standard,True,synthetic
V07157,939.376624,1.01613839,preferred,True,synthetic
V07158,639.141378,0.89774456,standard,True,synthetic
V07159,327.594764,0.95074429,standard,False,synthetic
V07160,939.995437,0.72354452,preferred,False,synthetic
V07161,907.198174,0.60446832,standard,True,synthetic
V07162,403.432808,0.85231208,standard,True,synthetic
V07163,376.732401,1.12961191,preferred,True,synthetic
V07164,402.77708,1.23833418,standard,False,synthetic
V07165,927.995386,1.39330156,standard,True,synthetic
V07166,1853.064858,0.91483283,standard,True,synthetic
V07167,544.66249,1.09286365,standard,False,synthetic
V07168,1467.001171,0.88334756,standard,True,synthetic
V07169,1391.391661,1.26149642,preferred,True,synthetic
V07170,479.643756,1.03579059,standard,False,synthetic
V07171,799.604392,1.11168769,standard,True,synthetic
V07172,766.868328,1.29583158,standard,True,synthetic
V07173,1025.994176,1.50330634,standard,False,synthetic
V07174,849.684901,1.01287048,commercial,True,synthetic
V07175,567.855381,0.839534,commercial,True,synthetic
V07176,499.273809,0.98096199,standard,True,synthetic
V07177,2274.11739,1.2153175,standard,True,synthetic
V07178,596.267908,1.12770168,standard,True,synthetic
V07179,1469.553344,0.81194434,commercial,False,synthetic
V07180,812.179478,0.92918697,preferred,True,synthetic
V07181,984.289115,1.36815179,standard,False,synthetic
V07182,743.859048,1.04855203,standard,False,synthetic
V07183,527.025698,1.57274485,standard,True,synthetic
V07184,882.248958,0.84201515,standard,True,synthetic
V07185,785.905565,0.94681606,preferred,True,synthetic
V07186,663.685389,1.20592548,standard,False,synthetic
V07187,2090.444042,0.89679545,standard,False,synthetic
V07188,490.347482,1.07521776,standard,True,synthetic
V07189,3419.725451,0.67081812,standard,False,synthetic
V07190,405.106852,0.63748194,standard,False,synthetic
V07191,1124.254016,0.73000887,standard,False,synthetic
V07192,423.842562,0.60766885,standard,False,synthetic
V07193,466.611318,0.86865979,preferred,True,synthetic
V07194,1244.458456,1.06806599,standard,True,synthetic
V07195,598.85671,1.16093762,preferred,False,synthetic
V07196,1265.835642,0.98470398,standard,True,synthetic
V07197,814.673631,0.56599099,standard,True,synthetic
V07198,713.899213,1.25389323,preferred,True,synthetic
V07199,1030.244026,1.00579223,standard,True,synthetic
V07200,1173.628169,0.98831783,standard,True,synthetic
V07201,526.377101,2.52954319,standard,False,synthetic
V07202,1235.257877,0.67566783,preferred,True,synthetic
V07203,332.861921,0.80773407,standard,True,synthetic
V07204,410.508836,1.16628841,commercial,True,synthetic
V07205,513.488486,0.61707823,preferred,False,synthetic
V07206,408.67667,0.53338773,standard,True,synthetic
V07207,1023.468955,0.80128199,preferred,False,synthetic
V07208,1968.554331,0.95092369,standard,True,synthetic
V07209,426.948538,1.36295051,standard,True,synthetic
V07210,250.0,0.7777271,standard,True,synthetic
V07211,657.320834,1.09702632,standard,True,synthetic
V07212,623.471231,0.96754176,commercial,False,synthetic
V07213,836.094416,1.41123288,standard,False,synthetic
V07214,881.570111,1.36149568,standard,True,synthetic
V07215,1035.292438,1.86726837,standard,True,synthetic
V07216,1027.427439,0.7160096,standard,False,synthetic
V07217,1458.405375,1.1736881,commercial,False,synthetic
V07218,1144.490991,0.95971062,standard,False,synthetic
V07219,387.878711,0.62865108,standard,False,synthetic
V07220,1018.081155,1.30601047,standard,False,synthetic
V07221,899.702678,1.07833107,standard,True,synthetic
V07222,256.212886,0.63748809,standard,True,synthetic
V07223,639.015938,1.21938773,preferred,True,synthetic
V07224,777.935416,0.4082633,standard,False,synthetic
V07225,715.350869,0.60037012,standard,True,synthetic
V07226,1730.02779,0.5710472,preferred,True,synthetic
V07227,498.70877,0.98239164,commercial,False,synthetic
V07228,853.927356,0.53790289,preferred,True,synthetic
V07229,789.346387,0.74465376,standard,True,synthetic
V07230,699.267351,0.660503,standard,True,synthetic
V07231,299.60736,1.34749028,preferred,True,synthetic
V07232,374.345505,1.14804272,commercial,True,synthetic
V07233,955.002404,1.53443573,preferred,True,synthetic
V07234,432.768793,0.93522447,commercial,True,synthetic
V07235,382.582231,1.05447188,preferred,True,synthetic
V07236,504.275686,1.10534668,preferred,True,synthetic
V07237,656.046754,0.71051223,standard,True,synthetic
V07238,1061.086251,1.12933952,standard,True,synthetic
V07239,1077.489841,1.1014191,standard,False,synthetic
V07240,510.611618,0.80764368,standard,True,synthetic
V07241,250.0,0.63088164,standard,True,synthetic
V07242,1059.056908,1.44054512,standard,True,synthetic
V07243,447.219649,1.5189139,preferred,True,synthetic
V07244,1165.941685,1.3536378,standard,False,synthetic
V07245,477.171729,1.13758669,standard,False,synthetic
V07246,942.291891,1.28265995,standard,True,synthetic
V07247,550.361011,0.85915807,standard,False,synthetic
V07248,1788.532625,0.8188326,preferred,False,synthetic
V07249,250.0,0.77832053,standard,False,synthetic
V07250,879.960034,1.36276028,standard,False,synthetic
V07251,993.797807,1.01418329,preferred,True,synthetic
V07252,964.183267,0.66381014,standard,True,synthetic
V07253,878.816557,1.29966257,standard,True,synthetic
V07254,342.145766,0.97349845,preferred,True,synthetic
V07255,902.525519,0.80201748,standard,True,synthetic
V07256,921.387642,0.81812644,standard,True,synthetic
V07257,326.553069,0.51138469,standard,True,synthetic
V07258,748.114657,1.12171047,standard,True,synthetic
V07259,1654.589975,1.12292744,standard,True,synthetic
V07260,942.634122,0.77650989,preferred,True,synthetic
V07261,712.198528,1.71422922,standard,False,synthetic
V07262,752.84781,2.0792374,standard,True,synthetic
V07263,665.999654,1.25771721,preferred,True,synthetic
V07264,280.075672,1.14828289,preferred,True,synthetic
V07265,1457.244315,0.98857653,preferred,True,synthetic
V07266,1002.06472,0.71735351,preferred,False,synthetic
V07267,2313.98433,0.82982944,standard,True,synthetic
V07268,493.620135,0.62922998,standard,False,synthetic
V07269,753.272115,0.93019405,standard,True,synthetic
V07270,1221.043997,1.18273569,standard,False,synthetic
V07271,509.925687,0.67118343,standard,True,synthetic
V07272,786.887097,0.64437395,standard,True,synthetic
V07273,988.670477,0.78656174,standard,True,synthetic
V07274,250.0,1.21933479,preferred,False,synthetic
V07275,618.392574,1.02087319,standard,True,synthetic
V07276,1808.839513,1.14012411,standard,True,synthetic
V07277,1520.332273,0.78845317,standard,True,synthetic
V07278,755.825259,0.75484036,standard,True,synthetic
V07279,1891.969686,0.4,preferred,False,synthetic
V07280,296.658361,0.98035646,standard,False,synthetic
V07281,3500.0,0.94143184,preferred,True,synthetic
V07282,1096.456431,1.2083708,preferred,True,synthetic
V07283,845.889862,1.44540407,standard,True,synthetic
V07284,1451.909225,0.89755434,preferred,True,synthetic
V07285,580.148408,1.61709602,standard,True,synthetic
V07286,670.476341,0.6409799,standard,True,synthetic
V07287,762.872829,1.5104527,preferred,False,synthetic
V07288,558.249583,0.97447738,standard,True,synthetic
V07289,314.99535,0.77480328,standard,True,synthetic
V07290,827.241246,0.98785912,standard,True,synthetic
V07291,717.571704,1.14959211,standard,False,synthetic
V07292,976.583444,1.14911518,standard,True,synthetic
V07293,779.50613,0.89146599,commercial,True,synthetic
V07294,3315.948769,0.6750953,commercial,True,synthetic
V07295,1086.806892,0.6680228,preferred,True,synthetic
V07296,552.034463,1.01473521,standard,False,synthetic
V07297,695.559408,0.4302839,standard,True,synthetic
V07298,550.592566,0.68774877,preferred,False,synthetic
V07299,1262.376127,1.22577811,standard,True,synthetic
V07300,935.659228,1.24178701,standard,False,synthetic
V07301,862.917687,0.96256996,standard,True,synthetic
V07302,630.094485,1.63073379,standard,True,synthetic
V07303,1240.884838,1.37407872,standard,True,synthetic
V07304,961.279422,0.77950108,standard,True,synthetic
V07305,1407.600989,1.17530873,standard,True,synthetic
V07306,633.412556,1.05928568,preferred,False,synthetic
V07307,2146.684357,0.62527316,preferred,True,synthetic
V07308,305.139768,1.05831703,preferred,True,synthetic
V07309,338.070448,1.09666285,standard,False,synthetic
V07310,1465.253309,1.06817979,standard,True,synthetic
V07311,1980.974758,0.76408966,preferred,True,synthetic
V07312,1313.285129,0.84674183,standard,True,synthetic
V07313,338.720148,0.87383772,standard,True,synthetic
V07314,499.252198,0.81313334,commercial,True,synthetic
V07315,499.283781,1.162296,standard,False,synthetic
V07316,1377.27229,1.03796773,standard,False,synthetic
V07317,651.639393,1.01323642,commercial,True,synthetic
V07318,481.640662,1.02428396,preferred,True,synthetic
V07319,1609.941896,0.82768059,preferred,True,synthetic
V07320,1939.160296,0.84066977,standard,True,synthetic
V07321,339.429423,0.62241507,standard,True,synthetic
V07322,785.451112,1.67410792,standard,True,synthetic
V07323,1879.747262,0.53930704,standard,False,synthetic
V07324,1143.835466,0.81296546,preferred,True,synthetic
V07325,280.9545,0.83289296,standard,True,synthetic
V07326,354.637085,1.3511948,standard,False,synthetic
V07327,927.355078,1.20387089,standard,True,synthetic
V07328,864.770594,0.75175787,standard,True,synthetic
V07329,1110.634682,1.58952817,preferred,True,synthetic
V07330,366.447584,0.81691626,standard,True,synthetic
V07331,658.484713,0.48596073,standard,True,synthetic
V07332,376.78972,1.00059071,standard,False,synthetic
V07333,719.350918,0.54311551,commercial,True,synthetic
V07334,647.676215,0.62382208,commercial,True,synthetic
V07335,537.628356,0.94618374,standard,False,synthetic
V07336,391.864837,0.98568491,standard,False,synthetic
V07337,742.631879,0.63665654,standard,True,synthetic
V07338,891.526972,0.76738811,standard,True,synthetic
V07339,641.638551,1.28079178,preferred,False,synthetic
V07340,569.860625,0.88388332,commercial,False,synthetic
V07341,250.0,0.79713571,standard,True,synthetic
V07342,692.524554,1.06430718,preferred,False,synthetic
V07343,302.053967,0.6690247,standard,False,synthetic
V07344,1733.344101,1.18665948,standard,True,synthetic
V07345,1173.816245,1.65234314,standard,True,synthetic
V07346,1927.29732,0.89203038,standard,True,synthetic
V07347,881.655105,1.00096103,standard,True,synthetic
V07348,794.123668,1.22359226,standard,True,synthetic
V07349,388.873936,0.9662994,preferred,True,synthetic
V07350,539.39214,1.52544668,standard,False,synthetic
V07351,561.731838,1.44040201,preferred,True,synthetic
V07352,784.403901,1.6503217,standard,True,synthetic
V07353,883.531107,0.84486291,standard,True,synthetic
V07354,876.155174,1.2131145,standard,False,synthetic
V07355,1082.96295,0.61980158,preferred,True,synthetic
V07356,452.170364,0.75247216,standard,True,synthetic
V07357,451.309844,0.68911289,standard,False,synthetic
V07358,1372.678421,2.04809159,standard,True,synthetic
V07359,712.977346,0.95373705,preferred,False,synthetic
V07360,903.025951,0.98549533,standard,True,synthetic
V07361,760.940502,0.89815242,commercial,True,synthetic
V07362,1330.543807,1.11432983,preferred,True,synthetic
V07363,992.218358,0.96639315,preferred,False,synthetic
V07364,367.918364,1.31701963,commercial,True,synthetic
V07365,1621.405566,1.41408218,standard,True,synthetic
V07366,456.316534,0.87376627,standard,False,synthetic
V07367,2636.086134,0.87932107,standard,True,synthetic
V07368,1016.643338,1.48872177,standard,True,synthetic
V07369,2135.324725,1.1235949,standard,True,synthetic
V07370,432.263482,0.89282267,standard,False,synthetic
V07371,263.407712,1.29517056,commercial,False,synthetic
V07372,834.183103,0.73831923,standard,True,synthetic
V07373,458.212528,1.64885545,preferred,False,synthetic
V07374,876.427566,1.3278106,standard,True,synthetic
V07375,614.118886,1.1082064,standard,True,synthetic
V07376,1000.32745,1.24745113,standard,True,synthetic
V07377,1188.046716,1.1635843,commercial,True,synthetic
V07378,951.135492,2.11072132,preferred,True,synthetic
V07379,758.693859,0.9221227,preferred,True,synthetic
V07380,524.481168,1.14529814,standard,True,synthetic
V07381,679.76807,0.56976251,standard,True,synthetic
V07382,270.410104,1.13316599,standard,True,synthetic
V07383,1450.533899,1.24836416,standard,True,synthetic
V07384,644.898356,0.49365439,preferred,True,synthetic
V07385,1168.868503,0.8356777,commercial,True,synthetic
V07386,296.270185,0.92804753,standard,True,synthetic
V07387,529.551763,1.41927942,standard,True,synthetic
V07388,1215.173808,1.04323754,preferred,False,synthetic
V07389,577.971779,1.00685719,preferred,False,synthetic
V07390,605.660232,0.6344081,standard,False,synthetic
V07391,250.0,1.62276246,preferred,True,synthetic
V07392,298.702711,1.33571338,preferred,False,synthetic
V07393,3402.167545,0.95384895,standard,True,synthetic
V07394,531.175246,1.28963764,preferred,True,synthetic
V07395,563.395938,0.75235826,standard,True,synthetic
V07396,734.371101,0.73376793,standard,True,synthetic
V07397,981.402926,0.88921096,preferred,False,synthetic
V07398,562.296646,0.74247404,standard,True,synthetic
V07399,538.350276,0.46392275,standard,True,synthetic
V07400,2124.797221,1.28711386,preferred,True,synthetic
V07401,836.965132,1.60779644,commercial,True,synthetic
V07402,517.337094,1.46801118,commercial,True,synthetic
V07403,652.299852,1.32964947,preferred,False,synthetic
V07404,887.703508,1.5156517,preferred,True,synthetic
V07405,511.398058,0.78481215,preferred,False,synthetic
V07406,620.81965,0.52178452,preferred,False,synthetic
V07407,270.254899,1.60002001,standard,True,synthetic
V07408,630.615044,0.87459829,standard,True,synthetic
V07409,3500.0,1.0387523,commercial,True,synthetic
V07410,831.876146,0.67237123,commercial,True,synthetic
V07411,250.0,1.04511348,commercial,False,synthetic
V07412,403.925123,0.95282017,commercial,True,synthetic
V07413,680.381051,1.09747097,standard,True,synthetic
V07414,719.776553,0.77715144,standard,True,synthetic
V07415,1289.548497,1.63967449,standard,True,synthetic
V07416,2222.700884,0.74275948,standard,True,synthetic
V07417,648.544755,1.40782342,standard,True,synthetic
V07418,713.576501,0.92869126,standard,True,synthetic
V07419,672.934375,0.86397402,standard,True,synthetic
V07420,311.796557,1.26914542,standard,True,synthetic
V07421,1162.672589,1.02597037,preferred,False,synthetic
V07422,1186.268053,1.42048748,standard,True,synthetic
V07423,476.537965,0.84630477,standard,True,synthetic
V07424,633.492291,0.82121926,preferred,True,synthetic
V07425,1093.519241,0.6857257,standard,True,synthetic
V07426,1078.214343,1.00293654,standard,True,synthetic
V07427,935.974583,1.58623684,preferred,True,synthetic
V07428,1115.844553,1.14915103,commercial,True,synthetic
V07429,344.796025,0.47917699,standard,True,synthetic
V07430,1089.674248,1.00462999,preferred,False,synthetic
V07431,660.289213,1.44843286,standard,False,synthetic
V07432,265.353804,0.55612376,preferred,True,synthetic
V07433,1302.176629,0.67357796,standard,True,synthetic
V07434,971.039608,0.93460007,commercial,True,synthetic
V07435,2828.371857,0.80734644,standard,False,synthetic
V07436,1044.495791,0.76092694,standard,True,synthetic
V07437,1154.414584,0.76276982,standard,True,synthetic
V07438,1021.357261,1.33166759,preferred,True,synthetic
V07439,652.819485,1.34208026,standard,False,synthetic
V07440,399.668823,1.10241971,standard,False,synthetic
V07441,318.939061,0.91390171,standard,True,synthetic
V07442,501.986284,0.95528703,standard,False,synthetic
V07443,735.952369,0.77514291,standard,True,synthetic
V07444,1016.445401,1.24437348,preferred,False,synthetic
V07445,712.530147,1.34675437,standard,False,synthetic
V07446,909.731781,0.81334256,standard,True,synthetic
V07447,468.780296,0.74617805,commercial,True,synthetic
V07448,436.789081,1.07244208,preferred,True,synthetic
V07449,493.584046,1.11309106,commercial,True,synthetic
V07450,1003.949272,0.61465347,standard,True,synthetic
V07451,737.836351,1.12711722,standard,False,synthetic
V07452,263.07666,0.73564376,preferred,True,synthetic
V07453,501.802653,0.69551402,preferred,True,synthetic
V07454,532.942779,1.41797291,commercial,True,synthetic
V07455,1092.042234,1.36186931,commercial,True,synthetic
V07456,326.556341,0.66427547,commercial,True,synthetic
V07457,583.325386,0.75292016,standard,False,synthetic
V07458,676.916732,0.84983962,standard,False,synthetic
V07459,363.845879,0.41798255,preferred,False,synthetic
V07460,522.329615,0.90508228,standard,True,synthetic
V07461,366.464952,0.57845777,standard,True,synthetic
V07462,1036.881008,1.62679542,standard,False,synthetic
V07463,1088.005967,0.89752977,standard,False,synthetic
V07464,344.995206,1.18248345,standard,True,synthetic
V07465,1171.654695,0.52246356,standard,True,synthetic
V07466,1498.13837,1.23959927,standard,True,synthetic
V07467,1278.034619,1.01219482,preferred,True,synthetic
V07468,713.542965,0.69467273,standard,False,synthetic
V07469,576.050043,1.22084549,standard,False,synthetic
V07470,1121.774202,1.02448374,standard,True,synthetic
V07471,906.185461,0.72160657,standard,True,synthetic
V07472,291.552834,1.26838947,preferred,True,synthetic
V07473,2375.251628,0.96402278,standard,True,synthetic
V07474,735.326237,0.87716068,preferred,True,synthetic
V07475,511.211064,1.62093056,standard,False,synthetic
V07476,691.2278,0.8783231,preferred,True,synthetic
V07477,250.0,0.90813967,commercial,True,synthetic
V07478,670.13094,1.18416972,standard,False,synthetic
V07479,523.483378,1.38053474,standard,True,synthetic
V07480,1376.465183,0.89500594,standard,True,synthetic
V07481,250.0,1.6136077,standard,True,synthetic
V07482,445.607927,0.810169,standard,True,synthetic
V07483,1261.312046,1.18549085,standard,False,synthetic
V07484,679.374601,1.11425861,standard,True,synthetic
V07485,805.830712,1.40812331,standard,True,synthetic
V07486,939.08453,1.21056846,standard,True,synthetic
V07487,776.380215,0.72872953,standard,True,synthetic
V07488,506.520956,1.07560406,standard,True,synthetic
V07489,1491.164918,0.82804319,commercial,True,synthetic
V07490,640.66416,0.83795793,standard,True,synthetic
V07491,1221.159538,1.14026485,standard,True,synthetic
V07492,643.343219,1.05010917,standard,True,synthetic
V07493,1025.129017,0.92758804,commercial,False,synthetic
V07494,637.630194,1.29236022,standard,False,synthetic
V07495,1029.664326,0.9249974,commercial,True,synthetic
V07496,339.944989,1.50911717,preferred,True,synthetic
V07497,453.729677,1.33723835,standard,False,synthetic
V07498,830.646784,1.36195851,standard,True,synthetic
V07499,766.161107,1.11007341,standard,False,synthetic
V07500,984.894267,0.49816968,standard,True,synthetic
V07501,250.0,1.72263624,commercial,True,synthetic
V07502,320.562394,1.37913092,standard,True,synthetic
V07503,425.495443,0.69249485,standard,False,synthetic
V07504,683.204991,1.82030982,standard,False,synthetic
V07505,827.065361,0.86155418,standard,False,synthetic
V07506,753.149338,1.31197564,preferred,True,synthetic
V07507,1484.783324,1.31268867,standard,True,synthetic
V07508,279.956433,1.07963139,commercial,False,synthetic
V07509,414.958783,1.17510775,commercial,True,synthetic
V07510,503.239484,1.11495751,standard,True,synthetic
V07511,392.010005,0.89632369,standard,True,synthetic
V07512,379.471651,1.20246431,standard,True,synthetic
V07513,695.729526,0.63976528,standard,False,synthetic
V07514,1137.499511,1.30795246,preferred,False,synthetic
V07515,491.404655,1.07365533,preferred,True,synthetic
V07516,1084.218635,1.13309036,standard,True,synthetic
V07517,503.079851,1.34396422,standard,True,synthetic
V07518,913.720196,1.86879348,standard,True,synthetic
V07519,817.506121,0.95351848,standard,True,synthetic
V07520,844.35751,1.18526958,standard,False,synthetic
V07521,635.213508,1.08359904,standard,True,synthetic
V07522,250.0,1.42383825,standard,True,synthetic
V07523,2377.678382,1.21513403,preferred,False,synthetic
V07524,1341.116377,1.04924188,preferred,False,synthetic
V07525,694.640693,0.50654641,standard,True,synthetic
V07526,250.0,1.56261657,standard,True,synthetic
V07527,372.919558,1.92801309,standard,True,synthetic
V07528,988.486427,0.90424303,commercial,True,synthetic
V07529,682.458832,0.69844822,standard,True,synthetic
V07530,1208.465151,1.11182536,commercial,False,synthetic
V07531,486.283263,0.58152313,standard,True,synthetic
V07532,516.684473,0.79420256,standard,True,synthetic
V07533,709.200371,1.15093709,preferred,True,synthetic
V07534,505.919353,0.60339854,standard,True,synthetic
V07535,484.0332,0.66450808,preferred,True,synthetic
V07536,438.23066,0.58251262,standard,True,synthetic
V07537,1110.934412,0.85885375,commercial,False,synthetic
V07538,630.996854,0.9141944,standard,True,synthetic
V07539,498.611,1.29196088,standard,True,synthetic
V07540,573.946604,0.61963284,standard,True,synthetic
V07541,1298.191326,1.28472811,commercial,True,synthetic
V07542,656.151271,1.0406073,commercial,False,synthetic
V07543,457.889834,0.77363596,preferred,True,synthetic
V07544,250.0,1.234236,standard,True,synthetic
V07545,675.582147,1.09169197,standard,True,synthetic
V07546,932.285522,0.66445046,standard,True,synthetic
V07547,816.030476,1.35220116,standard,True,synthetic
V07548,701.120096,0.53186207,preferred,True,synthetic
V07549,698.710085,1.33335417,standard,True,synthetic
V07550,751.390898,0.98320383,commercial,True,synthetic
V07551,347.683374,1.18777932,preferred,True,synthetic
V07552,250.0,0.98445575,commercial,True,synthetic
V07553,1133.494668,0.90551882,commercial,False,synthetic
V07554,1672.60246,1.15478045,standard,False,synthetic
V07555,767.145751,1.10692916,standard,True,synthetic
V07556,483.893994,0.93462417,standard,True,synthetic
V07557,450.95341,0.56803668,standard,True,synthetic
V07558,272.258021,0.86501286,commercial,True,synthetic
V07559,594.387096,1.07408544,preferred,True,synthetic
V07560,332.402748,1.28270674,standard,True,synthetic
V07561,412.304386,1.48265305,preferred,True,synthetic
V07562,408.104009,0.62735016,standard,True,synthetic
V07563,1086.784254,2.03416966,standard,True,synthetic
V07564,451.252417,0.87779564,standard,True,synthetic
V07565,317.861763,0.54041071,commercial,True,synthetic
V07566,660.014518,0.73150361,preferred,True,synthetic
V07567,420.677588,0.98157882,standard,True,synthetic
V07568,828.834702,0.79599188,commercial,True,synthetic
V07569,568.12558,1.08588743,standard,True,synthetic
V07570,650.05058,1.1266135,standard,True,synthetic
V07571,1019.791645,0.85319827,standard,True,synthetic
V07572,1243.779369,1.3880995,standard,True,synthetic
V07573,546.233743,1.06298909,preferred,True,synthetic
V07574,1139.331905,1.18877356,standard,False,synthetic
V07575,1115.320188,0.83982938,standard,False,synthetic
V07576,743.152811,1.4057028,standard,True,synthetic
V07577,772.081996,1.4181449,standard,True,synthetic
V07578,882.707388,0.8637533,commercial,True,synthetic
V07579,366.613639,0.70398794,standard,False,synthetic
V07580,1283.059227,0.86900465,standard,False,synthetic
V07581,257.63867,1.21133883,preferred,True,synthetic
V07582,1253.337497,1.3072456,standard,True,synthetic
V07583,1198.666937,0.99675132,preferred,True,synthetic
V07584,261.738361,1.55239305,standard,True,synthetic
V07585,1259.753179,0.86579736,standard,True,synthetic
V07586,406.516643,0.60872774,preferred,True,synthetic
V07587,664.78416,1.53592239,standard,False,synthetic
V07588,725.697696,0.8837009,commercial,False,synthetic
V07589,994.138036,0.64876742,standard,False,synthetic
V07590,881.172253,0.94989474,standard,True,synthetic
V07591,1161.641025,1.26787467,standard,False,synthetic
V07592,250.0,1.01178091,standard,True,synthetic
V07593,490.912914,1.6993955,preferred,True,synthetic
V07594,356.729066,0.72150368,standard,True,synthetic
V07595,846.757444,0.94757265,preferred,True,synthetic
V07596,1330.073396,0.70142918,preferred,True,synthetic
V07597,737.363879,0.64038375,standard,True,synthetic
V07598,1299.187128,0.80510502,standard,False,synthetic
V07599,487.086615,0.61402361,preferred,False,synthetic
V07600,773.756514,0.7746728,standard,True,synthetic
V07601,396.710971,0.91281675,standard,True,synthetic
V07602,396.672273,1.21201354,commercial,False,synthetic
V07603,1738.513051,0.9664241,commercial,True,synthetic
V07604,426.632159,1.05486071,standard,True,synthetic
V07605,1145.02058,2.86639671,standard,True,synthetic
V07606,729.848488,0.82012103,standard,False,synthetic
V07607,250.0,0.98002174,standard,True,synthetic
V07608,822.285242,0.73358422,standard,True,synthetic
V07609,696.59919,1.31913952,standard,True,synthetic
V07610,669.910244,0.61058105,commercial,True,synthetic
V07611,1235.718897,1.49163265,preferred,True,synthetic
V07612,419.51643,1.04223743,commercial,False,synthetic
V07613,1438.254119,0.5222963,commercial,False,synthetic
V07614,711.69968,0.57909785,preferred,False,synthetic
V07615,781.331883,1.11290803,standard,True,synthetic
V07616,1647.485828,0.97687572,standard,False,synthetic
V07617,404.770539,1.4215496,commercial,True,synthetic
V07618,466.296288,0.89911799,commercial,True,synthetic
V07619,642.321011,0.98762989,standard,False,synthetic
V07620,356.207498,1.81653871,standard,True,synthetic
V07621,1397.963784,0.71286384,standard,True,synthetic
V07622,284.127726,0.61420361,standard,True,synthetic
V07623,924.549283,1.0287813,standard,True,synthetic
V07624,1521.071594,1.09305247,preferred,False,synthetic
V07625,767.225061,0.71398367,standard,False,synthetic
V07626,604.639222,0.92839062,standard,True,synthetic
V07627,751.349816,0.68491754,standard,True,synthetic
V07628,1362.422705,1.53993559,standard,True,synthetic
V07629,895.124868,1.40267102,standard,True,synthetic
V07630,1516.489998,1.036046,standard,True,synthetic
V07631,728.672852,0.98029966,preferred,True,synthetic
V07632,864.124826,1.13616185,preferred,False,synthetic
V07633,1131.031603,1.14736537,commercial,False,synthetic
V07634,408.206687,0.82269346,standard,True,synthetic
V07635,573.471007,1.43532582,preferred,False,synthetic
V07636,1785.978058,1.38170181,commercial,True,synthetic
V07637,364.681704,0.9173803,commercial,False,synthetic
V07638,682.566286,1.11143898,standard,False,synthetic
V07639,859.515651,0.7232815,commercial,True,synthetic
V07640,554.294756,0.66998475,standard,True,synthetic
V07641,1254.858042,1.0209401,standard,True,synthetic
V07642,676.3909,0.97017482,standard,False,synthetic
V07643,546.025496,0.66773763,preferred,True,synthetic
V07644,1121.420682,0.81622647,preferred,True,synthetic
V07645,648.564518,1.22490753,standard,True,synthetic
V07646,385.085542,1.40107958,standard,False,synthetic
V07647,983.17199,0.76371388,standard,True,synthetic
V07648,423.228199,1.59469558,standard,False,synthetic
V07649,510.406465,1.00646213,commercial,False,synthetic
V07650,250.0,0.7101946,standard,False,synthetic
V07651,391.935364,1.06566174,standard,True,synthetic
V07652,588.871725,0.69084541,standard,False,synthetic
V07653,1246.771088,1.06175288,preferred,True,synthetic
V07654,1056.071926,0.85676797,standard,False,synthetic
V07655,1307.573487,1.61764971,preferred,False,synthetic
V07656,1155.195061,0.74441307,commercial,True,synthetic
V07657,931.535494,1.17357127,commercial,True,synthetic
V07658,1062.03238,1.02002959,standard,True,synthetic
V07659,758.927308,0.92953527,standard,False,synthetic
V07660,600.820363,0.63996014,standard,True,synthetic
V07661,294.045603,0.91826765,standard,False,synthetic
V07662,780.646413,0.90406735,preferred,False,synthetic
V07663,985.727899,2.08120401,standard,False,synthetic
V07664,708.381486,1.84289293,standard,True,synthetic
V07665,343.371871,0.5102651,standard,True,synthetic
V07666,1019.651115,1.15244887,preferred,True,synthetic
V07667,1226.009813,0.98152143,standard,True,synthetic
V07668,647.537,0.88762648,standard,True,synthetic
V07669,1331.406447,0.94909351,preferred,True,synthetic
V07670,399.836291,0.79160371,preferred,True,synthetic
V07671,520.322921,0.63627782,standard,False,synthetic
V07672,591.316916,1.2756345,standard,True,synthetic
V07673,252.837655,0.7801032,preferred,True,synthetic
V07674,433.824059,1.12201706,standard,True,synthetic
V07675,468.973599,1.75535159,standard,True,synthetic
V07676,2232.946726,1.16201073,commercial,True,synthetic
V07677,857.451755,1.01183793,standard,True,synthetic
V07678,316.724365,0.85578824,commercial,False,synthetic
V07679,445.884443,0.79237944,preferred,False,synthetic
V07680,396.192534,1.07302685,preferred,True,synthetic
V07681,529.922095,0.85250762,standard,True,synthetic
V07682,291.53959,1.12104651,standard,False,synthetic
V07683,1274.167874,1.02903119,standard,True,synthetic
V07684,860.257562,0.70415033,standard,True,synthetic
V07685,916.372915,1.6495851,standard,True,synthetic
V07686,1103.031371,1.34645476,standard,True,synthetic
V07687,628.151305,1.50343463,commercial,True,synthetic
V07688,1433.772772,0.66243037,preferred,True,synthetic
V07689,797.061492,0.86141025,standard,True,synthetic
V07690,771.024323,1.34239635,commercial,True,synthetic
V07691,389.747022,0.99365829,standard,True,synthetic
V07692,1803.460514,0.64105236,standard,True,synthetic
V07693,250.0,1.75526667,standard,True,synthetic
V07694,1670.052873,1.46884223,standard,False,synthetic
V07695,2963.72413,1.0991761,standard,True,synthetic
V07696,526.545698,0.47023461,preferred,True,synthetic
V07697,803.704776,1.10891344,standard,False,synthetic
V07698,1201.880381,0.94515874,standard,True,synthetic
V07699,411.281249,1.75258607,commercial,True,synthetic
V07700,283.594156,0.84350884,preferred,True,synthetic
V07701,645.65624,1.04023119,standard,True,synthetic
V07702,969.201923,1.48370823,standard,True,synthetic
V07703,256.197368,1.29511969,standard,False,synthetic
V07704,655.770491,0.95278067,standard,True,synthetic
V07705,647.243238,0.9151976,standard,True,synthetic
V07706,514.733423,1.06106502,standard,True,synthetic
V07707,678.295847,1.17260693,standard,False,synthetic
V07708,831.884471,0.9246697,standard,True,synthetic
V07709,635.218054,0.81638914,standard,True,synthetic
V07710,1027.10647,0.66855683,preferred,False,synthetic
V07711,889.454727,1.24366731,standard,True,synthetic
V07712,426.460102,1.24916764,preferred,True,synthetic
V07713,670.902504,1.07991068,commercial,True,synthetic
V07714,266.945438,0.64506377,standard,True,synthetic
V07715,657.792785,0.84783813,preferred,True,synthetic
V07716,979.30032,0.71101999,standard,True,synthetic
V07717,340.785995,1.16579224,standard,True,synthetic
V07718,564.284349,0.81118705,preferred,False,synthetic
V07719,1967.516726,1.05959726,preferred,True,synthetic
V07720,513.726712,0.86228357,preferred,True,synthetic
V07721,250.0,1.34744866,standard,False,synthetic
V07722,853.75031,0.8016423,standard,True,synthetic
V07723,2775.630887,0.40888021,standard,True,synthetic
V07724,576.219149,1.15011957,preferred,False,synthetic
V07725,1009.229894,0.63257145,standard,False,synthetic
V07726,622.187881,1.50432094,standard,False,synthetic
V07727,623.005435,0.60605257,preferred,True,synthetic
V07728,277.117632,1.23848111,standard,True,synthetic
V07729,702.879153,0.92273182,preferred,True,synthetic
V07730,624.66014,1.29117109,standard,True,synthetic
V07731,532.772622,0.84181259,commercial,False,synthetic
V07732,1717.629081,0.85934604,preferred,True,synthetic
V07733,1067.013627,1.01772311,preferred,True,synthetic
V07734,769.56673,0.63901288,standard,False,synthetic
V07735,1068.699391,0.76843593,standard,True,synthetic
V07736,840.002125,1.15890161,standard,True,synthetic
V07737,551.750948,1.19680376,standard,False,synthetic
V07738,2086.924637,1.25404629,standard,False,synthetic
V07739,2122.190192,1.02832735,standard,False,synthetic
V07740,939.143747,1.77614204,standard,True,synthetic
V07741,596.699252,1.07020472,standard,True,synthetic
V07742,692.931341,0.95230017,standard,True,synthetic
V07743,825.503886,0.65556137,preferred,True,synthetic
V07744,1023.36373,1.17600248,standard,True,synthetic
V07745,1188.720759,1.08558716,standard,True,synthetic
V07746,1269.057976,2.55101539,standard,False,synthetic
V07747,492.445675,0.72685556,commercial,False,synthetic
V07748,483.459921,1.11996235,standard,False,synthetic
V07749,977.2724,1.0225878,standard,False,synthetic
V07750,698.616525,1.59734437,commercial,True,synthetic
V07751,446.829846,1.43593666,preferred,True,synthetic
V07752,910.174914,0.93284009,standard,True,synthetic
V07753,284.520752,1.40366297,standard,False,synthetic
V07754,274.197872,0.85760272,preferred,True,synthetic
V07755,652.857861,0.80155914,standard,True,synthetic
V07756,626.358553,0.46357978,standard,True,synthetic
V07757,850.420898,0.64729489,standard,True,synthetic
V07758,986.246608,1.67506127,standard,True,synthetic
V07759,1494.412019,1.21885738,preferred,True,synthetic
V07760,832.550973,0.95001336,standard,True,synthetic
V07761,1100.577213,1.15157978,standard,True,synthetic
V07762,1298.526098,1.20207033,standard,False,synthetic
V07763,674.675412,0.62296846,commercial,False,synthetic
V07764,996.100256,1.08211176,preferred,True,synthetic
V07765,566.906502,0.99594991,commercial,False,synthetic
V07766,250.0,1.18846656,preferred,True,synthetic
V07767,1358.53117,0.5822006,standard,True,synthetic
V07768,250.0,0.57811426,standard,False,synthetic
V07769,513.715695,2.00103903,preferred,False,synthetic
V07770,1581.25355,1.08790091,preferred,True,synthetic
V07771,829.419175,1.06447982,standard,False,synthetic
V07772,531.874415,0.72575039,standard,True,synthetic
V07773,494.553875,1.0593618,standard,True,synthetic
V07774,634.521776,1.92536897,standard,True,synthetic
V07775,1020.204222,1.37781744,standard,True,synthetic
V07776,779.216423,1.01046882,standard,True,synthetic
V07777,1280.975472,0.43218447,standard,True,synthetic
V07778,998.205333,1.04209844,standard,True,synthetic
V07779,723.290188,1.10038137,standard,False,synthetic
V07780,410.0316,0.52687136,standard,True,synthetic
V07781,670.932024,1.33620546,standard,True,synthetic
V07782,459.788475,0.67390946,commercial,True,synthetic
V07783,1593.855899,0.51594973,standard,True,synthetic
V07784,553.205956,0.99194344,standard,False,synthetic
V07785,396.288435,0.87534797,standard,True,synthetic
V07786,333.553447,0.83215413,standard,True,synthetic
V07787,268.368315,1.04259284,standard,True,synthetic
V07788,1210.487347,0.83810971,preferred,True,synthetic
V07789,752.102967,1.78582698,standard,False,synthetic
V07790,470.91549,1.11508409,standard,True,synthetic
V07791,2230.659516,0.71947528,standard,True,synthetic
V07792,392.028535,0.94590847,preferred,True,synthetic
V07793,373.408957,0.67200656,standard,True,synthetic
V07794,429.447599,1.77621861,standard,True,synthetic
V07795,581.756775,0.87419669,preferred,False,synthetic
V07796,682.805546,0.56635343,commercial,False,synthetic
V07797,973.75567,0.8571443,commercial,True,synthetic
V07798,663.176731,1.20837557,standard,True,synthetic
V07799,970.9259,0.69916737,standard,True,synthetic
V07800,2527.852439,1.11675761,standard,True,synthetic
V07801,610.066769,0.92835245,standard,False,synthetic
V07802,549.18212,0.72691002,preferred,False,synthetic
V07803,435.92982,1.13348957,commercial,False,synthetic
V07804,1471.663725,1.26323091,commercial,True,synthetic
V07805,1000.45811,1.24849425,preferred,True,synthetic
V07806,1427.115428,1.9696711,preferred,True,synthetic
V07807,665.87167,1.22600306,standard,True,synthetic
V07808,801.837633,0.69676656,standard,False,synthetic
V07809,1306.582453,0.68786292,preferred,True,synthetic
V07810,540.80218,0.79045033,standard,True,synthetic
V07811,1112.695407,0.80869325,standard,True,synthetic
V07812,632.923768,1.51082427,commercial,True,synthetic
V07813,773.270763,0.82487037,standard,True,synthetic
V07814,1280.127962,0.78567259,commercial,True,synthetic
V07815,908.142704,0.85370808,standard,False,synthetic
V07816,739.63523,1.17730569,standard,True,synthetic
V07817,1125.944418,1.23790019,standard,False,synthetic
V07818,1023.285578,0.78938489,standard,True,synthetic
V07819,608.436145,1.23889859,commercial,False,synthetic
V07820,485.899543,0.77978829,standard,True,synthetic
V07821,858.775303,2.17416202,standard,True,synthetic
V07822,257.713598,0.82387286,standard,True,synthetic
V07823,1283.954119,1.39545742,commercial,True,synthetic
V07824,620.393664,1.23375485,standard,True,synthetic
V07825,787.200989,1.82046536,standard,False,synthetic
V07826,521.61247,0.82417849,preferred,False,synthetic
V07827,1232.905439,0.66671753,standard,True,synthetic
V07828,449.152197,1.28214141,commercial,True,synthetic
V07829,461.884451,0.74687108,preferred,True,synthetic
V07830,338.157077,1.77954306,standard,False,synthetic
V07831,658.080468,0.59478802,standard,False,synthetic
V07832,785.657542,0.97782945,standard,True,synthetic
V07833,610.052532,0.97486336,preferred,True,synthetic
V07834,801.947439,1.01458326,standard,True,synthetic
V07835,429.765278,0.77207272,preferred,True,synthetic
V07836,858.813048,1.14648623,preferred,True,synthetic
V07837,1066.234911,1.93788292,standard,True,synthetic
V07838,1072.60111,0.82237048,commercial,False,synthetic
V07839,685.575268,0.93834425,standard,True,synthetic
V07840,250.0,0.80519125,standard,True,synthetic
V07841,723.533776,0.84523312,standard,True,synthetic
V07842,260.568812,0.88779258,standard,True,synthetic
V07843,591.737535,1.50993127,standard,False,synthetic
V07844,565.8099,1.2445134,standard,True,synthetic
V07845,1279.475355,1.44567406,standard,True,synthetic
V07846,308.868003,1.21173829,preferred,True,synthetic
V07847,256.660403,0.86803372,preferred,True,synthetic
V07848,1549.862614,1.02949849,preferred,False,synthetic
V07849,415.535655,0.88186739,standard,False,synthetic
V07850,853.246048,1.38005661,standard,False,synthetic
V07851,437.533857,1.58082132,preferred,True,synthetic
V07852,527.187632,0.93489633,preferred,False,synthetic
V07853,618.459803,0.86275775,preferred,True,synthetic
V07854,2615.58992,1.15943732,standard,True,synthetic
V07855,1364.627509,0.7396265,standard,True,synthetic
V07856,380.905396,0.75576798,standard,True,synthetic
V07857,515.2687,0.97200163,preferred,True,synthetic
V07858,1690.294464,0.65058444,standard,True,synthetic
V07859,293.426382,1.64001278,commercial,False,synthetic
V07860,460.870444,1.13547437,standard,True,synthetic
V07861,953.920335,1.01390443,standard,True,synthetic
V07862,634.336606,0.84363333,commercial,False,synthetic
V07863,848.824721,1.23296903,preferred,True,synthetic
V07864,1216.688605,0.93255998,preferred,True,synthetic
V07865,561.408632,1.08395305,standard,True,synthetic
V07866,886.845603,0.96593047,standard,True,synthetic
V07867,1448.528311,0.66336178,standard,False,synthetic
V07868,1136.784859,1.17090779,standard,True,synthetic
V07869,345.285942,0.85498461,standard,True,synthetic
V07870,1776.448126,1.11242706,standard,True,synthetic
V07871,464.979834,1.59182068,standard,True,synthetic
V07872,398.783522,0.893295,preferred,True,synthetic
V07873,1587.266968,1.42545555,commercial,False,synthetic
V07874,493.17982,0.91215617,standard,True,synthetic
V07875,684.152858,0.97849662,standard,False,synthetic
V07876,777.353422,0.72735446,standard,True,synthetic
V07877,1690.74417,0.94514602,standard,False,synthetic
V07878,619.264886,1.22339112,standard,True,synthetic
V07879,1341.323819,0.79551177,standard,True,synthetic
V07880,486.674155,1.7160566,standard,False,synthetic
V07881,250.0,0.69116539,preferred,False,synthetic
V07882,396.270811,0.98645974,standard,True,synthetic
V07883,441.426756,1.15103037,standard,False,synthetic
V07884,913.881443,0.75221847,standard,True,synthetic
V07885,405.110482,0.90234412,preferred,True,synthetic
V07886,569.959148,0.79443071,standard,True,synthetic
V07887,521.070798,1.04494829,standard,True,synthetic
V07888,355.679411,1.05056346,standard,True,synthetic
V07889,946.196061,1.11548714,commercial,True,synthetic
V07890,533.344181,0.88932494,commercial,True,synthetic
V07891,687.228795,0.63970876,standard,True,synthetic
V07892,718.359622,0.91225191,commercial,False,synthetic
V07893,510.79216,1.19804002,standard,True,synthetic
V07894,721.846277,0.73263718,preferred,True,synthetic
V07895,865.704464,1.13527257,standard,False,synthetic
V07896,354.200792,1.07884502,standard,True,synthetic
V07897,724.060493,1.94201297,standard,True,synthetic
V07898,903.176706,0.64164606,commercial,False,synthetic
V07899,806.647823,0.96259127,standard,False,synthetic
V07900,697.780115,0.72920195,commercial,True,synthetic
V07901,1381.214449,0.87408835,commercial,False,synthetic
V07902,651.277433,1.13135678,standard,True,synthetic
V07903,1167.762241,0.45763834,standard,True,synthetic
V07904,250.0,0.88148311,preferred,True,synthetic
V07905,1068.365134,0.68873327,standard,False,synthetic
V07906,549.61423,0.73866803,standard,True,synthetic
V07907,987.358543,1.42129237,preferred,True,synthetic
V07908,707.262484,1.07012862,standard,True,synthetic
V07909,1625.377159,1.14775877,standard,True,synthetic
V07910,860.432458,0.78452533,standard,True,synthetic
V07911,1670.401608,1.24457644,preferred,False,synthetic
V07912,573.617997,1.4506245,standard,True,synthetic
V07913,447.127396,1.01104412,standard,True,synthetic
V07914,632.145726,0.65346546,preferred,True,synthetic
V07915,1737.563417,1.06866857,standard,True,synthetic
V07916,1067.346642,0.8271779,preferred,False,synthetic
V07917,1043.815487,0.86776921,standard,True,synthetic
V07918,1059.126084,1.29869906,standard,True,synthetic
V07919,987.78114,1.53184645,preferred,False,synthetic
V07920,926.514607,1.19375561,standard,True,synthetic
V07921,1445.782366,1.85492548,preferred,False,synthetic
V07922,721.663919,1.2450124,preferred,True,synthetic
V07923,1111.581998,1.13652668,commercial,False,synthetic
V07924,312.680409,1.79851894,standard,False,synthetic
V07925,814.237304,1.02830758,standard,False,synthetic
V07926,2362.421597,0.77236358,standard,True,synthetic
V07927,381.189399,1.52736093,preferred,False,synthetic
V07928,656.762234,0.89641279,standard,True,synthetic
V07929,278.41464,1.48508233,standard,True,synthetic
V07930,1127.245252,1.15183555,standard,True,synthetic
V07931,1410.186825,1.30019689,standard,True,synthetic
V07932,993.72101,1.66098799,standard,True,synthetic
V07933,759.177487,1.1733669,standard,True,synthetic
V07934,1240.631718,1.1974957,standard,True,synthetic
V07935,307.275258,1.36146578,preferred,False,synthetic
V07936,1834.013546,0.97952793,standard,False,synthetic
V07937,967.407125,0.97756829,standard,False,synthetic
V07938,604.674649,0.60397824,standard,True,synthetic
V07939,2515.895535,1.78223925,commercial,True,synthetic
V07940,1373.777032,0.87691183,standard,False,synthetic
V07941,604.484964,0.58177379,preferred,False,synthetic
V07942,1540.086041,1.34789968,standard,False,synthetic
V07943,687.641421,0.8793615,standard,True,synthetic
V07944,1728.367304,1.30494098,standard,True,synthetic
V07945,386.315592,1.20130133,standard,False,synthetic
V07946,928.909019,1.3193895,preferred,False,synthetic
V07947,1437.711926,1.26268755,commercial,True,synthetic
V07948,930.76745,0.84902014,standard,True,synthetic
V07949,808.158002,1.11241545,standard,True,synthetic
V07950,964.925705,0.79593612,standard,True,synthetic
V07951,1554.989918,1.35450497,standard,True,synthetic
V07952,681.793509,1.11233013,standard,False,synthetic
V07953,528.201514,1.09147231,commercial,True,synthetic
V07954,932.779202,0.81556824,preferred,True,synthetic
V07955,361.125194,1.04061646,commercial,True,synthetic
V07956,612.374972,1.32394135,standard,True,synthetic
V07957,435.568563,1.17256352,standard,True,synthetic
V07958,441.726753,1.51860279,standard,True,synthetic
V07959,619.632509,1.22375084,standard,True,synthetic
V07960,1058.282064,0.93092734,standard,True,synthetic
V07961,514.920106,1.14602547,standard,True,synthetic
V07962,606.557665,2.1807518,standard,True,synthetic
V07963,1242.797298,1.24716509,standard,True,synthetic
V07964,1913.229458,0.89435709,commercial,True,synthetic
V07965,250.0,1.00384142,preferred,True,synthetic
V07966,416.791852,0.65197155,preferred,True,synthetic
V07967,665.659346,0.54803192,standard,False,synthetic
V07968,480.233293,1.31192947,standard,False,synthetic
V07969,1243.250881,0.81496376,standard,False,synthetic
V07970,1290.116224,2.17516031,standard,False,synthetic
V07971,903.044992,0.85837508,standard,False,synthetic
V07972,704.910361,0.57470731,standard,False,synthetic
V07973,663.772931,0.79251134,commercial,True,synthetic
V07974,383.522395,0.93142726,preferred,False,synthetic
V07975,923.246787,0.73846202,standard,False,synthetic
V07976,1010.179061,0.72292259,standard,False,synthetic
V07977,621.450989,1.08395754,standard,True,synthetic
V07978,990.333784,1.0652423,preferred,False,synthetic
V07979,585.00039,0.68218224,standard,True,synthetic
V07980,1808.919402,1.11554629,standard,True,synthetic
V07981,1235.042473,0.89236979,commercial,True,synthetic
V07982,626.649334,0.58529707,standard,True,synthetic
V07983,516.476177,0.86451078,standard,True,synthetic
V07984,1172.479207,0.66993201,standard,False,synthetic
V07985,365.102298,0.84812787,standard,False,synthetic
V07986,352.325129,1.33515135,preferred,False,synthetic
V07987,903.484752,0.92239732,standard,False,synthetic
V07988,673.897096,1.02684393,preferred,True,synthetic
V07989,1984.48548,1.68784843,standard,True,synthetic
V07990,1783.783731,2.16012933,standard,True,synthetic
V07991,326.154938,1.02406826,preferred,True,synthetic
V07992,462.062533,1.12770226,standard,False,synthetic
V07993,932.570846,1.19858275,preferred,True,synthetic
V07994,659.665672,0.94779751,commercial,True,synthetic
V07995,1085.53281,1.12946042,commercial,True,synthetic
V07996,1920.786371,0.86664318,standard,True,synthetic
V07997,633.459928,0.46736635,standard,False,synthetic
V07998,491.09449,0.45381532,standard,False,synthetic
V07999,1285.209819,0.52662558,preferred,True,synthetic
V08000,1117.09613,0.91167544,preferred,False,synthetic
V08001,1067.9673,0.81752071,preferred,True,synthetic
V08002,1630.325917,1.05215106,preferred,True,synthetic
V08003,281.062379,0.61060387,commercial,False,synthetic
V08004,456.76205,1.03238284,standard,False,synthetic
V08005,353.034544,1.56549856,preferred,True,synthetic
V08006,448.088228,0.84286305,preferred,False,synthetic
V08007,1591.216593,1.50228935,preferred,True,synthetic
V08008,1298.830566,0.73639693,commercial,False,synthetic
V08009,773.839906,0.95033568,standard,False,synthetic
V08010,990.345197,1.15453794,standard,True,synthetic
V08011,250.0,1.18955275,standard,True,synthetic
V08012,819.894144,1.13132586,standard,False,synthetic
V08013,738.011336,0.67085195,standard,True,synthetic
V08014,797.669932,0.92803772,preferred,False,synthetic
V08015,407.194507,1.0237891,standard,True,synthetic
V08016,1367.163129,0.80974681,standard,False,synthetic
V08017,569.086029,1.29308003,standard,False,synthetic
V08018,912.225534,1.18914718,standard,True,synthetic
V08019,696.113705,0.51095933,commercial,False,synthetic
V08020,455.846457,0.84133895,standard,True,synthetic
V08021,615.51567,0.84975646,standard,True,synthetic
V08022,1352.54249,1.21046802,standard,True,synthetic
V08023,954.293034,1.18224007,preferred,True,synthetic
V08024,600.310917,0.85053419,standard,True,synthetic
V08025,507.795589,0.81318232,preferred,False,synthetic
V08026,367.967196,0.53578333,standard,True,synthetic
V08027,1455.980219,1.22495026,preferred,True,synthetic
V08028,899.879228,1.29567699,standard,False,synthetic
V08029,634.920036,1.99010942,standard,True,synthetic
V08030,689.278502,0.49244178,standard,False,synthetic
V08031,532.396415,1.10872846,standard,True,synthetic
V08032,1725.574545,0.69502283,commercial,False,synthetic
V08033,563.931648,1.70322529,standard,True,synthetic
V08034,535.772083,1.06488824,standard,True,synthetic
V08035,481.359247,1.24083628,preferred,False,synthetic
V08036,523.151298,1.23992333,standard,False,synthetic
V08037,830.190116,1.54958282,preferred,True,synthetic
V08038,1405.591106,1.10746305,preferred,True,synthetic
V08039,496.935416,0.72606026,standard,False,synthetic
V08040,1472.71475,1.34751096,preferred,True,synthetic
V08041,624.129934,1.56082768,preferred,False,synthetic
V08042,467.615363,0.85195634,standard,True,synthetic
V08043,877.329314,1.33520004,preferred,True,synthetic
V08044,427.968753,1.71046678,preferred,True,synthetic
V08045,1879.689966,1.83454479,standard,False,synthetic
V08046,271.328129,1.01921167,preferred,True,synthetic
V08047,551.562754,1.38030305,commercial,True,synthetic
V08048,510.27457,0.77075722,standard,True,synthetic
V08049,788.719695,2.71921613,preferred,False,synthetic
V08050,378.026753,0.61708523,commercial,False,synthetic
V08051,1275.616067,0.95010059,commercial,False,synthetic
V08052,686.577117,0.84329972,standard,False,synthetic
V08053,459.06825,0.93175787,preferred,True,synthetic
V08054,378.889184,0.95852217,preferred,False,synthetic
V08055,385.210567,1.13487864,standard,True,synthetic
V08056,250.0,1.07174953,standard,True,synthetic
V08057,1250.282421,0.85776031,preferred,True,synthetic
V08058,306.659607,1.08312377,commercial,True,synthetic
V08059,474.893785,0.75194484,standard,True,synthetic
V08060,1510.426823,0.63873798,preferred,True,synthetic
V08061,448.740939,0.99375769,standard,True,synthetic
V08062,292.648023,1.62250611,standard,True,synthetic
V08063,250.0,0.87480524,preferred,True,synthetic
V08064,675.46917,1.11842357,preferred,True,synthetic
V08065,811.180144,0.60350394,standard,False,synthetic
V08066,2649.430204,1.1035802,standard,False,synthetic
V08067,693.551268,1.78601491,preferred,True,synthetic
V08068,713.498119,1.6659662,standard,True,synthetic
V08069,1124.494026,0.70014784,standard,True,synthetic
V08070,584.403464,1.23281823,standard,True,synthetic
V08071,554.39299,0.94785155,standard,True,synthetic
V08072,1082.545352,1.18350989,commercial,True,synthetic
V08073,936.831453,0.91374178,standard,False,synthetic
V08074,1680.573869,1.52044867,standard,True,synthetic
V08075,250.0,1.36596601,preferred,False,synthetic
V08076,542.160841,1.26649224,standard,True,synthetic
V08077,572.07778,1.238334,standard,True,synthetic
V08078,1399.569408,0.72502456,standard,True,synthetic
V08079,980.998113,0.72570091,standard,False,synthetic
V08080,1170.393151,0.84079654,preferred,False,synthetic
V08081,570.52187,1.45428105,standard,False,synthetic
V08082,490.149768,1.06162535,preferred,True,synthetic
V08083,423.939235,1.43573538,preferred,False,synthetic
V08084,538.65086,0.94957232,standard,False,synthetic
V08085,337.61167,0.77380337,standard,True,synthetic
V08086,503.039208,1.58807274,standard,True,synthetic
V08087,646.849639,0.78274352,commercial,True,synthetic
V08088,459.736889,0.84908889,preferred,False,synthetic
V08089,1186.51703,1.11600502,standard,True,synthetic
V08090,397.256385,1.25654634,standard,False,synthetic
V08091,250.0,0.72201357,standard,True,synthetic
V08092,746.790452,1.07016195,preferred,True,synthetic
V08093,472.39452,1.08135915,standard,True,synthetic
V08094,332.839964,0.85623016,preferred,True,synthetic
V08095,867.489997,0.66966114,standard,False,synthetic
V08096,767.376525,1.23660958,commercial,True,synthetic
V08097,1460.478553,0.68348894,standard,False,synthetic
V08098,912.444856,1.05601901,commercial,True,synthetic
V08099,1099.253286,1.25032995,preferred,False,synthetic
V08100,362.666295,0.65761595,standard,True,synthetic
V08101,440.818931,0.49647154,standard,True,synthetic
V08102,946.012839,1.76888681,standard,True,synthetic
V08103,764.199844,1.00554315,standard,True,synthetic
V08104,944.38874,0.97313915,commercial,True,synthetic
V08105,1589.5939,1.20989303,standard,False,synthetic
V08106,973.395025,0.57465875,standard,False,synthetic
V08107,818.751061,2.1312244,standard,False,synthetic
V08108,349.851412,0.46851468,standard,False,synthetic
V08109,450.551024,0.64010679,preferred,True,synthetic
V08110,593.382633,1.07628012,preferred,False,synthetic
V08111,589.114566,0.99313744,standard,False,synthetic
V08112,758.892005,0.73841631,preferred,True,synthetic
V08113,1053.888716,1.06985032,commercial,True,synthetic
V08114,2132.522873,2.53055825,standard,True,synthetic
V08115,800.327877,1.4920494,standard,True,synthetic
V08116,374.744188,1.2128642,preferred,True,synthetic
V08117,688.294115,0.93037771,preferred,True,synthetic
V08118,283.925456,1.24525748,preferred,True,synthetic
V08119,396.162755,1.0870864,preferred,True,synthetic
V08120,417.156138,0.59224313,standard,True,synthetic
V08121,1101.522815,1.41219489,preferred,True,synthetic
V08122,426.304384,0.95080018,standard,False,synthetic
V08123,676.133682,0.90672084,standard,True,synthetic
V08124,435.585546,0.77524494,standard,True,synthetic
V08125,483.009018,1.76767936,standard,True,synthetic
V08126,677.864078,1.12699049,standard,False,synthetic
V08127,650.299447,0.52482308,standard,True,synthetic
V08128,739.079045,1.07275792,standard,False,synthetic
V08129,639.211021,1.32901883,standard,True,synthetic
V08130,810.432866,0.58053692,standard,False,synthetic
V08131,428.947482,1.01613361,preferred,False,synthetic
V08132,655.342295,1.09675899,standard,True,synthetic
V08133,612.014608,2.67736843,standard,True,synthetic
V08134,665.070935,0.84264895,standard,False,synthetic
V08135,471.096076,1.05278778,preferred,False,synthetic
V08136,1008.05918,1.2478235,preferred,True,synthetic
V08137,576.460745,0.44873916,standard,True,synthetic
V08138,1405.000214,0.54582628,standard,True,synthetic
V08139,581.240985,0.74371031,preferred,True,synthetic
V08140,400.229042,1.07693506,standard,True,synthetic
V08141,818.341864,1.38609773,preferred,True,synthetic
V08142,547.334623,2.27414195,standard,False,synthetic
V08143,789.016752,0.8427453,preferred,True,synthetic
V08144,1450.622787,1.16585359,standard,True,synthetic
V08145,1001.0127,1.43623518,standard,True,synthetic
V08146,841.622271,0.88684486,standard,True,synthetic
V08147,539.517082,2.01103677,preferred,True,synthetic
V08148,1253.362684,1.07949331,preferred,True,synthetic
V08149,912.141009,0.78262927,commercial,True,synthetic
V08150,1536.56241,1.20148205,preferred,True,synthetic
V08151,707.769834,0.87885239,standard,False,synthetic
V08152,758.461837,0.91388835,commercial,True,synthetic
V08153,562.307074,0.7341163,standard,True,synthetic
V08154,1777.16158,1.04640502,standard,True,synthetic
V08155,614.55226,0.67728799,standard,True,synthetic
V08156,621.748111,0.5298808,standard,True,synthetic
V08157,413.009056,0.74381737,standard,True,synthetic
V08158,578.758524,1.11613798,standard,True,synthetic
V08159,611.26676,1.22382269,standard,True,synthetic
V08160,515.155467,0.65282822,standard,False,synthetic
V08161,766.272706,1.57359183,standard,False,synthetic
V08162,496.631712,2.26166266,standard,True,synthetic
V08163,946.427293,0.77168371,preferred,False,synthetic
V08164,276.777399,0.72729216,preferred,True,synthetic
V08165,1067.629868,0.97754672,standard,True,synthetic
V08166,749.059035,0.93054705,commercial,True,synthetic
V08167,1549.779241,1.18488294,standard,False,synthetic
V08168,468.145356,0.92660644,standard,False,synthetic
V08169,1501.993975,1.79661237,preferred,True,synthetic
V08170,734.287825,1.39569475,preferred,True,synthetic
V08171,548.104204,0.95212814,commercial,True,synthetic
V08172,1421.393294,0.70880406,standard,False,synthetic
V08173,982.823863,1.59036032,preferred,False,synthetic
V08174,536.290945,0.99818783,standard,False,synthetic
V08175,1103.224548,0.8819721,standard,True,synthetic
V08176,764.191773,0.82433933,standard,False,synthetic
V08177,697.929656,1.01776505,standard,True,synthetic
V08178,374.688645,0.65298914,standard,True,synthetic
V08179,762.282142,0.88400501,preferred,True,synthetic
V08180,759.309716,0.53881817,preferred,True,synthetic
V08181,1222.225226,0.95209654,preferred,False,synthetic
V08182,1042.35552,1.07350487,standard,True,synthetic
V08183,690.369196,0.76186009,preferred,False,synthetic
V08184,1300.264739,1.13391282,standard,True,synthetic
V08185,346.102813,1.13436153,standard,True,synthetic
V08186,1084.738648,1.52321003,preferred,True,synthetic
V08187,795.056581,1.61105069,standard,True,synthetic
V08188,949.038622,1.4798495,preferred,True,synthetic
V08189,562.143014,0.53735825,standard,False,synthetic
V08190,1174.749819,0.93299049,standard,False,synthetic
V08191,559.184195,1.40770315,standard,True,synthetic
V08192,250.0,1.20261031,standard,True,synthetic
V08193,495.515135,0.69374945,preferred,False,synthetic
V08194,1376.741495,0.8007329,standard,True,synthetic
V08195,1211.544708,1.14369629,preferred,True,synthetic
V08196,498.859729,1.26477419,standard,True,synthetic
V08197,332.835238,0.90696408,standard,True,synthetic
V08198,492.497734,1.36539221,standard,True,synthetic
V08199,439.135803,1.30388542,standard,True,synthetic
V08200,1224.098608,1.03191006,preferred,True,synthetic
V08201,876.858542,1.18378307,standard,False,synthetic
V08202,473.226359,0.91136674,preferred,False,synthetic
V08203,365.569077,0.63813596,preferred,True,synthetic
V08204,1396.271628,0.81802092,standard,True,synthetic
V08205,907.86994,0.66135197,standard,True,synthetic
V08206,1089.32057,0.69496841,preferred,False,synthetic
V08207,913.001401,1.30904962,standard,True,synthetic
V08208,569.73433,1.54430189,standard,True,synthetic
V08209,694.661232,1.040065,standard,True,synthetic
V08210,395.165782,0.89325229,standard,True,synthetic
V08211,522.692962,0.79515775,preferred,True,synthetic
V08212,541.532268,1.34607218,standard,False,synthetic
V08213,1246.176975,0.94116312,standard,True,synthetic
V08214,859.18634,1.16592184,preferred,False,synthetic
V08215,678.821752,1.3023762,standard,False,synthetic
V08216,653.304176,0.68370373,standard,True,synthetic
V08217,893.863937,0.81686321,standard,True,synthetic
V08218,1308.228026,0.89266585,standard,True,synthetic
V08219,703.065631,0.90154102,commercial,True,synthetic
V08220,804.723874,1.99046331,commercial,True,synthetic
V08221,1365.221387,0.84542444,standard,True,synthetic
V08222,692.845626,0.75302848,preferred,False,synthetic
V08223,507.82032,0.57337706,preferred,True,synthetic
V08224,671.399559,0.58426257,standard,False,synthetic
V08225,862.475665,1.46456044,standard,True,synthetic
V08226,1577.077971,0.58527227,preferred,False,synthetic
V08227,642.528913,1.11254567,standard,True,synthetic
V08228,894.878222,1.20975767,preferred,True,synthetic
V08229,566.562834,0.91463707,standard,True,synthetic
V08230,629.270463,2.08964034,standard,True,synthetic
V08231,1038.876968,1.92465645,standard,True,synthetic
V08232,1359.859992,1.21604302,preferred,True,synthetic
V08233,829.596662,0.92341599,standard,True,synthetic
V08234,694.777381,0.91217468,commercial,True,synthetic
V08235,582.77489,1.2800542,preferred,True,synthetic
V08236,490.717012,1.0206478,standard,False,synthetic
V08237,496.666494,1.05665779,standard,False,synthetic
V08238,250.0,0.58476622,standard,False,synthetic
V08239,631.043791,1.28756005,standard,True,synthetic
V08240,822.610997,1.22953355,standard,True,synthetic
V08241,905.883895,0.70450575,commercial,True,synthetic
V08242,936.308809,1.67695754,commercial,False,synthetic
V08243,706.856594,0.63137004,preferred,False,synthetic
V08244,379.12372,0.82246482,standard,False,synthetic
V08245,1340.554312,0.85078493,standard,True,synthetic
V08246,263.637544,1.51409832,standard,False,synthetic
V08247,1086.306077,0.91047215,standard,False,synthetic
V08248,1489.251646,0.58992682,commercial,True,synthetic
V08249,497.58899,0.71324082,standard,True,synthetic
V08250,781.294951,1.30867394,standard,False,synthetic
V08251,1095.995644,0.51480101,standard,True,synthetic
V08252,538.878666,0.7743232,preferred,False,synthetic
V08253,1306.96476,1.06203939,commercial,True,synthetic
V08254,464.366933,0.78906222,standard,True,synthetic
V08255,1084.299159,1.1117737,standard,True,synthetic
V08256,942.429568,0.63063001,preferred,False,synthetic
V08257,913.499733,0.51877253,standard,True,synthetic
V08258,1368.664687,1.09192012,standard,True,synthetic
V08259,1105.487754,0.89725398,standard,True,synthetic
V08260,593.871014,1.19955317,standard,True,synthetic
V08261,250.0,0.60482851,standard,True,synthetic
V08262,1129.590014,0.76911247,commercial,True,synthetic
V08263,1167.314425,0.96953697,standard,True,synthetic
V08264,603.550952,0.90512739,standard,True,synthetic
V08265,666.683329,1.13193479,standard,True,synthetic
V08266,1287.877696,1.36238256,standard,False,synthetic
V08267,1778.001946,1.56629066,standard,False,synthetic
V08268,696.246452,1.02899624,standard,True,synthetic
V08269,423.480453,0.80599128,standard,True,synthetic
V08270,485.482753,0.84921714,standard,True,synthetic
V08271,891.554425,0.73079331,standard,True,synthetic
V08272,1489.049184,0.61132484,standard,False,synthetic
V08273,931.578417,1.27852434,preferred,False,synthetic
V08274,1180.247116,1.77674415,preferred,True,synthetic
V08275,1114.999891,0.74431757,standard,True,synthetic
V08276,974.282567,0.82763016,standard,False,synthetic
V08277,804.618657,1.07563849,commercial,True,synthetic
V08278,749.583938,1.15734977,preferred,True,synthetic
V08279,400.845773,1.09443747,standard,True,synthetic
V08280,1245.764657,0.72622108,standard,False,synthetic
V08281,250.0,0.76749059,standard,False,synthetic
V08282,429.040237,1.10931617,preferred,True,synthetic
V08283,948.222505,0.77829629,standard,True,synthetic
V08284,1033.919465,0.4,standard,True,synthetic
V08285,602.453347,1.14092132,standard,False,synthetic
V08286,1533.070019,2.52652573,standard,False,synthetic
V08287,416.619087,1.13910101,preferred,True,synthetic
V08288,812.258606,0.93914234,standard,True,synthetic
V08289,876.312176,1.2940119,standard,True,synthetic
V08290,1348.74143,1.04363534,standard,False,synthetic
V08291,781.840351,0.51572304,standard,False,synthetic
V08292,657.153459,1.61015313,commercial,False,synthetic
V08293,300.028123,0.95277404,commercial,True,synthetic
V08294,1380.142547,0.81463925,standard,True,synthetic
V08295,520.628746,0.9313889,commercial,False,synthetic
V08296,644.539615,0.72149622,preferred,True,synthetic
V08297,861.603772,0.4,standard,True,synthetic
V08298,945.803577,2.25461703,standard,False,synthetic
V08299,764.66311,1.16850402,standard,True,synthetic
V08300,1058.358245,0.75360506,standard,True,synthetic
V08301,317.827826,1.29063423,standard,True,synthetic
V08302,396.543958,1.47992424,standard,True,synthetic
V08303,441.646758,1.50219773,commercial,True,synthetic
V08304,298.925757,1.03283777,standard,True,synthetic
V08305,1082.400467,0.7986615,standard,True,synthetic
V08306,954.744893,0.83408659,preferred,True,synthetic
V08307,1422.425253,1.3413476,preferred,True,synthetic
V08308,954.539623,0.96922353,commercial,True,synthetic
V08309,662.579661,0.94129033,standard,True,synthetic
V08310,636.86846,0.77037194,standard,False,synthetic
V08311,2297.926385,1.23702035,standard,True,synthetic
V08312,664.884926,0.54615033,standard,True,synthetic
V08313,524.956327,0.93990182,standard,True,synthetic
V08314,1302.007471,0.70587328,standard,True,synthetic
V08315,677.894116,1.47553281,preferred,False,synthetic
V08316,513.861435,1.24263052,preferred,True,synthetic
V08317,644.769583,0.77927421,preferred,True,synthetic
V08318,347.67238,0.61631946,standard,True,synthetic
V08319,1166.34415,0.7700278,preferred,True,synthetic
V08320,602.496633,0.76671208,preferred,True,synthetic
V08321,981.704722,1.39580639,preferred,True,synthetic
V08322,807.6473,1.72989857,standard,True,synthetic
V08323,884.604838,1.29890811,standard,True,synthetic
V08324,601.605528,1.82465024,standard,True,synthetic
V08325,263.209015,0.96016418,standard,True,synthetic
V08326,481.265644,1.33802371,standard,False,synthetic
V08327,535.809688,1.12337473,preferred,True,synthetic
V08328,1111.547609,0.66089238,preferred,True,synthetic
V08329,1191.140543,1.40505306,standard,True,synthetic
V08330,533.673866,1.26970386,standard,True,synthetic
V08331,947.943483,0.92314961,preferred,True,synthetic
V08332,273.804817,1.20416218,standard,True,synthetic
V08333,814.602699,0.98749994,standard,True,synthetic
V08334,661.971041,0.90732801,preferred,True,synthetic
V08335,1182.535746,1.03449833,commercial,False,synthetic
V08336,786.464776,1.01764224,standard,True,synthetic
V08337,554.819787,0.8856872,standard,False,synthetic
V08338,873.55753,0.91351173,commercial,True,synthetic
V08339,1172.444997,1.53607097,standard,True,synthetic
V08340,833.252788,1.03426925,standard,True,synthetic
V08341,550.253343,1.53725369,preferred,True,synthetic
V08342,412.08887,0.76384334,commercial,False,synthetic
V08343,383.47748,1.49351986,standard,True,synthetic
V08344,703.005796,0.81367832,preferred,False,synthetic
V08345,919.161394,0.70899088,standard,True,synthetic
V08346,708.254669,1.00095666,standard,True,synthetic
V08347,703.629713,0.81607606,standard,True,synthetic
V08348,1883.078969,1.94758447,commercial,False,synthetic
V08349,1155.120976,1.08296769,standard,True,synthetic
V08350,2649.234951,0.94992498,commercial,True,synthetic
V08351,1196.897348,1.18712465,standard,True,synthetic
V08352,1358.9977,0.55436972,standard,False,synthetic
V08353,698.64896,1.51146138,standard,True,synthetic
V08354,570.088316,0.9131039,standard,True,synthetic
V08355,3500.0,1.106765,preferred,True,synthetic
V08356,806.295689,0.72998489,standard,True,synthetic
V08357,584.449045,1.60190005,preferred,True,synthetic
V08358,689.665351,0.94694484,standard,True,synthetic
V08359,630.485762,0.92755971,preferred,False,synthetic
V08360,1461.992464,0.51659484,standard,True,synthetic
V08361,1188.033448,1.09770839,standard,True,synthetic
V08362,366.188184,1.29945142,standard,True,synthetic
V08363,1235.742396,1.15545363,standard,True,synthetic
V08364,386.698985,0.64241307,standard,True,synthetic
V08365,1456.430121,1.57431038,commercial,True,synthetic
V08366,297.496046,1.15337237,standard,True,synthetic
V08367,985.418019,0.45207491,commercial,True,synthetic
V08368,994.250156,1.18068793,standard,False,synthetic
V08369,1798.969963,0.81448489,preferred,True,synthetic
V08370,725.469148,0.9080366,preferred,True,synthetic
V08371,622.786779,0.70019358,standard,True,synthetic
V08372,508.299505,0.9614999,standard,True,synthetic
V08373,820.760671,1.4109826,standard,True,synthetic
V08374,1210.944916,0.83620603,standard,False,synthetic
V08375,389.543132,0.67226308,standard,True,synthetic
V08376,530.725,1.58913997,standard,True,synthetic
V08377,2008.256295,1.07763698,standard,True,synthetic
V08378,584.587628,1.9421188,standard,True,synthetic
V08379,629.236331,0.82212282,standard,False,synthetic
V08380,345.717223,1.84493004,preferred,False,synthetic
V08381,3500.0,0.79343473,preferred,False,synthetic
V08382,398.39391,0.76871979,preferred,True,synthetic
V08383,1363.518033,1.29346645,standard,True,synthetic
V08384,372.176126,0.46340453,preferred,False,synthetic
V08385,849.549605,0.57886168,preferred,True,synthetic
V08386,448.674004,0.93004877,standard,False,synthetic
V08387,555.160827,0.85700056,standard,True,synthetic
V08388,1633.131578,1.479516,standard,True,synthetic
V08389,625.671977,0.78186681,standard,False,synthetic
V08390,250.0,0.97199884,standard,False,synthetic
V08391,964.105447,0.8861923,preferred,True,synthetic
V08392,1517.602401,1.41537744,preferred,True,synthetic
V08393,505.535115,0.69756561,standard,True,synthetic
V08394,562.293721,1.22819118,standard,False,synthetic
V08395,717.982267,0.99931801,preferred,False,synthetic
V08396,852.027097,0.86542823,preferred,False,synthetic
V08397,250.0,1.15350929,standard,True,synthetic
V08398,949.985572,1.15963989,preferred,True,synthetic
V08399,897.014853,0.75414119,preferred,False,synthetic
V08400,1003.268809,0.65913728,standard,True,synthetic
V08401,522.171397,1.99226182,commercial,True,synthetic
V08402,1452.974144,1.22261747,preferred,True,synthetic
V08403,1089.775256,1.37577557,preferred,True,synthetic
V08404,531.986324,1.33424708,commercial,True,synthetic
V08405,520.172124,1.29665675,standard,False,synthetic
V08406,450.066774,1.07426169,preferred,True,synthetic
V08407,660.702417,0.92501427,commercial,True,synthetic
V08408,426.220179,1.64680463,standard,False,synthetic
V08409,1229.001428,1.00509149,standard,False,synthetic
V08410,797.526861,1.58165625,standard,True,synthetic
V08411,856.343233,1.34427325,commercial,True,synthetic
V08412,458.668047,0.84271262,standard,True,synthetic
V08413,785.918643,0.85276643,commercial,True,synthetic
V08414,733.161086,0.88808535,standard,False,synthetic
V08415,605.063436,1.7625238,standard,True,synthetic
V08416,650.851812,0.73805091,commercial,True,synthetic
V08417,948.745199,0.83793863,commercial,True,synthetic
V08418,1389.851919,0.84544125,preferred,True,synthetic
V08419,591.503864,0.93821265,preferred,True,synthetic
V08420,266.29302,0.71765206,standard,True,synthetic
V08421,1364.764192,0.91765716,standard,True,synthetic
V08422,993.885362,0.77384516,preferred,True,synthetic
V08423,462.107491,1.60933525,standard,False,synthetic
V08424,478.514085,1.58132853,standard,True,synthetic
V08425,459.308085,1.18094339,commercial,False,synthetic
V08426,765.386913,0.52776692,standard,False,synthetic
V08427,336.537649,0.75620219,standard,True,synthetic
V08428,1940.819558,1.80383188,standard,False,synthetic
V08429,700.807825,1.12708194,standard,True,synthetic
V08430,524.290945,0.4,standard,True,synthetic
V08431,341.182296,1.06912622,standard,True,synthetic
V08432,250.0,0.95208973,standard,False,synthetic
V08433,250.494787,1.03835301,standard,False,synthetic
V08434,883.061957,0.69273572,standard,True,synthetic
V08435,843.737906,1.20325618,commercial,False,synthetic
V08436,807.894229,1.48163515,standard,False,synthetic
V08437,569.436582,1.02456892,commercial,False,synthetic
V08438,949.653268,0.84490415,preferred,False,synthetic
V08439,478.839718,1.12509765,preferred,False,synthetic
V08440,903.227703,1.376962,commercial,True,synthetic
V08441,684.684881,1.23218619,standard,True,synthetic
V08442,2138.538317,0.58722357,standard,False,synthetic
V08443,480.485174,0.83114472,standard,False,synthetic
V08444,789.08135,1.6675636,standard,False,synthetic
V08445,655.435706,1.01088573,standard,True,synthetic
V08446,1392.38905,1.13031836,preferred,False,synthetic
V08447,661.790199,0.86330434,preferred,True,synthetic
V08448,728.261029,0.69331304,standard,True,synthetic
V08449,876.412664,1.24382856,preferred,False,synthetic
V08450,388.916535,1.46062657,commercial,False,synthetic
V08451,1161.272162,1.29804545,preferred,True,synthetic
V08452,250.0,0.81042291,standard,True,synthetic
V08453,457.529747,1.44072181,preferred,True,synthetic
V08454,544.632528,0.72773481,standard,True,synthetic
V08455,833.717748,1.5052197,standard,True,synthetic
V08456,552.993238,0.96244644,standard,True,synthetic
V08457,422.698519,1.23159812,preferred,True,synthetic
V08458,365.000657,1.02183054,standard,True,synthetic
V08459,1999.696668,1.09067056,standard,True,synthetic
V08460,282.004916,2.3636356,standard,False,synthetic
V08461,942.684948,0.68439751,preferred,True,synthetic
V08462,966.954409,2.05038573,standard,False,synthetic
V08463,977.508285,1.50813032,standard,True,synthetic
V08464,430.555974,1.09642296,standard,False,synthetic
V08465,1818.025147,1.62276762,standard,True,synthetic
V08466,729.131054,1.20698208,standard,True,synthetic
V08467,410.98538,1.25704087,preferred,True,synthetic
V08468,396.318698,1.7061277,standard,True,synthetic
V08469,1451.753677,1.20397686,commercial,True,synthetic
V08470,2082.136443,1.40747175,commercial,True,synthetic
V08471,810.585227,1.10857733,preferred,False,synthetic
V08472,930.031209,0.77283321,standard,True,synthetic
V08473,816.196997,1.05951236,commercial,False,synthetic
V08474,541.522459,0.94869343,preferred,True,synthetic
V08475,848.153696,0.47656168,commercial,False,synthetic
V08476,1224.662425,1.14822268,standard,True,synthetic
V08477,1424.392121,0.98686225,commercial,True,synthetic
V08478,2012.544461,0.92391189,standard,True,synthetic
V08479,736.261581,0.94628779,preferred,True,synthetic
V08480,1015.931077,1.40226923,standard,True,synthetic
V08481,1210.232319,1.61598358,preferred,True,synthetic
V08482,942.773698,0.70025651,preferred,False,synthetic
V08483,562.005017,1.27271894,standard,True,synthetic
V08484,2616.079138,1.35753362,preferred,False,synthetic
V08485,496.770275,1.36150709,standard,False,synthetic
V08486,500.094019,0.68722124,preferred,True,synthetic
V08487,1342.35347,0.73436835,standard,False,synthetic
V08488,1557.193547,0.47714754,preferred,True,synthetic
V08489,762.625893,1.6310784,standard,True,synthetic
V08490,250.0,1.15420241,preferred,True,synthetic
V08491,1043.336184,1.16349834,standard,True,synthetic
V08492,700.779774,0.72238798,preferred,True,synthetic
V08493,800.312771,1.24292356,standard,True,synthetic
V08494,250.0,2.11286353,standard,False,synthetic
V08495,323.333505,1.32104999,commercial,True,synthetic
V08496,647.269905,0.92041274,standard,True,synthetic
V08497,419.017028,1.09338456,preferred,True,synthetic
V08498,527.188789,0.70773374,commercial,True,synthetic
V08499,572.75173,0.96308205,preferred,False,synthetic
V08500,362.534044,0.9590346,standard,True,synthetic
V08501,1252.766,1.16399102,standard,True,synthetic
V08502,575.177717,1.29626967,standard,True,synthetic
V08503,1065.416572,1.40102391,commercial,True,synthetic
V08504,905.466118,0.64152657,standard,True,synthetic
V08505,1211.892786,1.26068816,standard,True,synthetic
V08506,1413.873127,0.66859266,standard,False,synthetic
V08507,904.775813,0.70073554,preferred,True,synthetic
V08508,331.016115,1.24148845,commercial,True,synthetic
V08509,820.129529,1.16884641,standard,False,synthetic
V08510,305.686385,0.83313019,commercial,False,synthetic
V08511,662.513154,0.88812934,standard,True,synthetic
V08512,804.035444,0.90308142,standard,True,synthetic
V08513,906.433335,1.40158274,preferred,True,synthetic
V08514,399.948776,1.32125126,preferred,True,synthetic
V08515,578.498742,0.94711634,preferred,True,synthetic
V08516,286.223531,0.84383192,standard,False,synthetic
V08517,538.881887,1.59880138,standard,True,synthetic
V08518,479.307883,1.43619369,standard,True,synthetic
V08519,517.946908,1.43263729,standard,True,synthetic
V08520,413.605862,1.25885779,standard,False,synthetic
V08521,333.659518,0.93465045,commercial,True,synthetic
V08522,376.587022,1.16901547,commercial,True,synthetic
V08523,254.927153,0.97369063,preferred,True,synthetic
V08524,1071.282146,0.53506926,standard,True,synthetic
V08525,606.441672,0.81391306,standard,True,synthetic
V08526,1492.888314,1.2519617,commercial,True,synthetic
V08527,986.172381,1.44114223,standard,True,synthetic
V08528,1164.879853,0.54322527,standard,False,synthetic
V08529,520.672477,0.83104029,standard,True,synthetic
V08530,856.741352,1.12867062,standard,False,synthetic
V08531,619.036624,0.84350764,standard,True,synthetic
V08532,412.969905,1.73331749,commercial,True,synthetic
V08533,576.940814,0.82894038,preferred,True,synthetic
V08534,485.032677,0.86325191,preferred,True,synthetic
V08535,250.0,0.71920758,standard,False,synthetic
V08536,740.474331,0.77645626,standard,True,synthetic
V08537,526.570568,1.31263434,standard,True,synthetic
V08538,754.853404,1.91486723,preferred,False,synthetic
V08539,932.152996,1.12520019,standard,False,synthetic
V08540,376.864549,1.29308599,preferred,True,synthetic
V08541,700.659122,0.4,preferred,False,synthetic
V08542,1119.834996,0.78845137,standard,False,synthetic
V08543,719.139761,1.21220947,preferred,False,synthetic
V08544,1185.617886,1.05436195,preferred,True,synthetic
V08545,535.852188,0.72598664,standard,True,synthetic
V08546,1551.940277,0.99508201,standard,True,synthetic
V08547,1168.642972,2.92905072,preferred,True,synthetic
V08548,530.725969,1.50002041,commercial,True,synthetic
V08549,842.870225,0.75455672,standard,False,synthetic
V08550,1553.33434,2.32178895,standard,False,synthetic
V08551,903.477972,1.54406565,standard,True,synthetic
V08552,543.97887,0.64929245,commercial,True,synthetic
V08553,769.11594,0.99619303,standard,False,synthetic
V08554,692.313105,1.57388644,standard,True,synthetic
V08555,1390.338556,0.80499623,preferred,True,synthetic
V08556,387.613107,0.75985641,preferred,True,synthetic
V08557,1987.112137,1.09197817,standard,True,synthetic
V08558,513.004409,1.07851273,standard,False,synthetic
V08559,1111.791675,1.56264382,commercial,False,synthetic
V08560,682.199771,1.32017969,standard,True,synthetic
V08561,455.141004,1.04725681,standard,True,synthetic
V08562,250.0,1.79360468,standard,False,synthetic
V08563,707.00154,1.17923666,commercial,False,synthetic
V08564,828.525999,0.85270384,commercial,True,synthetic
V08565,505.602654,0.86544138,standard,True,synthetic
V08566,463.627931,0.93094624,standard,True,synthetic
V08567,690.566124,0.5436677,preferred,True,synthetic
V08568,844.701402,1.15486824,standard,False,synthetic
V08569,1011.613365,0.88860348,standard,True,synthetic
V08570,2499.603597,0.75073816,standard,True,synthetic
V08571,685.212076,0.91710405,preferred,True,synthetic
V08572,533.408667,1.03297128,standard,True,synthetic
V08573,1018.887645,0.67876176,preferred,False,synthetic
V08574,469.288103,0.71834625,commercial,False,synthetic
V08575,474.943793,1.73798056,preferred,True,synthetic
V08576,480.176934,1.17179395,standard,True,synthetic
V08577,625.280897,0.94256326,commercial,True,synthetic
V08578,1320.827969,0.86286567,commercial,True,synthetic
V08579,1210.55506,0.88427453,standard,False,synthetic
V08580,1111.82655,1.20905342,preferred,True,synthetic
V08581,548.087708,0.9863877,standard,True,synthetic
V08582,614.474664,0.89442813,standard,True,synthetic
V08583,318.721993,1.36939081,standard,False,synthetic
V08584,1024.415093,0.5986353,standard,False,synthetic
V08585,1178.038896,0.65562552,standard,False,synthetic
V08586,486.810568,1.40260765,standard,False,synthetic
V08587,514.655283,1.79685773,preferred,False,synthetic
V08588,969.200149,0.74861519,preferred,False,synthetic
V08589,806.090446,1.29331546,standard,True,synthetic
V08590,500.074527,1.20077644,standard,True,synthetic
V08591,921.034751,0.99750639,standard,False,synthetic
V08592,477.217759,0.87094644,standard,False,synthetic
V08593,250.0,0.94178465,preferred,False,synthetic
V08594,462.777131,0.4699731,standard,True,synthetic
V08595,482.06184,0.82901151,preferred,False,synthetic
V08596,684.04964,0.99339351,commercial,True,synthetic
V08597,928.302716,0.99362082,standard,False,synthetic
V08598,469.041232,0.80340009,preferred,False,synthetic
V08599,282.247074,0.6580353,standard,True,synthetic
V08600,881.621553,1.50328225,standard,True,synthetic
V08601,750.370036,1.09177318,preferred,True,synthetic
V08602,903.373076,1.09573449,standard,True,synthetic
V08603,1379.450364,1.34628991,standard,True,synthetic
V08604,1243.165737,1.13173525,standard,True,synthetic
V08605,1023.550843,0.73674994,standard,False,synthetic
V08606,660.633427,0.50125066,standard,False,synthetic
V08607,491.096224,1.08112233,standard,True,synthetic
V08608,729.812132,1.02385471,commercial,False,synthetic
V08609,498.11293,2.96658944,commercial,True,synthetic
V08610,1099.883665,1.02887654,standard,False,synthetic
V08611,657.605596,0.89446441,commercial,True,synthetic
V08612,402.993051,0.73481926,standard,False,synthetic
V08613,746.642245,0.68710211,standard,False,synthetic
V08614,1277.365052,1.08173391,standard,True,synthetic
V08615,403.343138,1.24789939,standard,False,synthetic
V08616,667.364468,0.9147776,commercial,True,synthetic
V08617,301.122546,1.11699238,standard,True,synthetic
V08618,1042.629344,1.22852704,standard,True,synthetic
V08619,685.168791,1.01083744,standard,True,synthetic
V08620,1072.787502,1.00155886,standard,True,synthetic
V08621,1265.266935,1.01042353,standard,True,synthetic
V08622,1261.964212,0.99476647,commercial,True,synthetic
V08623,822.296181,0.78620371,commercial,True,synthetic
V08624,1309.703054,1.34007871,standard,True,synthetic
V08625,535.490658,0.8829424,commercial,False,synthetic
V08626,905.589538,0.45045251,commercial,True,synthetic
V08627,1140.968289,1.23162438,standard,False,synthetic
V08628,517.735289,0.93142431,commercial,False,synthetic
V08629,1279.037652,1.51358058,standard,False,synthetic
V08630,573.114375,1.22995675,standard,True,synthetic
V08631,380.451769,1.78707119,standard,True,synthetic
V08632,1187.919284,0.83846248,standard,True,synthetic
V08633,1112.956831,1.7561125,commercial,False,synthetic
V08634,1216.774625,1.64074302,preferred,False,synthetic
V08635,651.544495,0.63698406,standard,True,synthetic
V08636,779.065466,2.39719111,standard,True,synthetic
V08637,1432.240384,0.58227097,standard,True,synthetic
V08638,352.768678,1.48624372,preferred,False,synthetic
V08639,410.416275,0.70674597,commercial,True,synthetic
V08640,375.674289,0.75463576,preferred,True,synthetic
V08641,832.523284,1.02505257,standard,True,synthetic
V08642,556.319991,1.12537176,standard,False,synthetic
V08643,1260.817405,0.60107117,standard,True,synthetic
V08644,651.344162,0.79521324,standard,True,synthetic
V08645,600.614088,1.82097071,standard,True,synthetic
V08646,495.96308,1.0654487,preferred,True,synthetic
V08647,575.939565,1.09245944,standard,True,synthetic
V08648,745.457709,0.54976824,standard,True,synthetic
V08649,250.0,0.89271274,standard,False,synthetic
V08650,705.272685,1.77634894,standard,True,synthetic
V08651,656.658935,1.12491589,standard,True,synthetic
V08652,377.4092,1.41834632,preferred,True,synthetic
V08653,814.191666,1.2053059,standard,True,synthetic
V08654,570.25886,1.85138404,standard,True,synthetic
V08655,644.639342,0.51324348,preferred,True,synthetic
V08656,425.368255,1.14482812,standard,True,synthetic
V08657,868.722972,1.80411155,standard,False,synthetic
V08658,855.991932,0.99422605,standard,True,synthetic
V08659,250.0,2.02643259,standard,False,synthetic
V08660,809.395299,1.05481633,standard,True,synthetic
V08661,260.987851,0.92925978,standard,True,synthetic
V08662,625.835465,0.851226,preferred,True,synthetic
V08663,490.414945,1.31881792,standard,False,synthetic
V08664,718.456274,0.9279675,standard,True,synthetic
V08665,1991.203092,0.98634195,preferred,True,synthetic
V08666,325.991378,1.07119196,standard,True,synthetic
V08667,789.570695,1.14143323,standard,False,synthetic
V08668,459.00324,1.54060754,standard,False,synthetic
V08669,788.347918,1.21185863,standard,True,synthetic
V08670,620.244368,0.80516694,standard,True,synthetic
V08671,631.432088,0.90161661,standard,True,synthetic
V08672,2639.578355,0.72430791,preferred,False,synthetic
V08673,424.351747,1.06822874,standard,True,synthetic
V08674,268.889535,1.31351074,preferred,False,synthetic
V08675,262.530939,0.69452044,standard,False,synthetic
V08676,548.013233,0.64673084,standard,True,synthetic
V08677,922.746405,0.90942738,standard,True,synthetic
V08678,531.038916,0.78066389,commercial,False,synthetic
V08679,701.606244,1.31729543,commercial,True,synthetic
V08680,1019.890135,0.83427911,standard,True,synthetic
V08681,529.815677,0.9576495,standard,False,synthetic
V08682,250.0,1.00327517,standard,True,synthetic
V08683,997.555339,1.4644057,standard,True,synthetic
V08684,1395.182987,1.30205121,standard,True,synthetic
V08685,310.550706,0.73848223,preferred,False,synthetic
V08686,1316.863801,1.39099249,standard,True,synthetic
V08687,1029.459086,0.63444723,commercial,False,synthetic
V08688,801.474328,1.27344753,commercial,False,synthetic
V08689,854.986956,0.61774521,standard,True,synthetic
V08690,311.238671,1.09911977,standard,True,synthetic
V08691,1516.327082,1.31764735,preferred,True,synthetic
V08692,832.802771,0.67591996,preferred,True,synthetic
V08693,1400.121785,0.80091353,standard,True,synthetic
V08694,1432.397944,1.11676656,preferred,False,synthetic
V08695,312.724757,1.05400856,standard,True,synthetic
V08696,1373.200996,1.27315729,commercial,True,synthetic
V08697,820.862064,2.05835264,standard,True,synthetic
V08698,527.873623,1.03400639,standard,False,synthetic
V08699,290.318418,1.03197433,preferred,True,synthetic
V08700,703.819547,1.38737437,preferred,True,synthetic
V08701,642.428428,0.75031602,standard,True,synthetic
V08702,1412.657458,1.2992584,preferred,True,synthetic
V08703,334.408843,1.25221764,standard,False,synthetic
V08704,696.088019,1.2186306,preferred,False,synthetic
V08705,502.789925,0.75000205,standard,True,synthetic
V08706,652.928789,1.09247705,standard,True,synthetic
V08707,1180.813469,0.48659476,standard,True,synthetic
V08708,763.684167,1.34677789,preferred,True,synthetic
V08709,867.246212,0.73018473,preferred,True,synthetic
V08710,399.82668,2.68974728,standard,True,synthetic
V08711,778.670205,1.1233451,commercial,True,synthetic
V08712,596.600747,2.66021327,standard,True,synthetic
V08713,740.058659,0.98730402,standard,False,synthetic
V08714,457.391683,0.89978087,commercial,True,synthetic
V08715,2691.447188,0.72582332,standard,True,synthetic
V08716,522.88639,0.67213686,preferred,True,synthetic
V08717,634.476222,1.2116541,preferred,True,synthetic
V08718,1872.756292,1.40458126,standard,True,synthetic
V08719,881.624142,1.31833742,preferred,False,synthetic
V08720,420.12685,0.8958587,standard,True,synthetic
V08721,1151.681084,1.68033899,standard,True,synthetic
V08722,1104.843135,1.42034213,standard,True,synthetic
V08723,634.267962,1.03224764,preferred,False,synthetic
V08724,1152.775446,0.49365095,preferred,False,synthetic
V08725,723.631045,1.09859658,standard,True,synthetic
V08726,1379.361179,0.83382211,standard,True,synthetic
V08727,1477.66712,0.89615995,standard,True,synthetic
V08728,595.135647,1.55741879,standard,False,synthetic
V08729,626.883087,0.85633114,commercial,True,synthetic
V08730,270.397149,0.66335098,standard,False,synthetic
V08731,922.571291,1.12584177,preferred,False,synthetic
V08732,1095.385828,1.21435703,preferred,True,synthetic
V08733,672.044383,1.21821059,preferred,True,synthetic
V08734,497.420045,1.05918105,standard,True,synthetic
V08735,996.785731,1.44963667,standard,False,synthetic
V08736,1350.956845,0.97030661,commercial,False,synthetic
V08737,1097.670788,1.61987189,standard,True,synthetic
V08738,1718.080913,1.59023558,commercial,True,synthetic
V08739,580.075103,1.47575557,standard,True,synthetic
V08740,522.860677,0.90088595,standard,False,synthetic
V08741,972.893036,0.82321626,standard,True,synthetic
V08742,1784.972846,2.16456146,standard,True,synthetic
V08743,665.021262,1.1027662,standard,True,synthetic
V08744,2153.198168,1.23203326,preferred,False,synthetic
V08745,723.531299,1.05223967,standard,True,synthetic
V08746,795.1153,0.83895353,preferred,False,synthetic
V08747,671.387101,1.13631608,preferred,True,synthetic
V08748,482.376092,1.48245262,commercial,True,synthetic
V08749,1047.506004,1.14843839,commercial,False,synthetic
V08750,351.803403,1.06082451,standard,True,synthetic
V08751,821.099685,0.89087895,commercial,False,synthetic
V08752,804.598309,0.71010747,commercial,True,synthetic
V08753,826.314613,1.5260632,standard,True,synthetic
V08754,596.682929,1.3409174,standard,True,synthetic
V08755,489.54169,0.71148823,standard,True,synthetic
V08756,657.578636,0.83253681,standard,True,synthetic
V08757,1010.594579,1.45968351,preferred,True,synthetic
V08758,1380.248211,0.57824863,standard,False,synthetic
V08759,580.770044,0.88916297,standard,True,synthetic
V08760,691.707522,0.89094144,standard,True,synthetic
V08761,1195.404753,1.16310482,standard,True,synthetic
V08762,806.480776,0.89964096,standard,True,synthetic
V08763,708.583844,0.91861619,standard,True,synthetic
V08764,757.669109,0.60515791,standard,True,synthetic
V08765,886.17624,0.81602022,commercial,True,synthetic
V08766,546.114794,1.97507257,commercial,True,synthetic
V08767,673.327173,1.0564109,preferred,True,synthetic
V08768,314.791033,0.86542857,standard,True,synthetic
V08769,579.939107,0.97139713,standard,True,synthetic
V08770,732.655384,0.7748384,standard,True,synthetic
V08771,297.69998,0.79451241,standard,False,synthetic
V08772,1341.593787,1.01772129,standard,False,synthetic
V08773,711.370232,1.459186,standard,False,synthetic
V08774,2084.065255,0.86861717,standard,True,synthetic
V08775,712.563338,1.15114744,standard,True,synthetic
V08776,675.413968,0.92334962,standard,False,synthetic
V08777,658.093972,1.25654118,preferred,True,synthetic
V08778,250.0,1.08410588,standard,False,synthetic
V08779,1400.28167,1.64814847,standard,True,synthetic
V08780,361.085538,0.87724289,standard,True,synthetic
V08781,405.150543,0.97705281,standard,True,synthetic
V08782,707.620163,1.01999681,commercial,True,synthetic
V08783,1049.413622,0.62782862,standard,True,synthetic
V08784,714.842402,0.67182637,standard,True,synthetic
V08785,890.000463,1.08100665,preferred,True,synthetic
V08786,1737.369779,0.65831347,standard,False,synthetic
V08787,1299.387925,1.27623099,standard,False,synthetic
V08788,1190.072087,1.16639717,standard,True,synthetic
V08789,1086.590105,0.85321047,preferred,True,synthetic
V08790,302.333536,0.68874903,standard,True,synthetic
V08791,1277.845013,0.8861198,standard,False,synthetic
V08792,763.828563,1.559061,standard,False,synthetic
V08793,790.788489,1.36159846,preferred,True,synthetic
V08794,486.83566,1.7407928,standard,False,synthetic
V08795,684.527793,0.63181808,standard,False,synthetic
V08796,512.416721,0.69485643,standard,False,synthetic
V08797,660.248338,0.7189592,standard,True,synthetic
V08798,956.58398,0.60159505,commercial,True,synthetic
V08799,649.608319,0.73862251,preferred,True,synthetic
V08800,789.178102,0.77830592,standard,True,synthetic
V08801,2387.944513,0.71938331,standard,False,synthetic
V08802,1612.717298,1.24075928,standard,True,synthetic
V08803,1026.305138,0.67698936,commercial,True,synthetic
V08804,634.198101,1.10250169,standard,False,synthetic
V08805,435.590266,1.3409689,standard,True,synthetic
V08806,595.037363,1.33777817,standard,False,synthetic
V08807,793.055389,1.17985676,commercial,True,synthetic
V08808,707.730184,0.47289561,standard,True,synthetic
V08809,717.051292,0.88649852,standard,False,synthetic
V08810,505.153964,1.08535413,standard,False,synthetic
V08811,442.027232,0.89329573,commercial,True,synthetic
V08812,757.96865,1.43568063,standard,True,synthetic
V08813,1290.106649,1.96812267,preferred,True,synthetic
V08814,800.130323,1.83069863,preferred,False,synthetic
V08815,379.378571,1.15809261,standard,True,synthetic
V08816,2295.402649,1.41092993,standard,True,synthetic
V08817,676.606679,0.68590957,standard,True,synthetic
V08818,549.259437,0.75950448,commercial,True,synthetic
V08819,930.381741,1.20948543,commercial,True,synthetic
V08820,3500.0,0.95918744,standard,True,synthetic
V08821,625.854762,0.94318101,commercial,True,synthetic
V08822,250.0,1.38900853,commercial,False,synthetic
V08823,448.253171,1.01142314,commercial,True,synthetic
V08824,1120.297374,1.04820956,standard,True,synthetic
V08825,1823.648138,1.01173742,preferred,False,synthetic
V08826,731.455502,0.7303339,standard,False,synthetic
V08827,973.921576,1.15752496,standard,True,synthetic
V08828,857.737506,1.75593812,standard,True,synthetic
V08829,958.653873,1.42525082,preferred,True,synthetic
V08830,1091.942698,1.05354893,standard,True,synthetic
V08831,760.330929,0.69253156,standard,True,synthetic
V08832,935.126279,0.65351956,standard,False,synthetic
V08833,339.875367,0.76645365,preferred,False,synthetic
V08834,478.51487,1.04819905,standard,True,synthetic
V08835,250.0,0.7960023,standard,True,synthetic
V08836,493.7293,0.84650405,preferred,True,synthetic
V08837,609.568513,1.70572464,preferred,True,synthetic
V08838,774.738655,1.02916206,standard,False,synthetic
V08839,1841.843241,1.73041914,commercial,True,synthetic
V08840,1045.3606,1.03368777,standard,True,synthetic
V08841,1394.657583,0.92631107,standard,True,synthetic
V08842,582.981087,3.2,standard,False,synthetic
V08843,709.894806,1.11345581,standard,False,synthetic
V08844,645.125209,0.91143393,standard,False,synthetic
V08845,743.454067,1.56990037,standard,True,synthetic
V08846,459.012689,1.25026794,preferred,False,synthetic
V08847,1585.454686,0.88823138,standard,False,synthetic
V08848,662.007037,0.8908387,standard,False,synthetic
V08849,929.705351,1.36291819,preferred,False,synthetic
V08850,2649.440349,1.49053179,standard,True,synthetic
V08851,289.475119,1.55131281,standard,True,synthetic
V08852,1557.580102,0.81710781,standard,True,synthetic
V08853,1353.443396,0.81835709,preferred,True,synthetic
V08854,749.121519,0.96148978,standard,True,synthetic
V08855,492.550991,1.50398976,commercial,True,synthetic
V08856,1819.890518,0.90507147,preferred,True,synthetic
V08857,830.01099,1.56800765,preferred,True,synthetic
V08858,607.03652,0.71203373,preferred,True,synthetic
V08859,479.870834,0.70730526,commercial,True,synthetic
V08860,559.481452,0.56066775,standard,True,synthetic
V08861,643.086442,0.52637964,standard,True,synthetic
V08862,324.405448,0.9384215,commercial,True,synthetic
V08863,837.633809,0.68198483,preferred,False,synthetic
V08864,803.333816,1.09279332,standard,True,synthetic
V08865,416.444328,0.52488278,commercial,False,synthetic
V08866,379.961007,1.17333788,standard,True,synthetic
V08867,672.476542,1.0242862,commercial,False,synthetic
V08868,914.975921,1.43851318,preferred,True,synthetic
V08869,1479.46238,0.90588774,standard,True,synthetic
V08870,986.780616,1.04687626,preferred,False,synthetic
V08871,690.683778,0.76746702,commercial,False,synthetic
V08872,389.62359,1.07772607,standard,True,synthetic
V08873,491.589883,1.00610068,standard,False,synthetic
V08874,1102.808421,0.86623484,standard,True,synthetic
V08875,763.414297,0.89955377,standard,True,synthetic
V08876,415.236548,0.55692166,standard,True,synthetic
V08877,1259.017631,0.49734675,standard,False,synthetic
V08878,476.910641,1.31516033,standard,True,synthetic
V08879,640.350902,0.79328109,standard,True,synthetic
V08880,793.537949,1.20922951,preferred,True,synthetic
V08881,337.463926,0.96991193,standard,True,synthetic
V08882,259.373589,1.07549171,standard,True,synthetic
V08883,510.506936,1.03535255,standard,True,synthetic
V08884,2516.309048,1.26395211,commercial,False,synthetic
V08885,1849.976411,1.56258063,standard,True,synthetic
V08886,1898.064187,0.97648734,standard,True,synthetic
V08887,336.481839,0.86096204,standard,False,synthetic
V08888,600.081821,0.88592219,standard,True,synthetic
V08889,1008.410778,0.71837206,standard,True,synthetic
V08890,3165.294914,0.81349767,standard,True,synthetic
V08891,791.023514,1.02981807,commercial,True,synthetic
V08892,1756.021227,1.18249926,standard,False,synthetic
V08893,1193.00935,1.38699646,standard,False,synthetic
V08894,893.433058,0.4,standard,False,synthetic
V08895,971.065104,0.65126831,standard,True,synthetic
V08896,375.207403,1.51811065,standard,True,synthetic
V08897,651.974767,0.88998805,standard,True,synthetic
V08898,467.604098,1.23106425,preferred,False,synthetic
V08899,339.724033,1.62679672,standard,True,synthetic
V08900,1301.074469,1.82577823,standard,True,synthetic
V08901,379.817755,0.76051739,commercial,False,synthetic
V08902,1925.395566,0.98359569,commercial,True,synthetic
V08903,304.928596,1.1139281,standard,True,synthetic
V08904,823.445002,0.55947116,preferred,True,synthetic
V08905,1681.35027,1.37586338,standard,True,synthetic
V08906,2344.412401,1.73356504,preferred,False,synthetic
V08907,360.967211,1.42397355,standard,True,synthetic
V08908,286.907163,0.79730698,preferred,True,synthetic
V08909,986.870788,0.69941842,preferred,True,synthetic
V08910,681.028239,1.78298352,standard,True,synthetic
V08911,368.580969,1.03874758,standard,False,synthetic
V08912,808.938944,1.03703889,standard,True,synthetic
V08913,740.2333,1.54171098,standard,True,synthetic
V08914,687.86989,1.50989581,preferred,True,synthetic
V08915,430.757623,1.37187724,standard,False,synthetic
V08916,884.711525,1.42269887,standard,False,synthetic
V08917,472.125932,0.54568902,standard,True,synthetic
V08918,944.426988,0.46063143,standard,False,synthetic
V08919,881.089717,1.13235506,standard,True,synthetic
V08920,1102.912174,1.415458,preferred,True,synthetic
V08921,482.522446,1.1786489,standard,True,synthetic
V08922,2564.988266,1.23196723,preferred,True,synthetic
V08923,552.568677,1.05958331,standard,True,synthetic
V08924,1275.175202,0.78861481,preferred,False,synthetic
V08925,379.755639,0.93421858,standard,False,synthetic
V08926,799.356153,0.52770353,standard,True,synthetic
V08927,1034.952406,1.41441707,preferred,False,synthetic
V08928,923.225427,0.55205601,standard,True,synthetic
V08929,400.83609,1.53991701,standard,True,synthetic
V08930,805.954014,0.97721435,preferred,True,synthetic
V08931,1470.090594,0.51177576,standard,True,synthetic
V08932,487.243393,1.24499494,preferred,True,synthetic
V08933,686.04218,1.26842751,standard,True,synthetic
V08934,742.197274,1.00158215,standard,True,synthetic
V08935,948.09879,1.11246529,commercial,False,synthetic
V08936,911.049289,1.45024887,standard,False,synthetic
V08937,1021.125047,1.01968321,standard,True,synthetic
V08938,1183.605625,1.23984013,preferred,True,synthetic
V08939,716.341792,0.90081555,standard,False,synthetic
V08940,1156.195349,1.3996073,standard,False,synthetic
V08941,1067.006786,0.93110345,commercial,False,synthetic
V08942,683.568037,0.72877383,standard,True,synthetic
V08943,858.871968,1.37323214,standard,True,synthetic
V08944,470.724026,0.63649941,standard,True,synthetic
V08945,2111.034232,1.01537262,preferred,True,synthetic
V08946,1407.926084,1.14005427,commercial,False,synthetic
V08947,781.230198,0.50013512,preferred,False,synthetic
V08948,1624.254932,1.2863288,standard,False,synthetic
V08949,1550.677786,1.78082163,standard,True,synthetic
V08950,625.662243,1.40374322,standard,False,synthetic
V08951,637.358875,1.50397664,standard,False,synthetic
V08952,1441.424282,0.82455557,standard,True,synthetic
V08953,575.449973,1.03430773,standard,False,synthetic
V08954,355.932607,1.33360701,standard,False,synthetic
V08955,461.02871,0.50337992,standard,True,synthetic
V08956,394.792609,0.7838515,standard,True,synthetic
V08957,378.290062,0.92204493,standard,False,synthetic
V08958,537.516442,1.06035347,preferred,False,synthetic
V08959,1545.087334,1.38990975,preferred,True,synthetic
V08960,1006.242024,0.7882386,standard,False,synthetic
V08961,376.064346,1.10591038,standard,False,synthetic
V08962,413.414668,0.86957444,standard,True,synthetic
V08963,924.248525,0.75134847,standard,True,synthetic
V08964,557.476377,1.11850109,standard,True,synthetic
V08965,1790.450285,1.15255229,standard,True,synthetic
V08966,763.420161,0.9987234,preferred,False,synthetic
V08967,371.995021,2.35864145,standard,True,synthetic
V08968,672.234923,1.15063969,preferred,False,synthetic
V08969,255.782466,1.06837037,preferred,False,synthetic
V08970,250.0,0.71411623,standard,True,synthetic
V08971,520.861291,1.36446519,standard,False,synthetic
V08972,892.803743,1.5001663,preferred,True,synthetic
V08973,676.639136,1.69189689,commercial,True,synthetic
V08974,512.098583,0.97945071,standard,True,synthetic
V08975,945.068838,1.11777376,standard,True,synthetic
V08976,551.6108,1.04169887,standard,True,synthetic
V08977,1862.885999,0.73452981,standard,True,synthetic
V08978,1400.467485,0.82343742,standard,False,synthetic
V08979,723.708696,0.92705492,standard,False,synthetic
V08980,1176.14517,0.69725444,standard,False,synthetic
V08981,913.6933,1.80544964,standard,True,synthetic
V08982,745.712972,0.89863063,standard,True,synthetic
V08983,980.185005,0.98906889,standard,True,synthetic
V08984,1993.123443,1.13099475,standard,True,synthetic
V08985,324.962631,1.16155437,preferred,False,synthetic
V08986,435.558609,1.60480869,standard,True,synthetic
V08987,447.890345,1.08890314,standard,True,synthetic
V08988,961.38396,1.03482699,preferred,True,synthetic
V08989,539.441523,1.41042306,standard,True,synthetic
V08990,1187.795634,0.58935106,commercial,False,synthetic
V08991,1217.002865,0.86216653,preferred,False,synthetic
V08992,690.745192,0.72806333,standard,True,synthetic
V08993,2588.135485,0.78584592,standard,True,synthetic
V08994,1292.74004,0.59068922,standard,True,synthetic
V08995,1029.717587,1.11983188,preferred,True,synthetic
V08996,1258.875076,1.6943115,standard,True,synthetic
V08997,1108.753471,1.26843382,standard,False,synthetic
V08998,515.721377,2.46029998,standard,True,synthetic
V08999,430.719688,0.99561441,preferred,True,synthetic
V09000,1398.317279,1.33328122,commercial,True,synthetic
V09001,902.222092,1.06831039,standard,False,synthetic
V09002,951.475027,1.01639645,standard,True,synthetic
V09003,511.99293,1.96676493,standard,False,synthetic
V09004,450.667968,0.89128661,standard,True,synthetic
V09005,362.740643,1.98783787,preferred,True,synthetic
V09006,551.167563,0.61616963,commercial,True,synthetic
V09007,889.115503,0.84703891,commercial,True,synthetic
V09008,1092.077185,0.85227183,commercial,True,synthetic
V09009,531.313921,0.90209231,standard,True,synthetic
V09010,1444.071986,0.94799915,standard,False,synthetic
V09011,705.520663,1.12752623,commercial,False,synthetic
V09012,430.483191,1.40350877,standard,False,synthetic
V09013,921.561412,0.92933774,standard,True,synthetic
V09014,430.602609,0.79136345,standard,True,synthetic
V09015,768.526349,1.40081815,preferred,True,synthetic
V09016,578.069211,0.88499439,preferred,False,synthetic
V09017,994.881663,0.5960369,standard,False,synthetic
V09018,397.486279,0.46556678,standard,False,synthetic
V09019,890.573014,1.42081778,preferred,False,synthetic
V09020,314.533882,0.70893676,standard,False,synthetic
V09021,519.33887,1.16238694,preferred,True,synthetic
V09022,663.942076,0.69686527,standard,False,synthetic
V09023,590.290407,1.69316294,standard,True,synthetic
V09024,1340.01793,0.76887365,preferred,False,synthetic
V09025,871.752377,0.50543675,standard,True,synthetic
V09026,623.005964,0.93981906,standard,False,synthetic
V09027,913.756553,1.54641853,standard,True,synthetic
V09028,550.083755,0.73505953,standard,False,synthetic
V09029,308.558412,1.50440767,preferred,True,synthetic
V09030,1029.290713,0.88316794,preferred,True,synthetic
V09031,301.275367,1.02822602,standard,True,synthetic
V09032,1085.332064,1.03666617,standard,True,synthetic
V09033,675.497243,2.00758964,preferred,True,synthetic
V09034,811.410747,0.92125686,preferred,True,synthetic
V09035,606.442042,2.03870342,standard,False,synthetic
V09036,1607.588299,1.08947985,standard,True,synthetic
V09037,1154.673019,1.43477947,standard,True,synthetic
V09038,272.739936,1.37926102,standard,True,synthetic
V09039,461.843873,0.84423655,preferred,True,synthetic
V09040,1039.75457,0.61993336,commercial,True,synthetic
V09041,250.0,1.42683524,standard,True,synthetic
V09042,600.473889,0.82799681,standard,True,synthetic
V09043,398.476347,1.17457899,preferred,True,synthetic
V09044,520.843256,3.07340827,preferred,True,synthetic
V09045,428.236178,0.89638885,standard,False,synthetic
V09046,656.654368,1.37424635,standard,False,synthetic
V09047,287.698574,1.63989821,preferred,True,synthetic
V09048,457.516812,0.9533165,preferred,True,synthetic
V09049,635.180541,0.51986663,standard,True,synthetic
V09050,701.199378,1.3335641,standard,False,synthetic
V09051,647.994791,1.14576083,standard,True,synthetic
V09052,1326.225029,0.72584774,standard,True,synthetic
V09053,1384.261424,1.25545826,standard,True,synthetic
V09054,1757.003562,1.05306764,preferred,True,synthetic
V09055,752.704428,0.70939024,standard,True,synthetic
V09056,686.719403,1.46181481,standard,True,synthetic
V09057,1038.53887,0.81820861,standard,True,synthetic
V09058,309.268942,0.98843757,standard,True,synthetic
V09059,415.441896,1.1984309,standard,True,synthetic
V09060,1699.752183,1.46879424,standard,True,synthetic
V09061,520.583705,0.88887196,preferred,True,synthetic
V09062,522.383579,1.65209525,commercial,True,synthetic
V09063,465.360671,1.79802246,standard,True,synthetic
V09064,266.979284,1.82880945,preferred,False,synthetic
V09065,1651.122066,1.35451963,standard,True,synthetic
V09066,611.349916,1.8657956,standard,True,synthetic
V09067,1115.664691,1.62437686,preferred,True,synthetic
V09068,468.07526,1.3105506,commercial,True,synthetic
V09069,687.070428,0.60287961,commercial,True,synthetic
V09070,659.18975,1.72650692,standard,True,synthetic
V09071,971.333603,0.78481448,standard,True,synthetic
V09072,573.44746,1.01408146,standard,True,synthetic
V09073,906.910747,1.07862283,standard,True,synthetic
V09074,588.175498,0.88705894,standard,True,synthetic
V09075,1853.628981,1.47465853,standard,True,synthetic
V09076,484.743574,0.73772825,standard,True,synthetic
V09077,1836.48124,0.74326761,standard,True,synthetic
V09078,854.315268,1.45148461,preferred,False,synthetic
V09079,992.691237,1.9762576,standard,True,synthetic
V09080,599.608545,0.89961211,standard,True,synthetic
V09081,1334.614822,0.80305568,standard,True,synthetic
V09082,300.653735,0.87591054,preferred,True,synthetic
V09083,567.170721,1.09705944,standard,True,synthetic
V09084,359.875278,0.83178666,preferred,False,synthetic
V09085,555.132064,0.98732762,preferred,True,synthetic
V09086,536.009836,0.4,standard,True,synthetic
V09087,602.571114,1.50202116,preferred,False,synthetic
V09088,712.67911,0.63035695,standard,False,synthetic
V09089,503.760714,1.14762985,standard,False,synthetic
V09090,781.628352,0.67917242,preferred,False,synthetic
V09091,1143.63367,0.77008653,commercial,True,synthetic
V09092,372.407521,1.22883638,standard,True,synthetic
V09093,1306.567472,0.99120456,commercial,False,synthetic
V09094,1236.582384,0.7609128,standard,True,synthetic
V09095,317.542124,1.27428039,standard,True,synthetic
V09096,838.772277,0.7193459,standard,True,synthetic
V09097,712.970221,1.3137702,standard,False,synthetic
V09098,500.11713,0.91415664,standard,True,synthetic
V09099,1593.615449,0.92029832,standard,True,synthetic
V09100,567.623476,1.26613433,commercial,False,synthetic
V09101,836.620161,0.9109341,preferred,True,synthetic
V09102,672.426951,0.89924808,preferred,True,synthetic
V09103,261.472321,1.68295256,preferred,True,synthetic
V09104,319.220311,0.7272164,standard,False,synthetic
V09105,1095.360973,0.90829708,standard,False,synthetic
V09106,1159.639327,1.20951206,standard,True,synthetic
V09107,775.975943,1.13003593,commercial,False,synthetic
V09108,568.775726,0.71043438,standard,False,synthetic
V09109,612.652654,0.89228427,commercial,True,synthetic
V09110,975.124275,0.81601343,preferred,False,synthetic
V09111,882.016837,1.01934225,commercial,True,synthetic
V09112,566.078825,1.29575999,preferred,True,synthetic
V09113,985.932613,0.74290305,standard,True,synthetic
V09114,605.437233,0.60941172,preferred,True,synthetic
V09115,1115.881065,0.73031963,standard,True,synthetic
V09116,3500.0,1.24407349,standard,True,synthetic
V09117,311.806775,0.79032545,standard,True,synthetic
V09118,426.377647,1.08352301,standard,True,synthetic
V09119,608.843078,1.33404323,standard,True,synthetic
V09120,1498.721295,0.60855671,standard,False,synthetic
V09121,1303.013507,1.73471472,standard,True,synthetic
V09122,335.505434,0.67321995,preferred,True,synthetic
V09123,1434.170372,0.74215603,standard,True,synthetic
V09124,594.357294,1.08663676,preferred,False,synthetic
V09125,1388.461911,1.58354057,standard,True,synthetic
V09126,418.48443,0.51406881,preferred,True,synthetic
V09127,469.127265,0.97195206,standard,True,synthetic
V09128,569.258985,1.47976105,standard,True,synthetic
V09129,479.610796,1.05483565,preferred,True,synthetic
V09130,423.433944,1.11731211,standard,False,synthetic
V09131,683.224029,0.6775454,commercial,True,synthetic
V09132,1293.979493,0.78900703,preferred,True,synthetic
V09133,667.123402,0.54537834,standard,False,synthetic
V09134,727.258356,1.08005951,commercial,True,synthetic
V09135,589.138304,0.56880863,commercial,True,synthetic
V09136,959.345422,1.25939566,standard,True,synthetic
V09137,563.137684,0.42196149,standard,True,synthetic
V09138,588.417001,0.84926642,standard,False,synthetic
V09139,589.325245,0.70704565,standard,False,synthetic
V09140,521.714495,0.50263368,preferred,False,synthetic
V09141,730.583295,0.93984571,standard,True,synthetic
V09142,517.284899,0.54078648,commercial,False,synthetic
V09143,467.920336,1.29740293,standard,False,synthetic
V09144,552.8746,0.96659941,preferred,False,synthetic
V09145,1681.327588,1.04258204,commercial,True,synthetic
V09146,594.806199,0.95366175,standard,True,synthetic
V09147,383.251869,1.57640762,preferred,True,synthetic
V09148,905.004672,0.87588937,commercial,True,synthetic
V09149,689.434472,0.84858515,standard,True,synthetic
V09150,483.340543,0.71988714,preferred,True,synthetic
V09151,885.012983,0.85424217,commercial,True,synthetic
V09152,1010.831147,2.19348704,standard,False,synthetic
V09153,572.238553,1.51503583,standard,True,synthetic
V09154,250.0,0.93270856,commercial,False,synthetic
V09155,823.799169,0.9118806,standard,True,synthetic
V09156,1874.817858,0.96632742,standard,True,synthetic
V09157,345.890504,1.14339118,standard,True,synthetic
V09158,673.128161,0.66392249,preferred,True,synthetic
V09159,299.3679,0.75055969,standard,False,synthetic
V09160,1020.564063,0.84917305,standard,True,synthetic
V09161,729.58519,0.9367314,standard,True,synthetic
V09162,291.761437,0.78664124,preferred,True,synthetic
V09163,1198.304937,0.68292829,preferred,True,synthetic
V09164,588.533086,0.58123453,preferred,False,synthetic
V09165,1217.643476,0.55013245,preferred,False,synthetic
V09166,822.594174,0.92953647,standard,True,synthetic
V09167,287.928806,1.55649214,preferred,True,synthetic
V09168,475.899672,1.13355708,commercial,True,synthetic
V09169,1399.420985,1.03957945,standard,True,synthetic
V09170,1024.790457,1.0448334,standard,False,synthetic
V09171,455.875001,0.65275048,standard,True,synthetic
V09172,682.594812,1.6418675,preferred,False,synthetic
V09173,598.87249,1.15909649,standard,True,synthetic
V09174,492.878115,1.02312524,standard,True,synthetic
V09175,1162.168269,0.78971139,preferred,False,synthetic
V09176,822.103625,1.32793935,standard,True,synthetic
V09177,520.04086,0.94899046,commercial,True,synthetic
V09178,801.186494,0.94086615,commercial,False,synthetic
V09179,1150.619541,1.08526387,standard,False,synthetic
V09180,798.571753,0.75882924,standard,False,synthetic
V09181,1222.208988,0.88790652,preferred,True,synthetic
V09182,404.342677,0.5390469,standard,True,synthetic
V09183,619.82157,1.05736992,standard,True,synthetic
V09184,633.604816,1.02097771,standard,True,synthetic
V09185,585.649552,1.59750713,commercial,True,synthetic
V09186,683.08463,0.91711026,standard,True,synthetic
V09187,262.809387,1.0295587,standard,False,synthetic
V09188,314.928706,0.77887554,commercial,True,synthetic
V09189,933.026317,1.0150836,standard,True,synthetic
V09190,744.435322,0.76907113,standard,True,synthetic
V09191,557.032576,1.55944012,standard,True,synthetic
V09192,1249.457423,1.07644327,preferred,True,synthetic
V09193,561.344572,1.29926892,standard,False,synthetic
V09194,628.395731,1.21688305,standard,True,synthetic
V09195,1118.376594,1.58494194,preferred,True,synthetic
V09196,1310.184304,1.3435526,standard,True,synthetic
V09197,1540.175665,0.66829236,preferred,False,synthetic
V09198,595.45223,1.37703156,standard,True,synthetic
V09199,1062.042552,0.5862508,standard,True,synthetic
V09200,648.569233,0.77790816,standard,True,synthetic
V09201,1346.936345,1.09700158,standard,True,synthetic
V09202,551.579787,0.75564758,preferred,True,synthetic
V09203,682.833574,0.99988714,standard,True,synthetic
V09204,412.735468,2.07091591,standard,False,synthetic
V09205,512.673839,0.62116999,standard,False,synthetic
V09206,464.967913,1.75633906,standard,False,synthetic
V09207,524.474003,1.14673161,preferred,True,synthetic
V09208,724.819797,1.17902407,standard,False,synthetic
V09209,640.22959,0.98833512,standard,True,synthetic
V09210,679.158775,0.84091078,standard,True,synthetic
V09211,852.614827,1.15216582,standard,True,synthetic
V09212,1698.699622,0.77974196,preferred,True,synthetic
V09213,362.709716,0.96352014,standard,True,synthetic
V09214,547.027055,1.13393919,preferred,True,synthetic
V09215,746.687902,1.66248093,standard,True,synthetic
V09216,250.0,1.02106731,standard,True,synthetic
V09217,1285.970566,0.72951187,standard,False,synthetic
V09218,482.668581,1.39807463,standard,True,synthetic
V09219,747.380579,0.79640866,standard,False,synthetic
V09220,1488.850547,1.14654877,standard,True,synthetic
V09221,854.163096,0.64253095,standard,True,synthetic
V09222,822.024844,1.06082999,standard,True,synthetic
V09223,644.170814,0.89277813,standard,True,synthetic
V09224,828.840998,0.52717752,preferred,True,synthetic
V09225,449.150251,1.46025512,preferred,True,synthetic
V09226,906.457278,0.50299083,standard,True,synthetic
V09227,838.982979,0.45121723,standard,False,synthetic
V09228,410.228251,1.73559774,standard,True,synthetic
V09229,459.953134,1.27713072,standard,True,synthetic
V09230,347.530472,1.11680221,standard,True,synthetic
V09231,1189.80968,1.0724463,preferred,True,synthetic
V09232,2073.651794,0.67861028,standard,True,synthetic
V09233,431.296363,1.17344904,preferred,True,synthetic
V09234,657.234533,0.96163532,standard,True,synthetic
V09235,1104.548693,1.34982046,preferred,True,synthetic
V09236,467.044382,1.41637248,preferred,True,synthetic
V09237,709.582369,1.16435163,standard,True,synthetic
V09238,464.263958,0.80512861,standard,True,synthetic
V09239,725.036925,0.55173863,standard,False,synthetic
V09240,399.621985,1.12080049,standard,True,synthetic
V09241,1977.879213,1.8642092,standard,True,synthetic
V09242,1196.295904,0.70875488,standard,True,synthetic
V09243,917.791545,0.84499094,standard,True,synthetic
V09244,3017.039472,1.32398072,preferred,True,synthetic
V09245,857.742206,0.97807731,commercial,True,synthetic
V09246,624.244682,1.0327381,preferred,False,synthetic
V09247,739.674941,0.53474755,standard,True,synthetic
V09248,370.513833,0.60382552,standard,True,synthetic
V09249,1212.275413,0.76920225,standard,True,synthetic
V09250,3397.077326,0.65130979,standard,True,synthetic
V09251,1151.819622,1.04090283,standard,True,synthetic
V09252,927.604494,0.69519796,standard,True,synthetic
V09253,877.324655,0.92650876,commercial,True,synthetic
V09254,1088.913004,1.47861948,standard,True,synthetic
V09255,835.327741,1.72545116,commercial,True,synthetic
V09256,1376.228237,0.80151891,standard,False,synthetic
V09257,984.710091,1.31749176,standard,True,synthetic
V09258,804.542253,0.97762557,commercial,False,synthetic
V09259,451.644378,0.84850361,standard,True,synthetic
V09260,911.312732,1.2938364,preferred,True,synthetic
V09261,1453.731165,1.05030371,standard,True,synthetic
V09262,1548.851906,1.21903606,commercial,False,synthetic
V09263,286.628309,0.63648747,standard,True,synthetic
V09264,883.936768,0.85780261,standard,True,synthetic
V09265,479.277454,1.23850676,standard,False,synthetic
V09266,1092.341622,0.87647954,standard,True,synthetic
V09267,861.754821,1.11028225,standard,True,synthetic
V09268,1250.024433,0.70293197,preferred,False,synthetic
V09269,907.809172,0.48662999,standard,False,synthetic
V09270,348.062229,1.17566585,standard,True,synthetic
V09271,608.961028,1.06089449,standard,True,synthetic
V09272,1214.736462,0.99991153,standard,True,synthetic
V09273,1063.529436,0.93359166,standard,True,synthetic
V09274,633.051529,1.23287932,preferred,True,synthetic
V09275,940.317766,1.19122387,commercial,True,synthetic
V09276,1197.229863,0.40194221,standard,False,synthetic
V09277,1084.070361,0.71007943,standard,False,synthetic
V09278,3032.652852,1.74855661,standard,False,synthetic
V09279,959.94983,1.17759703,standard,True,synthetic
V09280,741.157189,1.7332312,preferred,False,synthetic
V09281,375.542175,0.85816188,preferred,True,synthetic
V09282,944.943584,0.94902262,commercial,True,synthetic
V09283,787.774197,0.43720778,standard,True,synthetic
V09284,628.98631,1.63740656,standard,True,synthetic
V09285,1019.640135,1.94343098,standard,False,synthetic
V09286,847.60435,0.87419185,standard,False,synthetic
V09287,573.757637,1.15215886,commercial,True,synthetic
V09288,320.530419,0.9584681,preferred,False,synthetic
V09289,1944.228279,0.84697787,standard,False,synthetic
V09290,992.559373,1.08908317,standard,True,synthetic
V09291,574.995676,1.10975797,preferred,False,synthetic
V09292,361.478613,1.04873276,commercial,False,synthetic
V09293,1029.399665,1.23654962,preferred,True,synthetic
V09294,668.19526,0.98471283,standard,False,synthetic
V09295,1844.035987,0.57597287,standard,True,synthetic
V09296,616.647403,0.53231789,standard,True,synthetic
V09297,563.839526,0.99912254,commercial,True,synthetic
V09298,679.538542,1.11568391,standard,True,synthetic
V09299,1064.075031,0.80352112,preferred,False,synthetic
V09300,777.089672,1.42742195,standard,False,synthetic
V09301,751.961639,0.94090042,commercial,True,synthetic
V09302,971.548069,0.70809292,preferred,True,synthetic
V09303,651.817335,1.18957951,standard,True,synthetic
V09304,977.161305,0.87344452,commercial,True,synthetic
V09305,615.20006,1.20135881,commercial,True,synthetic
V09306,1118.668135,0.89489672,commercial,True,synthetic
V09307,282.534201,1.70404342,preferred,True,synthetic
V09308,788.772703,0.6805981,standard,False,synthetic
V09309,250.0,1.96485267,standard,True,synthetic
V09310,884.654901,1.14614274,standard,True,synthetic
V09311,1136.922934,1.16160213,standard,True,synthetic
V09312,955.028854,1.26863125,standard,True,synthetic
V09313,274.293395,1.04977377,commercial,False,synthetic
V09314,2838.247201,0.78729127,preferred,False,synthetic
V09315,1233.141991,1.16547972,preferred,True,synthetic
V09316,250.0,1.60720994,standard,False,synthetic
V09317,446.496739,0.91241762,standard,True,synthetic
V09318,573.363653,0.49052029,preferred,False,synthetic
V09319,1311.722563,0.78567485,commercial,True,synthetic
V09320,1588.029682,1.28158579,standard,False,synthetic
V09321,878.344561,0.91327942,standard,True,synthetic
V09322,635.46798,0.57009416,preferred,True,synthetic
V09323,775.696599,1.62738151,standard,False,synthetic
V09324,851.53088,1.58812464,standard,True,synthetic
V09325,964.044971,0.88844902,standard,True,synthetic
V09326,819.172727,1.02911498,standard,False,synthetic
V09327,728.21912,3.00688173,standard,True,synthetic
V09328,640.643978,0.58491952,standard,True,synthetic
V09329,260.566196,1.36815169,commercial,False,synthetic
V09330,348.088186,0.95492357,standard,False,synthetic
V09331,934.238141,0.93001979,preferred,True,synthetic
V09332,969.832072,0.7292579,preferred,True,synthetic
V09333,1037.191814,1.29680061,commercial,True,synthetic
V09334,590.383997,0.76142315,standard,True,synthetic
V09335,1036.803838,1.46332779,standard,True,synthetic
V09336,738.517405,1.38920325,standard,True,synthetic
V09337,924.295618,1.21247092,standard,True,synthetic
V09338,1182.065735,1.00904509,standard,False,synthetic
V09339,894.94482,0.49565524,standard,True,synthetic
V09340,284.56867,0.91760381,preferred,False,synthetic
V09341,905.972108,0.5212114,preferred,True,synthetic
V09342,317.213338,1.72787431,standard,False,synthetic
V09343,379.41803,1.51812902,standard,False,synthetic
V09344,297.227606,0.88837036,preferred,False,synthetic
V09345,1032.977698,1.13102818,standard,True,synthetic
V09346,392.555691,1.3166189,preferred,True,synthetic
V09347,416.534293,0.65261808,standard,True,synthetic
V09348,723.457564,0.79035449,standard,True,synthetic
V09349,370.170657,1.07363219,standard,True,synthetic
V09350,897.383947,1.02497348,standard,False,synthetic
V09351,387.256383,0.88791196,standard,True,synthetic
V09352,747.323745,0.77417905,standard,True,synthetic
V09353,884.741479,0.81361963,commercial,True,synthetic
V09354,444.970122,1.07806656,standard,False,synthetic
V09355,338.511538,1.07550746,commercial,True,synthetic
V09356,354.177042,0.92300051,standard,True,synthetic
V09357,742.402382,1.93368363,commercial,True,synthetic
V09358,464.328187,0.71614907,preferred,False,synthetic
V09359,705.577958,0.54499277,standard,False,synthetic
V09360,959.025066,1.37586794,standard,True,synthetic
V09361,344.649734,0.85600233,standard,True,synthetic
V09362,341.788821,0.88050847,standard,True,synthetic
V09363,743.26531,0.89743609,standard,True,synthetic
V09364,573.745268,1.74639712,standard,False,synthetic
V09365,2159.061807,1.93924511,standard,False,synthetic
V09366,911.388804,0.63397507,standard,True,synthetic
V09367,257.134531,0.92942324,standard,False,synthetic
V09368,301.12695,1.27545109,preferred,True,synthetic
V09369,991.871269,0.98802671,preferred,False,synthetic
V09370,1395.472812,1.64425312,standard,False,synthetic
V09371,939.400379,1.13391459,standard,True,synthetic
V09372,723.474188,1.00420105,preferred,True,synthetic
V09373,332.56356,0.62086054,standard,True,synthetic
V09374,708.778843,0.94733743,standard,False,synthetic
V09375,838.418117,1.45933982,standard,True,synthetic
V09376,453.465612,1.2044302,standard,False,synthetic
V09377,589.963626,0.97066589,standard,True,synthetic
V09378,544.195613,1.63926303,preferred,True,synthetic
V09379,757.425361,1.66139391,standard,False,synthetic
V09380,1639.107316,1.10798908,standard,True,synthetic
V09381,1440.173629,0.95386617,standard,False,synthetic
V09382,323.769946,1.76989355,standard,False,synthetic
V09383,794.008232,0.99501309,preferred,False,synthetic
V09384,750.542247,0.77109983,preferred,False,synthetic
V09385,996.409136,0.84442544,preferred,True,synthetic
V09386,802.492421,1.35861269,standard,True,synthetic
V09387,887.811728,1.46687243,standard,True,synthetic
V09388,346.935338,1.20031746,standard,True,synthetic
V09389,1629.947377,0.83251398,standard,True,synthetic
V09390,785.433262,0.60717342,standard,False,synthetic
V09391,2132.377373,1.22798842,preferred,False,synthetic
V09392,653.563174,0.62332616,standard,True,synthetic
V09393,1573.77998,0.95328231,standard,False,synthetic
V09394,653.097625,1.23548321,standard,False,synthetic
V09395,688.65665,0.85293252,standard,False,synthetic
V09396,775.895671,0.77684692,preferred,True,synthetic
V09397,367.973889,0.99123082,commercial,True,synthetic
V09398,372.621898,0.86843093,commercial,True,synthetic
V09399,909.499308,1.24887695,standard,False,synthetic
V09400,603.674893,0.74590522,commercial,True,synthetic
V09401,675.089624,1.10842331,preferred,True,synthetic
V09402,1043.735554,0.58155093,standard,True,synthetic
V09403,976.920266,0.90791151,preferred,False,synthetic
V09404,3500.0,0.84823868,standard,False,synthetic
V09405,400.389367,1.62557742,preferred,True,synthetic
V09406,353.228525,0.86610673,standard,False,synthetic
V09407,410.377531,1.21893684,standard,False,synthetic
V09408,755.134969,1.77419073,standard,False,synthetic
V09409,322.037691,0.82514313,standard,False,synthetic
V09410,1161.872522,0.85473186,preferred,True,synthetic
V09411,1035.258231,0.88935563,commercial,False,synthetic
V09412,387.911566,0.7432801,commercial,False,synthetic
V09413,873.209107,1.2648473,standard,False,synthetic
V09414,491.345281,0.72039598,standard,True,synthetic
V09415,613.905435,0.40675167,preferred,True,synthetic
V09416,280.197493,0.70397877,standard,True,synthetic
V09417,603.46741,1.40916333,preferred,True,synthetic
V09418,805.176318,1.67327888,standard,False,synthetic
V09419,1328.454416,1.07324312,standard,True,synthetic
V09420,1144.526468,1.71918034,standard,True,synthetic
V09421,250.0,1.13046673,standard,False,synthetic
V09422,783.656128,1.19948563,standard,True,synthetic
V09423,553.271485,1.24125466,standard,False,synthetic
V09424,606.457161,0.80727927,standard,False,synthetic
V09425,250.0,0.79375339,standard,True,synthetic
V09426,250.0,2.83946085,standard,True,synthetic
V09427,524.892189,1.0488468,standard,True,synthetic
V09428,279.589647,1.0322097,preferred,True,synthetic
V09429,1668.605155,0.87221359,standard,False,synthetic
V09430,2902.895982,1.54114906,standard,True,synthetic
V09431,1689.198973,1.1217062,standard,False,synthetic
V09432,1311.929592,0.84797975,standard,False,synthetic
V09433,851.467895,1.21316446,standard,True,synthetic
V09434,694.359157,0.99522782,preferred,True,synthetic
V09435,1041.752026,1.3173401,standard,True,synthetic
V09436,333.335963,0.9900319,standard,False,synthetic
V09437,346.741683,1.27641307,standard,True,synthetic
V09438,568.267644,0.76320874,standard,True,synthetic
V09439,1423.928782,1.06190435,commercial,True,synthetic
V09440,1390.761622,0.63631185,preferred,False,synthetic
V09441,566.08874,1.5118265,standard,False,synthetic
V09442,577.165344,0.99129531,preferred,True,synthetic
V09443,519.086556,0.77577786,standard,False,synthetic
V09444,1419.949964,1.05508112,standard,True,synthetic
V09445,680.631175,1.04005546,standard,True,synthetic
V09446,991.555396,0.65968709,standard,False,synthetic
V09447,1067.612595,1.74114796,standard,True,synthetic
V09448,693.770278,0.8626683,preferred,True,synthetic
V09449,1388.800333,1.03813507,standard,True,synthetic
V09450,436.564095,1.51440646,standard,False,synthetic
V09451,600.961229,1.01362206,commercial,True,synthetic
V09452,808.257624,1.07492002,commercial,True,synthetic
V09453,1013.797235,0.56384442,standard,False,synthetic
V09454,964.512797,0.80297438,standard,False,synthetic
V09455,642.459039,1.02109958,preferred,False,synthetic
V09456,1407.116419,1.35563689,standard,True,synthetic
V09457,739.417306,0.83363972,standard,True,synthetic
V09458,372.510756,2.5858462,standard,False,synthetic
V09459,484.811757,1.10703014,standard,True,synthetic
V09460,532.126842,1.08395812,standard,False,synthetic
V09461,943.247646,1.41161053,standard,True,synthetic
V09462,694.739405,0.69425291,preferred,True,synthetic
V09463,570.386197,0.96050253,preferred,True,synthetic
V09464,983.521092,0.99914994,preferred,True,synthetic
V09465,543.190117,0.92616157,preferred,True,synthetic
V09466,602.441204,1.30164165,standard,True,synthetic
V09467,978.399381,1.17341361,standard,True,synthetic
V09468,356.002691,1.20835718,standard,False,synthetic
V09469,936.345237,1.51814777,standard,True,synthetic
V09470,929.126898,0.52010329,standard,True,synthetic
V09471,907.286544,0.54072898,preferred,False,synthetic
V09472,2289.328125,0.98283905,standard,True,synthetic
V09473,504.917852,1.13233302,preferred,True,synthetic
V09474,1862.656736,0.71943571,commercial,True,synthetic
V09475,1374.427352,1.02697531,standard,True,synthetic
V09476,422.187053,0.84520027,standard,True,synthetic
V09477,800.479438,1.3604,preferred,True,synthetic
V09478,1591.730744,0.84115457,standard,True,synthetic
V09479,550.491916,1.15293893,preferred,True,synthetic
V09480,250.0,0.91092643,preferred,True,synthetic
V09481,654.223545,0.86274109,standard,False,synthetic
V09482,715.58308,0.93004813,standard,False,synthetic
V09483,250.0,0.79439508,standard,True,synthetic
V09484,1734.379976,1.22021181,standard,True,synthetic
V09485,1290.243909,0.84864279,standard,True,synthetic
V09486,1250.800535,0.79773811,standard,False,synthetic
V09487,450.959685,0.82733505,preferred,False,synthetic
V09488,1036.310145,0.79222917,standard,False,synthetic
V09489,721.700943,0.92822638,standard,True,synthetic
V09490,2545.353997,1.66022125,standard,False,synthetic
V09491,2072.436921,2.12094103,preferred,True,synthetic
V09492,585.530829,0.80744555,standard,False,synthetic
V09493,560.947611,0.71071726,standard,True,synthetic
V09494,1059.428266,0.75601241,standard,True,synthetic
V09495,692.275874,1.01223655,standard,False,synthetic
V09496,605.809291,0.57748265,preferred,True,synthetic
V09497,1000.462787,0.9582518,standard,True,synthetic
V09498,340.982464,1.7538478,preferred,True,synthetic
V09499,1597.110926,1.31202441,standard,True,synthetic
V09500,1010.503241,0.83052409,preferred,True,synthetic
V09501,511.792498,0.80346228,preferred,True,synthetic
V09502,3034.523641,1.14529757,standard,True,synthetic
V09503,1233.715415,1.06471004,standard,True,synthetic
V09504,572.003098,1.42020744,standard,True,synthetic
V09505,353.632792,0.83961624,standard,False,synthetic
V09506,589.508698,0.68741013,standard,True,synthetic
V09507,566.104208,1.25098801,standard,True,synthetic
V09508,413.504345,0.72096528,standard,True,synthetic
V09509,670.101504,1.31431458,preferred,True,synthetic
V09510,889.734576,0.77642857,standard,True,synthetic
V09511,895.397891,0.71646708,commercial,True,synthetic
V09512,366.295987,0.86472984,standard,True,synthetic
V09513,327.083985,1.16047386,preferred,False,synthetic
V09514,345.063925,1.43245184,preferred,False,synthetic
V09515,705.096261,1.03169004,standard,True,synthetic
V09516,1460.558671,0.5875242,standard,True,synthetic
V09517,1189.286789,0.96217927,commercial,True,synthetic
V09518,1252.077365,1.52023618,standard,True,synthetic
V09519,400.144109,0.54051034,commercial,True,synthetic
V09520,380.402819,1.09223015,preferred,True,synthetic
V09521,250.0,1.18254029,preferred,True,synthetic
V09522,748.449456,1.59439466,standard,True,synthetic
V09523,356.258301,0.73144092,standard,True,synthetic
V09524,482.345272,0.84571987,preferred,False,synthetic
V09525,349.343645,1.79920062,standard,False,synthetic
V09526,757.603272,0.84394389,standard,True,synthetic
V09527,762.398721,0.67150723,standard,True,synthetic
V09528,618.141846,0.93527793,standard,True,synthetic
V09529,593.436328,3.03293353,standard,False,synthetic
V09530,604.775773,0.80271463,standard,True,synthetic
V09531,319.363264,1.15805875,standard,False,synthetic
V09532,809.616874,0.69115013,standard,False,synthetic
V09533,711.217472,0.9021944,commercial,True,synthetic
V09534,1051.042707,0.71128116,commercial,True,synthetic
V09535,1349.263278,1.61768069,preferred,False,synthetic
V09536,509.123448,1.01213197,standard,False,synthetic
V09537,2066.210375,0.90345497,standard,False,synthetic
V09538,514.696131,1.19536273,standard,False,synthetic
V09539,661.490462,0.92425362,preferred,True,synthetic
V09540,486.488149,0.98717396,preferred,True,synthetic
V09541,1575.399827,1.38134743,standard,False,synthetic
V09542,1290.08201,1.55367744,standard,True,synthetic
V09543,412.899789,1.4774873,standard,True,synthetic
V09544,1268.674535,1.63383007,standard,True,synthetic
V09545,817.295126,0.8562103,preferred,True,synthetic
V09546,988.405097,0.6847675,standard,False,synthetic
V09547,1132.09256,1.00629723,standard,True,synthetic
V09548,841.276491,1.03927616,standard,True,synthetic
V09549,1010.76457,1.04363036,preferred,True,synthetic
V09550,1096.846031,1.48884933,preferred,True,synthetic
V09551,997.79158,0.89573856,standard,True,synthetic
V09552,621.740704,0.58094146,commercial,False,synthetic
V09553,673.016249,1.05406882,standard,False,synthetic
V09554,808.550799,0.45765501,standard,True,synthetic
V09555,804.945159,0.74182761,preferred,True,synthetic
V09556,464.682234,1.44178188,standard,False,synthetic
V09557,330.92336,1.0640758,preferred,True,synthetic
V09558,396.591518,0.99898657,commercial,False,synthetic
V09559,1230.687792,0.65933198,standard,True,synthetic
V09560,394.393673,1.8509788,preferred,False,synthetic
V09561,724.931268,1.7313794,commercial,False,synthetic
V09562,500.95203,0.74569525,standard,True,synthetic
V09563,463.066191,1.03622871,standard,False,synthetic
V09564,397.216745,0.8554332,standard,True,synthetic
V09565,439.447617,0.62882108,preferred,True,synthetic
V09566,1575.613852,0.73575812,standard,True,synthetic
V09567,1422.345883,1.03817659,commercial,False,synthetic
V09568,1691.495397,0.82041786,commercial,True,synthetic
V09569,594.484113,0.74944246,commercial,True,synthetic
V09570,2296.789335,0.66969558,standard,False,synthetic
V09571,855.065372,2.05967524,preferred,True,synthetic
V09572,363.653698,1.1544962,standard,True,synthetic
V09573,352.97966,1.0158358,standard,True,synthetic
V09574,470.673676,0.90633467,standard,True,synthetic
V09575,791.86198,0.75920185,standard,False,synthetic
V09576,522.364505,1.21130346,preferred,True,synthetic
V09577,824.070042,1.12959527,standard,True,synthetic
V09578,472.676748,1.34743844,preferred,True,synthetic
V09579,355.297846,0.77473461,standard,True,synthetic
V09580,978.843593,1.93227126,standard,False,synthetic
V09581,870.648715,1.62966163,commercial,True,synthetic
V09582,257.417525,2.30582665,standard,False,synthetic
V09583,351.947238,1.22796072,commercial,True,synthetic
V09584,812.375941,1.37554008,standard,True,synthetic
V09585,250.0,1.21790405,standard,False,synthetic
V09586,737.922408,0.91980196,standard,True,synthetic
V09587,625.928092,1.47404023,preferred,False,synthetic
V09588,602.050981,0.79897256,preferred,True,synthetic
V09589,632.699091,0.6819776,commercial,False,synthetic
V09590,1065.216454,0.66530155,standard,False,synthetic
V09591,830.11308,1.3856961,standard,True,synthetic
V09592,879.183587,1.10228384,commercial,True,synthetic
V09593,563.301586,0.78365375,standard,False,synthetic
V09594,308.604124,1.63390473,commercial,False,synthetic
V09595,643.664188,1.72626068,preferred,True,synthetic
V09596,566.366809,1.136785,commercial,True,synthetic
V09597,491.036923,1.96106069,preferred,True,synthetic
V09598,2097.861803,1.35025153,standard,False,synthetic
V09599,550.188384,1.51284088,standard,True,synthetic
V09600,987.764873,0.54326371,preferred,False,synthetic
V09601,256.745474,1.11333276,standard,False,synthetic
V09602,1899.830137,0.71103992,preferred,True,synthetic
V09603,1197.597828,0.55226223,standard,True,synthetic
V09604,1311.165333,1.08257331,standard,True,synthetic
V09605,513.325792,1.06808583,preferred,True,synthetic
V09606,582.361722,0.82345505,standard,True,synthetic
V09607,425.98919,1.28760593,standard,True,synthetic
V09608,1120.288118,1.31863222,standard,False,synthetic
V09609,1096.462292,0.87973426,standard,True,synthetic
V09610,1031.296193,1.46501637,standard,True,synthetic
V09611,643.865176,1.10211865,standard,False,synthetic
V09612,624.588746,0.52440373,preferred,True,synthetic
V09613,734.406662,0.83649772,commercial,False,synthetic
V09614,250.0,1.40040054,standard,True,synthetic
V09615,1196.629145,1.38972955,standard,True,synthetic
V09616,1192.592144,0.90135329,commercial,True,synthetic
V09617,772.821586,0.72403613,commercial,True,synthetic
V09618,621.879857,1.93388719,standard,True,synthetic
V09619,896.30982,0.72958798,standard,True,synthetic
V09620,1521.273632,1.36225116,preferred,True,synthetic
V09621,890.035724,0.96874986,standard,True,synthetic
V09622,1359.29727,1.91181166,commercial,False,synthetic
V09623,441.044995,1.0247042,commercial,True,synthetic
V09624,749.213837,0.81257807,commercial,True,synthetic
V09625,983.821275,1.3845671,standard,True,synthetic
V09626,380.13187,1.26840138,commercial,False,synthetic
V09627,2032.238989,0.52049446,standard,False,synthetic
V09628,456.506941,2.144378,preferred,False,synthetic
V09629,1129.33282,1.25767571,standard,True,synthetic
V09630,723.382471,0.99446573,standard,True,synthetic
V09631,1023.784105,0.745148,standard,True,synthetic
V09632,364.531031,1.16495786,standard,True,synthetic
V09633,312.944935,1.42761444,standard,False,synthetic
V09634,609.791023,1.16132956,standard,False,synthetic
V09635,1468.777694,0.68587074,standard,False,synthetic
V09636,1464.849524,0.92411306,standard,True,synthetic
V09637,589.961569,1.11248334,standard,True,synthetic
V09638,1319.335346,0.87753706,standard,True,synthetic
V09639,674.377918,1.03820435,standard,True,synthetic
V09640,646.925929,1.03848515,standard,False,synthetic
V09641,721.117469,0.51132962,standard,True,synthetic
V09642,616.422862,0.6336359,preferred,True,synthetic
V09643,899.123904,1.48038112,commercial,True,synthetic
V09644,442.338307,0.86724695,commercial,True,synthetic
V09645,434.478293,1.44389032,standard,False,synthetic
V09646,814.820921,1.25101152,preferred,False,synthetic
V09647,431.863696,1.10632707,standard,True,synthetic
V09648,818.075605,1.41648192,standard,False,synthetic
V09649,952.532259,1.54409184,standard,False,synthetic
V09650,454.765302,1.12322149,standard,False,synthetic
V09651,629.3579,0.99169775,standard,True,synthetic
V09652,444.254578,1.32683489,commercial,False,synthetic
V09653,623.336305,1.08878595,standard,False,synthetic
V09654,607.657616,1.28214324,commercial,True,synthetic
V09655,250.0,1.15751334,commercial,True,synthetic
V09656,1297.823817,0.84852514,preferred,True,synthetic
V09657,732.52649,0.87778864,standard,True,synthetic
V09658,254.521076,1.85447083,standard,True,synthetic
V09659,591.38378,0.82612926,standard,False,synthetic
V09660,611.776963,0.7222648,standard,True,synthetic
V09661,1680.376037,0.51591796,standard,True,synthetic
V09662,397.227377,1.12177408,standard,True,synthetic
V09663,1488.544497,1.11456545,standard,True,synthetic
V09664,748.783086,1.11801597,standard,True,synthetic
V09665,1111.960672,1.51172286,preferred,False,synthetic
V09666,1320.84625,1.25825714,preferred,True,synthetic
V09667,1143.864204,1.22500829,standard,False,synthetic
V09668,1148.632708,1.66016752,commercial,False,synthetic
V09669,343.936414,0.61414466,standard,True,synthetic
V09670,815.173664,1.02439281,commercial,False,synthetic
V09671,904.538217,1.15220771,standard,False,synthetic
V09672,511.191816,1.60047444,standard,True,synthetic
V09673,1297.86017,1.16038295,standard,True,synthetic
V09674,1958.753653,0.79102794,standard,True,synthetic
V09675,1415.222003,1.06567982,preferred,True,synthetic
V09676,890.925568,1.88750047,standard,True,synthetic
V09677,801.877166,0.94225729,preferred,False,synthetic
V09678,607.98868,0.98987809,preferred,True,synthetic
V09679,994.481426,0.76165637,standard,True,synthetic
V09680,2086.943264,1.40259215,standard,True,synthetic
V09681,1350.452826,0.79264691,commercial,True,synthetic
V09682,1474.105996,1.04114056,preferred,True,synthetic
V09683,1063.884367,0.85534874,standard,False,synthetic
V09684,403.63275,1.07593157,standard,False,synthetic
V09685,1164.615548,0.72877041,standard,True,synthetic
V09686,483.866788,0.96968121,standard,True,synthetic
V09687,2533.534922,2.22553836,standard,False,synthetic
V09688,469.569352,1.46025805,standard,True,synthetic
V09689,714.178191,1.20147408,preferred,True,synthetic
V09690,757.841013,0.92237182,standard,True,synthetic
V09691,518.325813,1.25102307,standard,True,synthetic
V09692,729.597823,1.02161733,preferred,True,synthetic
V09693,602.71506,0.70651458,standard,True,synthetic
V09694,566.980166,0.9801474,standard,True,synthetic
V09695,896.908499,1.20215386,standard,True,synthetic
V09696,780.379187,1.38814068,standard,True,synthetic
V09697,1006.458052,0.97754843,standard,False,synthetic
V09698,511.412526,0.70413591,preferred,True,synthetic
V09699,780.741554,0.83775744,commercial,True,synthetic
V09700,3186.698475,1.0966382,commercial,True,synthetic
V09701,1232.448099,1.44036929,standard,True,synthetic
V09702,618.383109,2.04081405,standard,True,synthetic
V09703,546.921436,1.18069272,standard,True,synthetic
V09704,633.628003,1.11470571,standard,True,synthetic
V09705,287.168727,2.06378396,standard,False,synthetic
V09706,1519.486762,1.14039179,standard,True,synthetic
V09707,745.841892,0.86881299,standard,True,synthetic
V09708,1095.760803,1.9439876,commercial,True,synthetic
V09709,404.332514,1.64102038,standard,False,synthetic
V09710,1130.479498,1.24280326,standard,True,synthetic
V09711,656.727567,0.7983148,standard,True,synthetic
V09712,1049.678257,1.16710502,standard,True,synthetic
V09713,719.595507,1.29230321,standard,False,synthetic
V09714,684.609867,1.22458078,standard,False,synthetic
V09715,362.616298,1.32496821,commercial,False,synthetic
V09716,945.695516,1.14968802,commercial,True,synthetic
V09717,1309.498385,1.09713641,preferred,True,synthetic
V09718,267.772686,1.1830142,standard,True,synthetic
V09719,749.744182,0.8122063,standard,True,synthetic
V09720,839.063588,0.93729228,standard,True,synthetic
V09721,335.717217,1.18744015,standard,True,synthetic
V09722,1304.743103,1.34924603,standard,True,synthetic
V09723,494.25585,1.35438978,standard,False,synthetic
V09724,1284.566924,1.21061154,preferred,True,synthetic
V09725,324.212954,1.19290581,preferred,False,synthetic
V09726,757.900726,1.15595462,standard,True,synthetic
V09727,435.561532,0.86562589,standard,True,synthetic
V09728,1678.904204,1.50963423,standard,False,synthetic
V09729,541.873889,1.20530994,standard,False,synthetic
V09730,849.32458,0.90168626,standard,False,synthetic
V09731,443.406661,1.23170546,standard,True,synthetic
V09732,1291.765381,0.99212272,preferred,False,synthetic
V09733,798.509936,1.48860469,standard,True,synthetic
V09734,250.0,0.69938484,preferred,False,synthetic
V09735,910.047429,1.46301533,standard,False,synthetic
V09736,2657.878701,0.93428088,standard,True,synthetic
V09737,331.54116,1.01556161,commercial,True,synthetic
V09738,1469.214327,0.48908888,standard,True,synthetic
V09739,1044.393393,0.97603028,standard,True,synthetic
V09740,644.883968,0.47491112,standard,True,synthetic
V09741,1228.54203,1.14611029,standard,True,synthetic
V09742,905.028476,0.86526318,commercial,True,synthetic
V09743,368.797507,1.04274425,commercial,True,synthetic
V09744,563.666886,1.59225556,commercial,True,synthetic
V09745,687.841133,1.17082041,preferred,False,synthetic
V09746,1778.975287,1.33352199,standard,True,synthetic
V09747,395.314484,0.95877437,standard,True,synthetic
V09748,561.268027,0.7572083,commercial,False,synthetic
V09749,1190.708914,1.02071864,standard,True,synthetic
V09750,911.800946,1.19125543,standard,False,synthetic
V09751,250.0,0.96407536,preferred,True,synthetic
V09752,875.627672,1.05327827,standard,False,synthetic
V09753,1317.422066,1.19996546,standard,True,synthetic
V09754,1437.648349,0.69867732,standard,True,synthetic
V09755,722.669931,1.23823724,standard,True,synthetic
V09756,1010.715487,0.8865172,standard,True,synthetic
V09757,864.076083,1.08691429,standard,True,synthetic
V09758,446.714724,0.88519523,standard,True,synthetic
V09759,383.369156,1.18730044,preferred,False,synthetic
V09760,518.52806,0.54613191,standard,False,synthetic
V09761,1718.64169,0.87134067,commercial,True,synthetic
V09762,374.12738,0.92094811,commercial,True,synthetic
V09763,689.940183,0.80426186,standard,True,synthetic
V09764,294.246046,0.54839691,standard,True,synthetic
V09765,1186.957818,0.88050087,preferred,True,synthetic
V09766,706.345958,1.18589631,standard,True,synthetic
V09767,1283.264183,0.67929839,preferred,True,synthetic
V09768,581.292845,1.00943345,preferred,True,synthetic
V09769,794.427934,1.08109513,standard,False,synthetic
V09770,563.355697,1.45177694,standard,True,synthetic
V09771,724.304008,0.86914682,standard,True,synthetic
V09772,929.015663,0.86345771,preferred,False,synthetic
V09773,833.18386,0.78776801,commercial,True,synthetic
V09774,253.260148,1.08847005,preferred,True,synthetic
V09775,641.667877,0.67147056,standard,False,synthetic
V09776,1901.597256,0.72282037,standard,True,synthetic
V09777,313.297335,0.6857692,standard,True,synthetic
V09778,764.964632,0.92833745,preferred,True,synthetic
V09779,455.423989,1.26430137,standard,False,synthetic
V09780,2300.157002,0.95714995,preferred,True,synthetic
V09781,1473.369765,0.97611467,standard,True,synthetic
V09782,461.904263,0.83789566,standard,True,synthetic
V09783,448.664637,2.12325611,standard,True,synthetic
V09784,1122.40559,0.77710355,standard,True,synthetic
V09785,471.512004,0.94750639,commercial,True,synthetic
V09786,1189.929606,0.62681356,standard,False,synthetic
V09787,658.545001,1.83612176,preferred,False,synthetic
V09788,706.134549,0.59996995,preferred,False,synthetic
V09789,581.156618,1.54895086,standard,True,synthetic
V09790,395.190972,2.06244818,standard,True,synthetic
V09791,250.0,1.24430578,commercial,True,synthetic
V09792,705.36161,1.04445123,standard,True,synthetic
V09793,417.391364,0.86634949,preferred,True,synthetic
V09794,255.811276,0.4,commercial,True,synthetic
V09795,793.767484,0.87652299,commercial,False,synthetic
V09796,1066.333089,0.8772072,preferred,True,synthetic
V09797,592.954781,1.308513,standard,False,synthetic
V09798,250.0,1.09797888,preferred,True,synthetic
V09799,649.766083,0.68706447,standard,False,synthetic
V09800,313.682009,0.81485125,standard,False,synthetic
V09801,913.074036,0.41588487,preferred,False,synthetic
V09802,1155.756308,0.72238542,commercial,True,synthetic
V09803,1014.838821,0.63595426,preferred,True,synthetic
V09804,951.9517,0.89567373,standard,True,synthetic
V09805,1531.361148,1.24678699,standard,False,synthetic
V09806,1946.655705,0.54301356,standard,False,synthetic
V09807,343.595581,1.65194196,preferred,False,synthetic
V09808,767.503667,0.65713315,standard,True,synthetic
V09809,2217.172423,1.18208185,preferred,True,synthetic
V09810,1373.042913,0.72861106,standard,True,synthetic
V09811,519.464496,0.83008061,standard,True,synthetic
V09812,325.152524,1.34770446,preferred,False,synthetic
V09813,855.677626,0.84433684,preferred,True,synthetic
V09814,1633.464323,0.76096055,standard,True,synthetic
V09815,856.348592,1.05154912,standard,False,synthetic
V09816,401.781363,1.04700255,commercial,False,synthetic
V09817,1130.566585,1.38831726,standard,False,synthetic
V09818,1563.856485,1.55805438,standard,False,synthetic
V09819,859.399976,0.9108748,preferred,False,synthetic
V09820,250.0,1.07404262,standard,True,synthetic
V09821,2071.458027,0.55100882,standard,True,synthetic
V09822,1125.688849,0.77549593,standard,True,synthetic
V09823,268.396311,0.98655657,standard,False,synthetic
V09824,502.389788,1.77810116,preferred,True,synthetic
V09825,1922.346878,1.15799395,standard,True,synthetic
V09826,636.53836,1.11385125,commercial,True,synthetic
V09827,419.76225,1.62348839,commercial,False,synthetic
V09828,985.479186,1.37106804,standard,False,synthetic
V09829,488.377745,0.89064925,standard,True,synthetic
V09830,486.464759,1.20450204,standard,True,synthetic
V09831,250.0,1.22857478,standard,False,synthetic
V09832,985.014566,1.22090974,standard,True,synthetic
V09833,988.30486,0.90167395,standard,False,synthetic
V09834,527.83387,0.85916047,standard,True,synthetic
V09835,1095.955977,0.62958635,standard,False,synthetic
V09836,1590.625805,1.4522248,preferred,True,synthetic
V09837,768.450343,0.7654968,preferred,False,synthetic
V09838,1022.95967,0.91054233,standard,False,synthetic
V09839,566.39299,1.06751153,standard,True,synthetic
V09840,828.419358,1.13690647,standard,False,synthetic
V09841,878.070571,0.60765517,standard,True,synthetic
V09842,1655.43092,0.97919928,preferred,True,synthetic
V09843,593.202082,1.25381853,standard,True,synthetic
V09844,1174.076865,1.29268854,preferred,False,synthetic
V09845,398.089489,0.79929777,preferred,True,synthetic
V09846,1274.320369,0.67010597,preferred,True,synthetic
V09847,1084.261022,1.66257413,preferred,True,synthetic
V09848,539.966661,1.20193473,commercial,True,synthetic
V09849,1118.257591,1.40496291,standard,True,synthetic
V09850,1409.244283,1.11718868,preferred,True,synthetic
V09851,834.722266,0.71536803,standard,False,synthetic
V09852,638.087671,0.76229583,standard,True,synthetic
V09853,1080.339354,0.8270259,standard,False,synthetic
V09854,353.230812,0.6810034,standard,True,synthetic
V09855,766.885819,1.05861119,preferred,True,synthetic
V09856,304.465731,0.62245604,preferred,True,synthetic
V09857,250.0,1.68449864,standard,True,synthetic
V09858,1101.442412,1.09472647,preferred,True,synthetic
V09859,808.263443,0.59019031,commercial,True,synthetic
V09860,1166.345585,1.47863816,preferred,True,synthetic
V09861,2126.948142,1.13630904,standard,True,synthetic
V09862,1868.012957,0.98365882,commercial,True,synthetic
V09863,541.208271,1.19190271,standard,True,synthetic
V09864,1065.146993,0.92442982,commercial,False,synthetic
V09865,1280.239163,1.41437006,standard,True,synthetic
V09866,1952.905459,1.01386794,standard,True,synthetic
V09867,651.018166,0.98718757,standard,False,synthetic
V09868,997.899472,0.99217536,standard,True,synthetic
V09869,888.180369,1.10227588,standard,True,synthetic
V09870,333.361996,1.11378442,preferred,False,synthetic
V09871,725.768164,1.39107163,standard,True,synthetic
V09872,1784.313527,0.88689465,standard,True,synthetic
V09873,799.638372,0.96240668,standard,True,synthetic
V09874,837.214491,2.35703496,preferred,False,synthetic
V09875,376.010712,0.83981594,preferred,False,synthetic
V09876,774.041843,1.26197517,commercial,True,synthetic
V09877,347.402631,1.21715607,standard,True,synthetic
V09878,1294.361033,1.87470712,preferred,False,synthetic
V09879,970.250071,1.18417323,standard,True,synthetic
V09880,562.077231,0.82405435,standard,True,synthetic
V09881,1175.178084,1.20512373,standard,True,synthetic
V09882,337.819083,0.74839079,standard,True,synthetic
V09883,495.528587,0.90191431,standard,True,synthetic
V09884,379.714442,1.18768862,standard,True,synthetic
V09885,1241.584008,0.92959476,standard,True,synthetic
V09886,903.959984,1.29043873,standard,False,synthetic
V09887,356.792672,1.58739877,standard,True,synthetic
V09888,417.760155,0.67421743,standard,True,synthetic
V09889,542.579443,0.75605648,standard,True,synthetic
V09890,740.161191,0.62591646,standard,True,synthetic
V09891,2265.905889,1.21116002,standard,True,synthetic
V09892,497.865683,1.43800388,standard,False,synthetic
V09893,650.383932,1.03498442,standard,True,synthetic
V09894,713.101831,0.96950564,standard,True,synthetic
V09895,1026.854545,1.60432318,preferred,True,synthetic
V09896,432.648011,1.11319204,standard,True,synthetic
V09897,250.0,1.36449093,preferred,False,synthetic
V09898,2495.33735,0.70282246,preferred,True,synthetic
V09899,488.912059,0.51579647,standard,True,synthetic
V09900,250.0,1.37401875,preferred,True,synthetic
V09901,762.691944,1.15984085,standard,True,synthetic
V09902,301.964741,1.43611816,standard,True,synthetic
V09903,725.741412,0.91908947,preferred,True,synthetic
V09904,722.299272,0.55129556,standard,True,synthetic
V09905,481.827197,0.84640534,standard,True,synthetic
V09906,1914.795714,0.93702109,standard,True,synthetic
V09907,873.158717,0.6236268,preferred,True,synthetic
V09908,250.0,0.68901819,standard,True,synthetic
V09909,529.602909,0.55318918,preferred,True,synthetic
V09910,347.616704,1.5571314,standard,True,synthetic
V09911,471.168819,1.28877336,standard,True,synthetic
V09912,471.488466,1.24503212,preferred,True,synthetic
V09913,270.605288,1.03425356,standard,False,synthetic
V09914,558.750607,1.15862128,preferred,False,synthetic
V09915,416.973708,1.07784334,preferred,True,synthetic
V09916,591.032974,0.90991578,preferred,True,synthetic
V09917,727.168244,1.33609578,preferred,True,synthetic
V09918,646.197676,0.98444204,preferred,False,synthetic
V09919,1516.13857,0.87822627,standard,True,synthetic
V09920,773.174949,1.08354589,standard,True,synthetic
V09921,1265.412212,0.7259543,standard,True,synthetic
V09922,1270.238894,1.15288842,standard,False,synthetic
V09923,322.434141,0.88212606,standard,False,synthetic
V09924,898.071582,1.00632297,preferred,False,synthetic
V09925,665.349162,0.53841606,standard,False,synthetic
V09926,2927.407964,1.25394271,standard,True,synthetic
V09927,589.199364,1.23742211,standard,False,synthetic
V09928,1200.026354,0.85144404,standard,False,synthetic
V09929,717.247428,1.03413887,standard,True,synthetic
V09930,1022.869153,0.89221339,preferred,True,synthetic
V09931,2439.129086,1.27960912,standard,True,synthetic
V09932,674.357829,0.45238848,standard,True,synthetic
V09933,431.017455,0.93980421,standard,False,synthetic
V09934,313.870004,0.94403101,preferred,False,synthetic
V09935,993.584974,0.95233191,standard,True,synthetic
V09936,516.183272,1.49650064,standard,True,synthetic
V09937,366.943515,1.21593009,commercial,True,synthetic
V09938,582.375331,0.52389472,standard,True,synthetic
V09939,454.061479,1.24224666,preferred,True,synthetic
V09940,867.205458,1.01325391,preferred,True,synthetic
V09941,1055.757437,0.99293711,standard,False,synthetic
V09942,250.0,1.1719651,standard,False,synthetic
V09943,944.40507,0.91946092,standard,True,synthetic
V09944,250.0,1.4696874,standard,True,synthetic
V09945,777.197504,0.70396867,commercial,True,synthetic
V09946,1297.860478,1.08545065,standard,True,synthetic
V09947,349.135363,0.97191788,preferred,True,synthetic
V09948,730.152486,0.47892137,commercial,False,synthetic
V09949,508.553924,0.89430206,preferred,True,synthetic
V09950,1844.600335,1.64759162,standard,False,synthetic
V09951,679.329712,1.40149196,preferred,True,synthetic
V09952,1131.521569,0.7523734,standard,False,synthetic
V09953,433.903321,0.9561154,standard,True,synthetic
V09954,1086.174104,1.17795109,standard,True,synthetic
V09955,642.158296,0.8577228,standard,True,synthetic
V09956,808.910476,0.86218257,preferred,True,synthetic
V09957,418.041737,0.78544185,standard,True,synthetic
V09958,692.00408,0.82579634,preferred,True,synthetic
V09959,835.08164,1.34333757,standard,True,synthetic
V09960,394.228871,1.45106768,preferred,True,synthetic
V09961,547.427853,0.85798899,standard,True,synthetic
V09962,732.047347,1.57780507,standard,True,synthetic
V09963,879.005719,0.5389439,standard,False,synthetic
V09964,1399.317815,0.91275081,preferred,True,synthetic
V09965,703.467252,1.17992054,standard,True,synthetic
V09966,1022.449849,0.7693969,preferred,True,synthetic
V09967,250.0,1.2325713,standard,True,synthetic
V09968,874.890804,0.66238925,standard,True,synthetic
V09969,300.545259,1.5820529,preferred,True,synthetic
V09970,282.067459,1.368922,standard,True,synthetic
V09971,590.297736,1.12781601,standard,True,synthetic
V09972,1345.513371,1.42271341,standard,True,synthetic
V09973,925.136794,0.87198124,standard,True,synthetic
V09974,400.767066,1.33565424,standard,True,synthetic
V09975,341.772184,0.75652585,preferred,False,synthetic
V09976,1299.840993,2.1139484,commercial,True,synthetic
V09977,443.971276,1.22458198,standard,False,synthetic
V09978,1014.141142,1.60167581,standard,True,synthetic
V09979,515.606275,0.74276963,standard,True,synthetic
V09980,557.523267,1.45804409,commercial,True,synthetic
V09981,717.333881,1.22317497,preferred,True,synthetic
V09982,998.830805,1.02826445,standard,True,synthetic
V09983,1095.313733,0.97755728,standard,True,synthetic
V09984,250.0,1.18707922,standard,True,synthetic
V09985,536.137018,1.17112529,standard,True,synthetic
V09986,628.507835,0.79065074,commercial,False,synthetic
V09987,988.41792,1.09647652,standard,True,synthetic
V09988,294.096492,0.74576989,preferred,True,synthetic
V09989,1153.747775,0.52179951,standard,True,synthetic
V09990,361.720816,0.97865063,standard,True,synthetic
V09991,843.743599,0.81347583,preferred,False,synthetic
V09992,923.771159,0.85840197,standard,False,synthetic
V09993,250.0,0.562685,standard,True,synthetic
V09994,922.882719,0.65348928,commercial,False,synthetic
V09995,506.831148,1.15782249,standard,False,synthetic
V09996,774.941284,0.97005174,standard,True,synthetic
V09997,665.174206,3.2,commercial,True,synthetic
V09998,938.868852,2.61850452,commercial,True,synthetic
V09999,657.975387,1.06733003,preferred,False,synthetic
V10000,1370.055166,0.85000002,standard,True,synthetic
